ISO-10303-21;
HEADER;
/* Generated by software containing ST-Developer
 * from STEP Tools, Inc. (www.steptools.com) 
 */

FILE_DESCRIPTION(
/* description */ (''),
/* implementation_level */ '2;1');

FILE_NAME(
/* name */ 'FlowLip v13.step',
/* time_stamp */ '2025-05-05T22:34:25+09:00',
/* author */ (''),
/* organization */ (''),
/* preprocessor_version */ 'ST-DEVELOPER v20.1',
/* originating_system */ 'Autodesk Translation Framework v14.4.0.0',
/* authorisation */ '');

FILE_SCHEMA (('AUTOMOTIVE_DESIGN { 1 0 10303 214 3 1 1 }'));
ENDSEC;

DATA;
#10=MECHANICAL_DESIGN_GEOMETRIC_PRESENTATION_REPRESENTATION('',(#30,#31,
#32,#33,#34,#35,#36),#5668);
#11=ITEM_DEFINED_TRANSFORMATION($,$,#3209,#3516);
#12=(
REPRESENTATION_RELATIONSHIP($,$,#5679,#5678)
REPRESENTATION_RELATIONSHIP_WITH_TRANSFORMATION(#11)
SHAPE_REPRESENTATION_RELATIONSHIP()
);
#13=CONTEXT_DEPENDENT_SHAPE_REPRESENTATION(#12,#5677);
#14=NEXT_ASSEMBLY_USAGE_OCCURRENCE('Valve_Index_Facial_Tracker v10:1',
'Valve_Index_Facial_Tracker v10:1','Valve_Index_Facial_Tracker v10:1',#5681,
#5682,'Valve_Index_Facial_Tracker v10:1');
#15=CONICAL_SURFACE('',#3458,2.45,0.110657221173896);
#16=CONICAL_SURFACE('',#3471,3.6,0.785398163397448);
#17=CONICAL_SURFACE('',#3473,3.6,0.785398163397449);
#18=CONICAL_SURFACE('',#3477,3.6,0.785398163397449);
#19=CONICAL_SURFACE('',#3481,3.6,0.785398163397447);
#20=CONICAL_SURFACE('',#3488,3.6,0.785398163397449);
#21=CONICAL_SURFACE('',#3492,3.6,0.785398163397449);
#22=CONICAL_SURFACE('',#3495,3.6,0.785398163397448);
#23=CONICAL_SURFACE('',#3498,3.6,0.785398163397447);
#24=B_SPLINE_SURFACE_WITH_KNOTS('',3,3,((#5085,#5086,#5087,#5088,#5089,
#5090,#5091,#5092,#5093,#5094,#5095,#5096),(#5097,#5098,#5099,#5100,#5101,
#5102,#5103,#5104,#5105,#5106,#5107,#5108),(#5109,#5110,#5111,#5112,#5113,
#5114,#5115,#5116,#5117,#5118,#5119,#5120),(#5121,#5122,#5123,#5124,#5125,
#5126,#5127,#5128,#5129,#5130,#5131,#5132)),.UNSPECIFIED.,.F.,.F.,.F.,(4,
4),(4,1,1,1,1,1,1,1,1,4),(0.,1.),(-0.958046268586338,-0.930672291413314,
-0.90329831424029,-0.848550359894243,-0.793802405548195,-0.739054451202148,
-0.684306496856101,-0.629558542510053,-0.60218456533703,-0.574810588164006),
 .UNSPECIFIED.);
#25=B_SPLINE_SURFACE_WITH_KNOTS('',3,3,((#5466,#5467,#5468,#5469,#5470,
#5471,#5472,#5473,#5474,#5475,#5476,#5477),(#5478,#5479,#5480,#5481,#5482,
#5483,#5484,#5485,#5486,#5487,#5488,#5489),(#5490,#5491,#5492,#5493,#5494,
#5495,#5496,#5497,#5498,#5499,#5500,#5501),(#5502,#5503,#5504,#5505,#5506,
#5507,#5508,#5509,#5510,#5511,#5512,#5513),(#5514,#5515,#5516,#5517,#5518,
#5519,#5520,#5521,#5522,#5523,#5524,#5525)),.UNSPECIFIED.,.F.,.F.,.F.,(4,
1,4),(4,1,1,1,1,1,1,1,1,4),(0.,0.571428571428571,1.),(0.,0.164718644417561,
0.329437288835121,0.411796611043901,0.452976272148291,0.494155933252682,
0.658874577670242,0.823593222087803,0.988311866505363,1.15303051092292),
 .UNSPECIFIED.);
#26=SHAPE_REPRESENTATION_RELATIONSHIP('SRR','None',#5679,#28);
#27=SHAPE_REPRESENTATION_RELATIONSHIP('SRR','None',#5678,#29);
#28=ADVANCED_BREP_SHAPE_REPRESENTATION('',(#37,#38),#5667);
#29=ADVANCED_BREP_SHAPE_REPRESENTATION('',(#39,#40,#41,#42,#43),#5666);
#30=STYLED_ITEM('',(#5693),#37);
#31=STYLED_ITEM('',(#5700),#38);
#32=STYLED_ITEM('',(#5693),#39);
#33=STYLED_ITEM('',(#5694),#40);
#34=STYLED_ITEM('',(#5695),#41);
#35=STYLED_ITEM('',(#5695),#42);
#36=STYLED_ITEM('',(#5693),#43);
#37=MANIFOLD_SOLID_BREP('main',#3189);
#38=MANIFOLD_SOLID_BREP('tape',#3190);
#39=MANIFOLD_SOLID_BREP('pcb',#3191);
#40=MANIFOLD_SOLID_BREP('lens',#3192);
#41=MANIFOLD_SOLID_BREP('connector',#3193);
#42=MANIFOLD_SOLID_BREP('cable2',#3194);
#43=MANIFOLD_SOLID_BREP('enclosure',#3195);
#44=FACE_BOUND('',#405,.T.);
#45=FACE_BOUND('',#407,.T.);
#46=FACE_BOUND('',#414,.T.);
#47=FACE_BOUND('',#417,.T.);
#48=FACE_BOUND('',#419,.T.);
#49=FACE_BOUND('',#422,.T.);
#50=FACE_BOUND('',#424,.T.);
#51=FACE_BOUND('',#427,.T.);
#52=FACE_BOUND('',#458,.T.);
#53=FACE_BOUND('',#480,.T.);
#54=FACE_BOUND('',#484,.T.);
#55=FACE_BOUND('',#493,.T.);
#56=FACE_BOUND('',#513,.T.);
#57=FACE_BOUND('',#515,.T.);
#58=FACE_BOUND('',#528,.T.);
#59=FACE_BOUND('',#552,.T.);
#60=(
BOUNDED_SURFACE()
B_SPLINE_SURFACE(2,2,((#4610,#4611,#4612),(#4613,#4614,#4615),(#4616,#4617,
#4618)),.UNSPECIFIED.,.F.,.F.,.F.)
B_SPLINE_SURFACE_WITH_KNOTS((3,3),(3,3),(-1.57079632679492,1.110223024625E-16),
(-4.4408920985006E-16,1.5707963267949),.UNSPECIFIED.)
GEOMETRIC_REPRESENTATION_ITEM()
RATIONAL_B_SPLINE_SURFACE(((1.,0.707106781186547,1.),(0.707106781186537,
0.499999999999993,0.707106781186537),(1.,0.707106781186547,1.)))
REPRESENTATION_ITEM('')
SURFACE()
);
#61=(
BOUNDED_SURFACE()
B_SPLINE_SURFACE(2,2,((#4633,#4634,#4635),(#4636,#4637,#4638),(#4639,#4640,
#4641)),.UNSPECIFIED.,.F.,.F.,.F.)
B_SPLINE_SURFACE_WITH_KNOTS((3,3),(3,3),(-1.57079632679492,1.11022302462501E-16),
(-1.5707963267949,6.66133814775059E-16),.UNSPECIFIED.)
GEOMETRIC_REPRESENTATION_ITEM()
RATIONAL_B_SPLINE_SURFACE(((1.,0.707106781186546,1.),(0.707106781186537,
0.499999999999991,0.707106781186537),(1.,0.707106781186546,1.)))
REPRESENTATION_ITEM('')
SURFACE()
);
#62=(
BOUNDED_SURFACE()
B_SPLINE_SURFACE(2,2,((#4653,#4654,#4655),(#4656,#4657,#4658),(#4659,#4660,
#4661)),.UNSPECIFIED.,.F.,.F.,.F.)
B_SPLINE_SURFACE_WITH_KNOTS((3,3),(3,3),(-1.5707963267949,7.29254711609482E-17),
(-3.14159265358979,-1.5707963267949),.UNSPECIFIED.)
GEOMETRIC_REPRESENTATION_ITEM()
RATIONAL_B_SPLINE_SURFACE(((1.,0.707106781186548,1.),(0.70710678118655,
0.500000000000003,0.70710678118655),(1.,0.707106781186548,1.)))
REPRESENTATION_ITEM('')
SURFACE()
);
#63=(
BOUNDED_SURFACE()
B_SPLINE_SURFACE(2,2,((#4673,#4674,#4675),(#4676,#4677,#4678),(#4679,#4680,
#4681)),.UNSPECIFIED.,.F.,.F.,.F.)
B_SPLINE_SURFACE_WITH_KNOTS((3,3),(3,3),(-1.57079632679492,1.110223024625E-16),
(1.57079632679489,3.14159265358979),.UNSPECIFIED.)
GEOMETRIC_REPRESENTATION_ITEM()
RATIONAL_B_SPLINE_SURFACE(((1.,0.707106781186547,1.),(0.707106781186542,
0.499999999999995,0.707106781186542),(1.,0.707106781186547,1.)))
REPRESENTATION_ITEM('')
SURFACE()
);
#64=TOROIDAL_SURFACE('',#3236,4.60000000000003,0.999999999999968);
#65=TOROIDAL_SURFACE('',#3282,4.59999999999999,1.);
#66=TOROIDAL_SURFACE('',#3453,2.02099144137472,0.2);
#67=TOROIDAL_SURFACE('',#3464,3.42837612645971,1.);
#68=ELLIPSE('',#3228,1.19236329283591,0.999999999999967);
#69=ELLIPSE('',#3231,1.19236329283591,0.999999999999967);
#70=ELLIPSE('',#3235,1.19236329283591,0.999999999999968);
#71=ELLIPSE('',#3241,1.19236329283591,0.999999999999967);
#72=B_SPLINE_CURVE_WITH_KNOTS('',3,(#4498,#4499,#4500,#4501,#4502,#4503),
 .UNSPECIFIED.,.F.,.F.,(4,2,4),(0.,0.171320597583308,0.342641195166616),
 .UNSPECIFIED.);
#73=B_SPLINE_CURVE_WITH_KNOTS('',3,(#4534,#4535,#4536,#4537,#4538,#4539,
#4540,#4541,#4542,#4543,#4544,#4545),.UNSPECIFIED.,.F.,.F.,(4,2,2,2,2,4),
(0.712043215216047,0.75766154044478,0.803279865673513,0.826040577943302,
0.848801290213091,0.851313651902679),.UNSPECIFIED.);
#74=B_SPLINE_CURVE_WITH_KNOTS('',3,(#4549,#4550,#4551,#4552,#4553,#4554),
 .UNSPECIFIED.,.F.,.F.,(4,2,4),(0.725504052993566,0.896824650576865,1.06814524816016),
 .UNSPECIFIED.);
#75=B_SPLINE_CURVE_WITH_KNOTS('',3,(#4596,#4597,#4598,#4599,#4600,#4601,
#4602,#4603,#4604,#4605,#4606,#4607),.UNSPECIFIED.,.F.,.F.,(4,2,2,2,2,4),
(0.0980773017187585,0.100589663408297,0.123350375678086,0.146111087947874,
0.191729413176605,0.237347738405335),.UNSPECIFIED.);
#76=B_SPLINE_CURVE_WITH_KNOTS('',3,(#5135,#5136,#5137,#5138,#5139,#5140,
#5141,#5142,#5143,#5144,#5145,#5146,#5147,#5148,#5149,#5150,#5151,#5152,
#5153,#5154),.UNSPECIFIED.,.F.,.F.,(4,2,2,2,2,2,2,2,2,4),(0.,0.0565398246268905,
0.0902304833271408,0.105337971603008,0.114009272481747,0.117955513142436,
0.119656114726845,0.120645183563617,0.120835279038398,0.120918371480953),
 .UNSPECIFIED.);
#77=B_SPLINE_CURVE_WITH_KNOTS('',3,(#5156,#5157,#5158,#5159,#5160,#5161,
#5162,#5163),.UNSPECIFIED.,.F.,.F.,(4,1,1,1,1,4),(0.673776050809503,0.684306496856101,
0.739054451202148,0.793802405548195,0.848550359894243,0.859152634148011),
 .UNSPECIFIED.);
#78=B_SPLINE_CURVE_WITH_KNOTS('',3,(#5165,#5166,#5167,#5168,#5169,#5170,
#5171,#5172,#5173,#5174,#5175,#5176,#5177,#5178,#5179,#5180,#5181,#5182,
#5183,#5184),.UNSPECIFIED.,.F.,.F.,(4,2,2,2,2,2,2,2,2,4),(-1.96878267226247E-5,
0.,5.50900336618403E-5,0.000337624695918641,0.000823893509081262,0.00195120823720733,
0.00442834438350689,0.00874722026923097,0.0183754105739689,0.0345356940368821),
 .UNSPECIFIED.);
#79=B_SPLINE_CURVE_WITH_KNOTS('',3,(#5391,#5392,#5393,#5394,#5395,#5396,
#5397,#5398,#5399),.UNSPECIFIED.,.F.,.F.,(4,1,1,1,1,1,4),(0.,0.164718644417561,
0.329437288835121,0.411796611043901,0.452976272148291,0.494155933252682,
0.576502148262624),.UNSPECIFIED.);
#80=B_SPLINE_CURVE_WITH_KNOTS('',3,(#5402,#5403,#5404,#5405,#5406,#5407,
#5408,#5409,#5410,#5411,#5412,#5413,#5414,#5415,#5416,#5417,#5418,#5419,
#5420,#5421,#5422,#5423,#5424,#5425,#5426,#5427,#5428,#5429,#5430,#5431,
#5432,#5433,#5434,#5435,#5436,#5437,#5438,#5439,#5440,#5441,#5442,#5443,
#5444,#5445,#5446,#5447,#5448,#5449,#5450,#5451,#5452,#5453,#5454,#5455,
#5456,#5457,#5458,#5459,#5460,#5461,#5462),.UNSPECIFIED.,.F.,.F.,(4,3,3,
3,3,3,3,3,3,3,3,3,3,3,3,3,3,3,3,3,4),(0.576513966766957,0.59714135533343,
0.618244473376728,0.639969689224669,0.643081050350468,0.658967731451943,
0.688971288152324,0.721683843276066,0.755278773693887,0.770971113911745,
0.818154212323474,0.823834070582995,0.865540071529675,0.903766552223644,
0.923423626349359,0.969488455476082,0.988298182394109,1.03212590232666,
1.05943356537966,1.10773551830988,1.15303051092292),.UNSPECIFIED.);
#81=B_SPLINE_CURVE_WITH_KNOTS('',3,(#5529,#5530,#5531,#5532,#5533,#5534,
#5535,#5536,#5537,#5538,#5539,#5540),.UNSPECIFIED.,.F.,.F.,(4,1,1,1,1,1,
1,1,1,4),(-1.15303051092292,-0.988311866505363,-0.823593222087803,-0.658874577670242,
-0.494155933252682,-0.452976272148291,-0.411796611043901,-0.329437288835121,
-0.164718644417561,0.),.UNSPECIFIED.);
#82=PLANE('',#3213);
#83=PLANE('',#3217);
#84=PLANE('',#3221);
#85=PLANE('',#3225);
#86=PLANE('',#3226);
#87=PLANE('',#3229);
#88=PLANE('',#3232);
#89=PLANE('',#3265);
#90=PLANE('',#3268);
#91=PLANE('',#3271);
#92=PLANE('',#3275);
#93=PLANE('',#3276);
#94=PLANE('',#3278);
#95=PLANE('',#3279);
#96=PLANE('',#3281);
#97=PLANE('',#3298);
#98=PLANE('',#3302);
#99=PLANE('',#3303);
#100=PLANE('',#3304);
#101=PLANE('',#3305);
#102=PLANE('',#3306);
#103=PLANE('',#3307);
#104=PLANE('',#3308);
#105=PLANE('',#3309);
#106=PLANE('',#3310);
#107=PLANE('',#3311);
#108=PLANE('',#3312);
#109=PLANE('',#3313);
#110=PLANE('',#3314);
#111=PLANE('',#3318);
#112=PLANE('',#3322);
#113=PLANE('',#3326);
#114=PLANE('',#3330);
#115=PLANE('',#3331);
#116=PLANE('',#3332);
#117=PLANE('',#3336);
#118=PLANE('',#3337);
#119=PLANE('',#3343);
#120=PLANE('',#3348);
#121=PLANE('',#3349);
#122=PLANE('',#3350);
#123=PLANE('',#3354);
#124=PLANE('',#3361);
#125=PLANE('',#3362);
#126=PLANE('',#3363);
#127=PLANE('',#3364);
#128=PLANE('',#3365);
#129=PLANE('',#3366);
#130=PLANE('',#3367);
#131=PLANE('',#3368);
#132=PLANE('',#3369);
#133=PLANE('',#3370);
#134=PLANE('',#3371);
#135=PLANE('',#3372);
#136=PLANE('',#3373);
#137=PLANE('',#3374);
#138=PLANE('',#3375);
#139=PLANE('',#3376);
#140=PLANE('',#3380);
#141=PLANE('',#3381);
#142=PLANE('',#3388);
#143=PLANE('',#3398);
#144=PLANE('',#3411);
#145=PLANE('',#3412);
#146=PLANE('',#3413);
#147=PLANE('',#3418);
#148=PLANE('',#3419);
#149=PLANE('',#3420);
#150=PLANE('',#3423);
#151=PLANE('',#3424);
#152=PLANE('',#3425);
#153=PLANE('',#3426);
#154=PLANE('',#3427);
#155=PLANE('',#3428);
#156=PLANE('',#3429);
#157=PLANE('',#3432);
#158=PLANE('',#3433);
#159=PLANE('',#3434);
#160=PLANE('',#3435);
#161=PLANE('',#3438);
#162=PLANE('',#3439);
#163=PLANE('',#3440);
#164=PLANE('',#3442);
#165=PLANE('',#3446);
#166=PLANE('',#3447);
#167=PLANE('',#3448);
#168=PLANE('',#3449);
#169=PLANE('',#3450);
#170=PLANE('',#3451);
#171=PLANE('',#3452);
#172=PLANE('',#3460);
#173=PLANE('',#3469);
#174=PLANE('',#3476);
#175=PLANE('',#3480);
#176=PLANE('',#3484);
#177=PLANE('',#3485);
#178=PLANE('',#3491);
#179=PLANE('',#3497);
#180=PLANE('',#3500);
#181=PLANE('',#3502);
#182=PLANE('',#3506);
#183=PLANE('',#3508);
#184=PLANE('',#3509);
#185=PLANE('',#3510);
#186=PLANE('',#3511);
#187=PLANE('',#3513);
#188=PLANE('',#3514);
#189=PLANE('',#3515);
#190=FACE_OUTER_BOUND('',#369,.T.);
#191=FACE_OUTER_BOUND('',#370,.T.);
#192=FACE_OUTER_BOUND('',#371,.T.);
#193=FACE_OUTER_BOUND('',#372,.T.);
#194=FACE_OUTER_BOUND('',#373,.T.);
#195=FACE_OUTER_BOUND('',#374,.T.);
#196=FACE_OUTER_BOUND('',#375,.T.);
#197=FACE_OUTER_BOUND('',#376,.T.);
#198=FACE_OUTER_BOUND('',#377,.T.);
#199=FACE_OUTER_BOUND('',#378,.T.);
#200=FACE_OUTER_BOUND('',#379,.T.);
#201=FACE_OUTER_BOUND('',#380,.T.);
#202=FACE_OUTER_BOUND('',#381,.T.);
#203=FACE_OUTER_BOUND('',#382,.T.);
#204=FACE_OUTER_BOUND('',#383,.T.);
#205=FACE_OUTER_BOUND('',#384,.T.);
#206=FACE_OUTER_BOUND('',#385,.T.);
#207=FACE_OUTER_BOUND('',#386,.T.);
#208=FACE_OUTER_BOUND('',#387,.T.);
#209=FACE_OUTER_BOUND('',#388,.T.);
#210=FACE_OUTER_BOUND('',#389,.T.);
#211=FACE_OUTER_BOUND('',#390,.T.);
#212=FACE_OUTER_BOUND('',#391,.T.);
#213=FACE_OUTER_BOUND('',#392,.T.);
#214=FACE_OUTER_BOUND('',#393,.T.);
#215=FACE_OUTER_BOUND('',#394,.T.);
#216=FACE_OUTER_BOUND('',#395,.T.);
#217=FACE_OUTER_BOUND('',#396,.T.);
#218=FACE_OUTER_BOUND('',#397,.T.);
#219=FACE_OUTER_BOUND('',#398,.T.);
#220=FACE_OUTER_BOUND('',#399,.T.);
#221=FACE_OUTER_BOUND('',#400,.T.);
#222=FACE_OUTER_BOUND('',#401,.T.);
#223=FACE_OUTER_BOUND('',#402,.T.);
#224=FACE_OUTER_BOUND('',#403,.T.);
#225=FACE_OUTER_BOUND('',#404,.T.);
#226=FACE_OUTER_BOUND('',#406,.T.);
#227=FACE_OUTER_BOUND('',#408,.T.);
#228=FACE_OUTER_BOUND('',#409,.T.);
#229=FACE_OUTER_BOUND('',#410,.T.);
#230=FACE_OUTER_BOUND('',#411,.T.);
#231=FACE_OUTER_BOUND('',#412,.T.);
#232=FACE_OUTER_BOUND('',#413,.T.);
#233=FACE_OUTER_BOUND('',#415,.T.);
#234=FACE_OUTER_BOUND('',#416,.T.);
#235=FACE_OUTER_BOUND('',#418,.T.);
#236=FACE_OUTER_BOUND('',#420,.T.);
#237=FACE_OUTER_BOUND('',#421,.T.);
#238=FACE_OUTER_BOUND('',#423,.T.);
#239=FACE_OUTER_BOUND('',#425,.T.);
#240=FACE_OUTER_BOUND('',#426,.T.);
#241=FACE_OUTER_BOUND('',#428,.T.);
#242=FACE_OUTER_BOUND('',#429,.T.);
#243=FACE_OUTER_BOUND('',#430,.T.);
#244=FACE_OUTER_BOUND('',#431,.T.);
#245=FACE_OUTER_BOUND('',#432,.T.);
#246=FACE_OUTER_BOUND('',#433,.T.);
#247=FACE_OUTER_BOUND('',#434,.T.);
#248=FACE_OUTER_BOUND('',#435,.T.);
#249=FACE_OUTER_BOUND('',#436,.T.);
#250=FACE_OUTER_BOUND('',#437,.T.);
#251=FACE_OUTER_BOUND('',#438,.T.);
#252=FACE_OUTER_BOUND('',#439,.T.);
#253=FACE_OUTER_BOUND('',#440,.T.);
#254=FACE_OUTER_BOUND('',#441,.T.);
#255=FACE_OUTER_BOUND('',#442,.T.);
#256=FACE_OUTER_BOUND('',#443,.T.);
#257=FACE_OUTER_BOUND('',#444,.T.);
#258=FACE_OUTER_BOUND('',#445,.T.);
#259=FACE_OUTER_BOUND('',#446,.T.);
#260=FACE_OUTER_BOUND('',#447,.T.);
#261=FACE_OUTER_BOUND('',#448,.T.);
#262=FACE_OUTER_BOUND('',#449,.T.);
#263=FACE_OUTER_BOUND('',#450,.T.);
#264=FACE_OUTER_BOUND('',#451,.T.);
#265=FACE_OUTER_BOUND('',#452,.T.);
#266=FACE_OUTER_BOUND('',#453,.T.);
#267=FACE_OUTER_BOUND('',#454,.T.);
#268=FACE_OUTER_BOUND('',#455,.T.);
#269=FACE_OUTER_BOUND('',#456,.T.);
#270=FACE_OUTER_BOUND('',#457,.T.);
#271=FACE_OUTER_BOUND('',#459,.T.);
#272=FACE_OUTER_BOUND('',#460,.T.);
#273=FACE_OUTER_BOUND('',#461,.T.);
#274=FACE_OUTER_BOUND('',#462,.T.);
#275=FACE_OUTER_BOUND('',#463,.T.);
#276=FACE_OUTER_BOUND('',#464,.T.);
#277=FACE_OUTER_BOUND('',#465,.T.);
#278=FACE_OUTER_BOUND('',#466,.T.);
#279=FACE_OUTER_BOUND('',#467,.T.);
#280=FACE_OUTER_BOUND('',#468,.T.);
#281=FACE_OUTER_BOUND('',#469,.T.);
#282=FACE_OUTER_BOUND('',#470,.T.);
#283=FACE_OUTER_BOUND('',#471,.T.);
#284=FACE_OUTER_BOUND('',#472,.T.);
#285=FACE_OUTER_BOUND('',#473,.T.);
#286=FACE_OUTER_BOUND('',#474,.T.);
#287=FACE_OUTER_BOUND('',#475,.T.);
#288=FACE_OUTER_BOUND('',#476,.T.);
#289=FACE_OUTER_BOUND('',#477,.T.);
#290=FACE_OUTER_BOUND('',#478,.T.);
#291=FACE_OUTER_BOUND('',#479,.T.);
#292=FACE_OUTER_BOUND('',#481,.T.);
#293=FACE_OUTER_BOUND('',#482,.T.);
#294=FACE_OUTER_BOUND('',#483,.T.);
#295=FACE_OUTER_BOUND('',#485,.T.);
#296=FACE_OUTER_BOUND('',#486,.T.);
#297=FACE_OUTER_BOUND('',#487,.T.);
#298=FACE_OUTER_BOUND('',#488,.T.);
#299=FACE_OUTER_BOUND('',#489,.T.);
#300=FACE_OUTER_BOUND('',#490,.T.);
#301=FACE_OUTER_BOUND('',#491,.T.);
#302=FACE_OUTER_BOUND('',#492,.T.);
#303=FACE_OUTER_BOUND('',#494,.T.);
#304=FACE_OUTER_BOUND('',#495,.T.);
#305=FACE_OUTER_BOUND('',#496,.T.);
#306=FACE_OUTER_BOUND('',#497,.T.);
#307=FACE_OUTER_BOUND('',#498,.T.);
#308=FACE_OUTER_BOUND('',#499,.T.);
#309=FACE_OUTER_BOUND('',#500,.T.);
#310=FACE_OUTER_BOUND('',#501,.T.);
#311=FACE_OUTER_BOUND('',#502,.T.);
#312=FACE_OUTER_BOUND('',#503,.T.);
#313=FACE_OUTER_BOUND('',#504,.T.);
#314=FACE_OUTER_BOUND('',#505,.T.);
#315=FACE_OUTER_BOUND('',#506,.T.);
#316=FACE_OUTER_BOUND('',#507,.T.);
#317=FACE_OUTER_BOUND('',#508,.T.);
#318=FACE_OUTER_BOUND('',#509,.T.);
#319=FACE_OUTER_BOUND('',#510,.T.);
#320=FACE_OUTER_BOUND('',#511,.T.);
#321=FACE_OUTER_BOUND('',#512,.T.);
#322=FACE_OUTER_BOUND('',#514,.T.);
#323=FACE_OUTER_BOUND('',#516,.T.);
#324=FACE_OUTER_BOUND('',#517,.T.);
#325=FACE_OUTER_BOUND('',#518,.T.);
#326=FACE_OUTER_BOUND('',#519,.T.);
#327=FACE_OUTER_BOUND('',#520,.T.);
#328=FACE_OUTER_BOUND('',#521,.T.);
#329=FACE_OUTER_BOUND('',#522,.T.);
#330=FACE_OUTER_BOUND('',#523,.T.);
#331=FACE_OUTER_BOUND('',#524,.T.);
#332=FACE_OUTER_BOUND('',#525,.T.);
#333=FACE_OUTER_BOUND('',#526,.T.);
#334=FACE_OUTER_BOUND('',#527,.T.);
#335=FACE_OUTER_BOUND('',#529,.T.);
#336=FACE_OUTER_BOUND('',#530,.T.);
#337=FACE_OUTER_BOUND('',#531,.T.);
#338=FACE_OUTER_BOUND('',#532,.T.);
#339=FACE_OUTER_BOUND('',#533,.T.);
#340=FACE_OUTER_BOUND('',#534,.T.);
#341=FACE_OUTER_BOUND('',#535,.T.);
#342=FACE_OUTER_BOUND('',#536,.T.);
#343=FACE_OUTER_BOUND('',#537,.T.);
#344=FACE_OUTER_BOUND('',#538,.T.);
#345=FACE_OUTER_BOUND('',#539,.T.);
#346=FACE_OUTER_BOUND('',#540,.T.);
#347=FACE_OUTER_BOUND('',#541,.T.);
#348=FACE_OUTER_BOUND('',#542,.T.);
#349=FACE_OUTER_BOUND('',#543,.T.);
#350=FACE_OUTER_BOUND('',#544,.T.);
#351=FACE_OUTER_BOUND('',#545,.T.);
#352=FACE_OUTER_BOUND('',#546,.T.);
#353=FACE_OUTER_BOUND('',#547,.T.);
#354=FACE_OUTER_BOUND('',#548,.T.);
#355=FACE_OUTER_BOUND('',#549,.T.);
#356=FACE_OUTER_BOUND('',#550,.T.);
#357=FACE_OUTER_BOUND('',#551,.T.);
#358=FACE_OUTER_BOUND('',#553,.T.);
#359=FACE_OUTER_BOUND('',#554,.T.);
#360=FACE_OUTER_BOUND('',#555,.T.);
#361=FACE_OUTER_BOUND('',#556,.T.);
#362=FACE_OUTER_BOUND('',#557,.T.);
#363=FACE_OUTER_BOUND('',#558,.T.);
#364=FACE_OUTER_BOUND('',#559,.T.);
#365=FACE_OUTER_BOUND('',#560,.T.);
#366=FACE_OUTER_BOUND('',#561,.T.);
#367=FACE_OUTER_BOUND('',#562,.T.);
#368=FACE_OUTER_BOUND('',#563,.T.);
#369=EDGE_LOOP('',(#2054,#2055,#2056,#2057));
#370=EDGE_LOOP('',(#2058,#2059,#2060,#2061));
#371=EDGE_LOOP('',(#2062,#2063,#2064,#2065));
#372=EDGE_LOOP('',(#2066,#2067,#2068,#2069));
#373=EDGE_LOOP('',(#2070,#2071,#2072,#2073));
#374=EDGE_LOOP('',(#2074,#2075,#2076,#2077));
#375=EDGE_LOOP('',(#2078,#2079,#2080,#2081));
#376=EDGE_LOOP('',(#2082,#2083,#2084,#2085));
#377=EDGE_LOOP('',(#2086,#2087,#2088,#2089,#2090,#2091,#2092,#2093));
#378=EDGE_LOOP('',(#2094,#2095,#2096,#2097));
#379=EDGE_LOOP('',(#2098,#2099,#2100,#2101,#2102,#2103,#2104,#2105,#2106,
#2107,#2108,#2109));
#380=EDGE_LOOP('',(#2110,#2111,#2112,#2113,#2114));
#381=EDGE_LOOP('',(#2115,#2116,#2117,#2118,#2119,#2120,#2121,#2122,#2123,
#2124,#2125,#2126));
#382=EDGE_LOOP('',(#2127,#2128,#2129,#2130));
#383=EDGE_LOOP('',(#2131,#2132,#2133,#2134));
#384=EDGE_LOOP('',(#2135,#2136,#2137,#2138,#2139));
#385=EDGE_LOOP('',(#2140,#2141,#2142,#2143));
#386=EDGE_LOOP('',(#2144,#2145,#2146,#2147));
#387=EDGE_LOOP('',(#2148,#2149,#2150,#2151));
#388=EDGE_LOOP('',(#2152,#2153,#2154,#2155));
#389=EDGE_LOOP('',(#2156,#2157,#2158,#2159));
#390=EDGE_LOOP('',(#2160,#2161,#2162,#2163));
#391=EDGE_LOOP('',(#2164,#2165,#2166,#2167));
#392=EDGE_LOOP('',(#2168,#2169,#2170,#2171));
#393=EDGE_LOOP('',(#2172,#2173,#2174,#2175));
#394=EDGE_LOOP('',(#2176,#2177,#2178,#2179));
#395=EDGE_LOOP('',(#2180,#2181,#2182,#2183));
#396=EDGE_LOOP('',(#2184,#2185,#2186,#2187));
#397=EDGE_LOOP('',(#2188,#2189,#2190,#2191));
#398=EDGE_LOOP('',(#2192,#2193,#2194,#2195));
#399=EDGE_LOOP('',(#2196,#2197,#2198,#2199));
#400=EDGE_LOOP('',(#2200,#2201,#2202,#2203,#2204,#2205,#2206,#2207));
#401=EDGE_LOOP('',(#2208,#2209,#2210,#2211));
#402=EDGE_LOOP('',(#2212,#2213,#2214,#2215));
#403=EDGE_LOOP('',(#2216,#2217,#2218,#2219,#2220,#2221,#2222,#2223,#2224,
#2225,#2226,#2227,#2228,#2229,#2230,#2231));
#404=EDGE_LOOP('',(#2232,#2233,#2234,#2235));
#405=EDGE_LOOP('',(#2236));
#406=EDGE_LOOP('',(#2237,#2238,#2239,#2240,#2241,#2242,#2243,#2244));
#407=EDGE_LOOP('',(#2245,#2246,#2247,#2248,#2249,#2250,#2251,#2252));
#408=EDGE_LOOP('',(#2253,#2254,#2255,#2256,#2257));
#409=EDGE_LOOP('',(#2258,#2259,#2260,#2261));
#410=EDGE_LOOP('',(#2262,#2263,#2264,#2265));
#411=EDGE_LOOP('',(#2266,#2267,#2268,#2269,#2270,#2271,#2272,#2273,#2274,
#2275,#2276));
#412=EDGE_LOOP('',(#2277,#2278,#2279,#2280));
#413=EDGE_LOOP('',(#2281,#2282,#2283,#2284,#2285,#2286));
#414=EDGE_LOOP('',(#2287));
#415=EDGE_LOOP('',(#2288,#2289,#2290,#2291));
#416=EDGE_LOOP('',(#2292,#2293,#2294,#2295,#2296));
#417=EDGE_LOOP('',(#2297));
#418=EDGE_LOOP('',(#2298,#2299,#2300,#2301));
#419=EDGE_LOOP('',(#2302));
#420=EDGE_LOOP('',(#2303,#2304,#2305,#2306));
#421=EDGE_LOOP('',(#2307,#2308,#2309,#2310));
#422=EDGE_LOOP('',(#2311));
#423=EDGE_LOOP('',(#2312,#2313,#2314,#2315));
#424=EDGE_LOOP('',(#2316));
#425=EDGE_LOOP('',(#2317,#2318,#2319,#2320));
#426=EDGE_LOOP('',(#2321));
#427=EDGE_LOOP('',(#2322,#2323,#2324,#2325,#2326,#2327));
#428=EDGE_LOOP('',(#2328,#2329,#2330,#2331));
#429=EDGE_LOOP('',(#2332,#2333,#2334,#2335));
#430=EDGE_LOOP('',(#2336,#2337,#2338,#2339));
#431=EDGE_LOOP('',(#2340,#2341,#2342,#2343));
#432=EDGE_LOOP('',(#2344,#2345,#2346,#2347));
#433=EDGE_LOOP('',(#2348,#2349,#2350,#2351));
#434=EDGE_LOOP('',(#2352,#2353,#2354,#2355));
#435=EDGE_LOOP('',(#2356,#2357,#2358,#2359));
#436=EDGE_LOOP('',(#2360,#2361,#2362,#2363));
#437=EDGE_LOOP('',(#2364,#2365,#2366,#2367));
#438=EDGE_LOOP('',(#2368,#2369,#2370,#2371));
#439=EDGE_LOOP('',(#2372,#2373,#2374,#2375));
#440=EDGE_LOOP('',(#2376,#2377,#2378,#2379));
#441=EDGE_LOOP('',(#2380,#2381,#2382,#2383));
#442=EDGE_LOOP('',(#2384,#2385,#2386,#2387,#2388,#2389,#2390,#2391));
#443=EDGE_LOOP('',(#2392,#2393,#2394,#2395,#2396,#2397,#2398,#2399));
#444=EDGE_LOOP('',(#2400,#2401,#2402,#2403));
#445=EDGE_LOOP('',(#2404,#2405,#2406,#2407));
#446=EDGE_LOOP('',(#2408,#2409,#2410,#2411,#2412,#2413,#2414,#2415));
#447=EDGE_LOOP('',(#2416,#2417,#2418,#2419));
#448=EDGE_LOOP('',(#2420,#2421,#2422,#2423));
#449=EDGE_LOOP('',(#2424,#2425,#2426,#2427));
#450=EDGE_LOOP('',(#2428,#2429,#2430,#2431));
#451=EDGE_LOOP('',(#2432,#2433,#2434,#2435));
#452=EDGE_LOOP('',(#2436,#2437,#2438,#2439));
#453=EDGE_LOOP('',(#2440,#2441,#2442,#2443,#2444,#2445,#2446,#2447));
#454=EDGE_LOOP('',(#2448,#2449,#2450,#2451));
#455=EDGE_LOOP('',(#2452));
#456=EDGE_LOOP('',(#2453,#2454,#2455,#2456,#2457,#2458,#2459));
#457=EDGE_LOOP('',(#2460));
#458=EDGE_LOOP('',(#2461));
#459=EDGE_LOOP('',(#2462,#2463,#2464));
#460=EDGE_LOOP('',(#2465,#2466,#2467));
#461=EDGE_LOOP('',(#2468,#2469,#2470));
#462=EDGE_LOOP('',(#2471,#2472,#2473));
#463=EDGE_LOOP('',(#2474,#2475,#2476,#2477,#2478));
#464=EDGE_LOOP('',(#2479,#2480,#2481,#2482,#2483));
#465=EDGE_LOOP('',(#2484,#2485,#2486,#2487,#2488));
#466=EDGE_LOOP('',(#2489,#2490,#2491,#2492,#2493));
#467=EDGE_LOOP('',(#2494,#2495,#2496,#2497));
#468=EDGE_LOOP('',(#2498,#2499,#2500,#2501));
#469=EDGE_LOOP('',(#2502,#2503,#2504,#2505));
#470=EDGE_LOOP('',(#2506,#2507,#2508,#2509));
#471=EDGE_LOOP('',(#2510,#2511,#2512,#2513));
#472=EDGE_LOOP('',(#2514,#2515,#2516,#2517));
#473=EDGE_LOOP('',(#2518,#2519,#2520,#2521));
#474=EDGE_LOOP('',(#2522,#2523,#2524,#2525));
#475=EDGE_LOOP('',(#2526));
#476=EDGE_LOOP('',(#2527));
#477=EDGE_LOOP('',(#2528,#2529,#2530,#2531));
#478=EDGE_LOOP('',(#2532,#2533,#2534,#2535));
#479=EDGE_LOOP('',(#2536,#2537,#2538,#2539,#2540,#2541,#2542,#2543,#2544,
#2545));
#480=EDGE_LOOP('',(#2546));
#481=EDGE_LOOP('',(#2547,#2548,#2549,#2550));
#482=EDGE_LOOP('',(#2551,#2552,#2553,#2554));
#483=EDGE_LOOP('',(#2555,#2556,#2557,#2558,#2559,#2560,#2561,#2562,#2563,
#2564));
#484=EDGE_LOOP('',(#2565));
#485=EDGE_LOOP('',(#2566,#2567,#2568,#2569));
#486=EDGE_LOOP('',(#2570,#2571,#2572,#2573));
#487=EDGE_LOOP('',(#2574,#2575,#2576,#2577));
#488=EDGE_LOOP('',(#2578,#2579,#2580,#2581));
#489=EDGE_LOOP('',(#2582,#2583,#2584,#2585));
#490=EDGE_LOOP('',(#2586,#2587,#2588,#2589,#2590,#2591,#2592,#2593,#2594,
#2595,#2596));
#491=EDGE_LOOP('',(#2597,#2598,#2599,#2600));
#492=EDGE_LOOP('',(#2601,#2602,#2603,#2604,#2605,#2606,#2607,#2608));
#493=EDGE_LOOP('',(#2609,#2610,#2611,#2612,#2613,#2614,#2615,#2616,#2617,
#2618,#2619));
#494=EDGE_LOOP('',(#2620,#2621,#2622,#2623));
#495=EDGE_LOOP('',(#2624,#2625,#2626,#2627));
#496=EDGE_LOOP('',(#2628,#2629,#2630,#2631,#2632,#2633,#2634));
#497=EDGE_LOOP('',(#2635,#2636,#2637,#2638,#2639,#2640,#2641,#2642));
#498=EDGE_LOOP('',(#2643,#2644,#2645,#2646));
#499=EDGE_LOOP('',(#2647,#2648,#2649,#2650));
#500=EDGE_LOOP('',(#2651,#2652,#2653,#2654));
#501=EDGE_LOOP('',(#2655,#2656,#2657,#2658));
#502=EDGE_LOOP('',(#2659,#2660,#2661,#2662));
#503=EDGE_LOOP('',(#2663,#2664,#2665,#2666,#2667,#2668,#2669,#2670));
#504=EDGE_LOOP('',(#2671,#2672,#2673,#2674));
#505=EDGE_LOOP('',(#2675,#2676,#2677,#2678,#2679,#2680,#2681,#2682));
#506=EDGE_LOOP('',(#2683,#2684,#2685,#2686));
#507=EDGE_LOOP('',(#2687,#2688,#2689,#2690));
#508=EDGE_LOOP('',(#2691,#2692,#2693,#2694));
#509=EDGE_LOOP('',(#2695,#2696,#2697,#2698));
#510=EDGE_LOOP('',(#2699,#2700,#2701,#2702));
#511=EDGE_LOOP('',(#2703,#2704,#2705,#2706));
#512=EDGE_LOOP('',(#2707,#2708,#2709,#2710,#2711,#2712,#2713,#2714,#2715,
#2716));
#513=EDGE_LOOP('',(#2717));
#514=EDGE_LOOP('',(#2718,#2719,#2720,#2721,#2722,#2723,#2724,#2725,#2726,
#2727));
#515=EDGE_LOOP('',(#2728));
#516=EDGE_LOOP('',(#2729,#2730,#2731,#2732));
#517=EDGE_LOOP('',(#2733,#2734,#2735,#2736));
#518=EDGE_LOOP('',(#2737,#2738,#2739,#2740));
#519=EDGE_LOOP('',(#2741,#2742,#2743,#2744));
#520=EDGE_LOOP('',(#2745,#2746,#2747,#2748));
#521=EDGE_LOOP('',(#2749,#2750,#2751,#2752));
#522=EDGE_LOOP('',(#2753,#2754,#2755,#2756));
#523=EDGE_LOOP('',(#2757,#2758,#2759,#2760));
#524=EDGE_LOOP('',(#2761,#2762,#2763,#2764,#2765,#2766,#2767,#2768,#2769,
#2770,#2771,#2772));
#525=EDGE_LOOP('',(#2773,#2774,#2775,#2776,#2777));
#526=EDGE_LOOP('',(#2778,#2779,#2780,#2781,#2782,#2783,#2784));
#527=EDGE_LOOP('',(#2785));
#528=EDGE_LOOP('',(#2786));
#529=EDGE_LOOP('',(#2787,#2788,#2789,#2790,#2791));
#530=EDGE_LOOP('',(#2792,#2793,#2794,#2795));
#531=EDGE_LOOP('',(#2796,#2797,#2798,#2799,#2800,#2801));
#532=EDGE_LOOP('',(#2802,#2803,#2804,#2805,#2806,#2807));
#533=EDGE_LOOP('',(#2808,#2809,#2810,#2811,#2812,#2813,#2814,#2815,#2816,
#2817));
#534=EDGE_LOOP('',(#2818,#2819,#2820,#2821));
#535=EDGE_LOOP('',(#2822,#2823,#2824,#2825));
#536=EDGE_LOOP('',(#2826,#2827,#2828,#2829));
#537=EDGE_LOOP('',(#2830,#2831,#2832,#2833));
#538=EDGE_LOOP('',(#2834,#2835,#2836,#2837));
#539=EDGE_LOOP('',(#2838,#2839,#2840,#2841));
#540=EDGE_LOOP('',(#2842,#2843,#2844,#2845));
#541=EDGE_LOOP('',(#2846,#2847,#2848,#2849));
#542=EDGE_LOOP('',(#2850,#2851,#2852,#2853));
#543=EDGE_LOOP('',(#2854,#2855,#2856,#2857));
#544=EDGE_LOOP('',(#2858,#2859,#2860,#2861));
#545=EDGE_LOOP('',(#2862,#2863,#2864,#2865));
#546=EDGE_LOOP('',(#2866,#2867,#2868,#2869));
#547=EDGE_LOOP('',(#2870,#2871,#2872,#2873));
#548=EDGE_LOOP('',(#2874,#2875,#2876,#2877));
#549=EDGE_LOOP('',(#2878,#2879,#2880,#2881));
#550=EDGE_LOOP('',(#2882,#2883,#2884,#2885));
#551=EDGE_LOOP('',(#2886,#2887,#2888,#2889,#2890,#2891,#2892,#2893));
#552=EDGE_LOOP('',(#2894,#2895,#2896,#2897,#2898,#2899,#2900,#2901));
#553=EDGE_LOOP('',(#2902,#2903,#2904,#2905));
#554=EDGE_LOOP('',(#2906,#2907,#2908,#2909));
#555=EDGE_LOOP('',(#2910,#2911,#2912,#2913));
#556=EDGE_LOOP('',(#2914,#2915,#2916,#2917));
#557=EDGE_LOOP('',(#2918,#2919,#2920,#2921));
#558=EDGE_LOOP('',(#2922,#2923,#2924,#2925));
#559=EDGE_LOOP('',(#2926,#2927,#2928,#2929));
#560=EDGE_LOOP('',(#2930,#2931,#2932,#2933));
#561=EDGE_LOOP('',(#2934,#2935,#2936,#2937));
#562=EDGE_LOOP('',(#2938,#2939,#2940,#2941));
#563=EDGE_LOOP('',(#2942,#2943,#2944,#2945,#2946,#2947,#2948,#2949,#2950,
#2951,#2952,#2953,#2954,#2955,#2956,#2957));
#564=LINE('',#4451,#873);
#565=LINE('',#4454,#874);
#566=LINE('',#4457,#875);
#567=LINE('',#4459,#876);
#568=LINE('',#4460,#877);
#569=LINE('',#4465,#878);
#570=LINE('',#4469,#879);
#571=LINE('',#4471,#880);
#572=LINE('',#4472,#881);
#573=LINE('',#4477,#882);
#574=LINE('',#4481,#883);
#575=LINE('',#4483,#884);
#576=LINE('',#4484,#885);
#577=LINE('',#4489,#886);
#578=LINE('',#4492,#887);
#579=LINE('',#4493,#888);
#580=LINE('',#4505,#889);
#581=LINE('',#4508,#890);
#582=LINE('',#4511,#891);
#583=LINE('',#4513,#892);
#584=LINE('',#4515,#893);
#585=LINE('',#4517,#894);
#586=LINE('',#4519,#895);
#587=LINE('',#4521,#896);
#588=LINE('',#4523,#897);
#589=LINE('',#4525,#898);
#590=LINE('',#4527,#899);
#591=LINE('',#4529,#900);
#592=LINE('',#4530,#901);
#593=LINE('',#4547,#902);
#594=LINE('',#4556,#903);
#595=LINE('',#4560,#904);
#596=LINE('',#4562,#905);
#597=LINE('',#4564,#906);
#598=LINE('',#4566,#907);
#599=LINE('',#4568,#908);
#600=LINE('',#4570,#909);
#601=LINE('',#4572,#910);
#602=LINE('',#4574,#911);
#603=LINE('',#4576,#912);
#604=LINE('',#4578,#913);
#605=LINE('',#4579,#914);
#606=LINE('',#4584,#915);
#607=LINE('',#4595,#916);
#608=LINE('',#4631,#917);
#609=LINE('',#4632,#918);
#610=LINE('',#4651,#919);
#611=LINE('',#4652,#920);
#612=LINE('',#4671,#921);
#613=LINE('',#4672,#922);
#614=LINE('',#4689,#923);
#615=LINE('',#4692,#924);
#616=LINE('',#4695,#925);
#617=LINE('',#4696,#926);
#618=LINE('',#4699,#927);
#619=LINE('',#4703,#928);
#620=LINE('',#4704,#929);
#621=LINE('',#4707,#930);
#622=LINE('',#4711,#931);
#623=LINE('',#4712,#932);
#624=LINE('',#4715,#933);
#625=LINE('',#4718,#934);
#626=LINE('',#4719,#935);
#627=LINE('',#4720,#936);
#628=LINE('',#4722,#937);
#629=LINE('',#4724,#938);
#630=LINE('',#4727,#939);
#631=LINE('',#4744,#940);
#632=LINE('',#4750,#941);
#633=LINE('',#4754,#942);
#634=LINE('',#4759,#943);
#635=LINE('',#4764,#944);
#636=LINE('',#4766,#945);
#637=LINE('',#4768,#946);
#638=LINE('',#4770,#947);
#639=LINE('',#4772,#948);
#640=LINE('',#4773,#949);
#641=LINE('',#4778,#950);
#642=LINE('',#4780,#951);
#643=LINE('',#4783,#952);
#644=LINE('',#4785,#953);
#645=LINE('',#4790,#954);
#646=LINE('',#4792,#955);
#647=LINE('',#4794,#956);
#648=LINE('',#4796,#957);
#649=LINE('',#4798,#958);
#650=LINE('',#4799,#959);
#651=LINE('',#4801,#960);
#652=LINE('',#4802,#961);
#653=LINE('',#4804,#962);
#654=LINE('',#4806,#963);
#655=LINE('',#4808,#964);
#656=LINE('',#4810,#965);
#657=LINE('',#4817,#966);
#658=LINE('',#4820,#967);
#659=LINE('',#4823,#968);
#660=LINE('',#4825,#969);
#661=LINE('',#4826,#970);
#662=LINE('',#4832,#971);
#663=LINE('',#4835,#972);
#664=LINE('',#4837,#973);
#665=LINE('',#4838,#974);
#666=LINE('',#4844,#975);
#667=LINE('',#4847,#976);
#668=LINE('',#4849,#977);
#669=LINE('',#4850,#978);
#670=LINE('',#4856,#979);
#671=LINE('',#4858,#980);
#672=LINE('',#4859,#981);
#673=LINE('',#4867,#982);
#674=LINE('',#4870,#983);
#675=LINE('',#4873,#984);
#676=LINE('',#4875,#985);
#677=LINE('',#4876,#986);
#678=LINE('',#4879,#987);
#679=LINE('',#4883,#988);
#680=LINE('',#4887,#989);
#681=LINE('',#4893,#990);
#682=LINE('',#4894,#991);
#683=LINE('',#4897,#992);
#684=LINE('',#4898,#993);
#685=LINE('',#4902,#994);
#686=LINE('',#4906,#995);
#687=LINE('',#4908,#996);
#688=LINE('',#4910,#997);
#689=LINE('',#4916,#998);
#690=LINE('',#4923,#999);
#691=LINE('',#4934,#1000);
#692=LINE('',#4935,#1001);
#693=LINE('',#4938,#1002);
#694=LINE('',#4939,#1003);
#695=LINE('',#4942,#1004);
#696=LINE('',#4943,#1005);
#697=LINE('',#4946,#1006);
#698=LINE('',#4947,#1007);
#699=LINE('',#4951,#1008);
#700=LINE('',#4952,#1009);
#701=LINE('',#4953,#1010);
#702=LINE('',#4956,#1011);
#703=LINE('',#4957,#1012);
#704=LINE('',#4960,#1013);
#705=LINE('',#4961,#1014);
#706=LINE('',#4963,#1015);
#707=LINE('',#4968,#1016);
#708=LINE('',#4970,#1017);
#709=LINE('',#4972,#1018);
#710=LINE('',#4973,#1019);
#711=LINE('',#4976,#1020);
#712=LINE('',#4978,#1021);
#713=LINE('',#4979,#1022);
#714=LINE('',#4982,#1023);
#715=LINE('',#4984,#1024);
#716=LINE('',#4985,#1025);
#717=LINE('',#4987,#1026);
#718=LINE('',#4988,#1027);
#719=LINE('',#4995,#1028);
#720=LINE('',#5004,#1029);
#721=LINE('',#5007,#1030);
#722=LINE('',#5012,#1031);
#723=LINE('',#5016,#1032);
#724=LINE('',#5022,#1033);
#725=LINE('',#5024,#1034);
#726=LINE('',#5026,#1035);
#727=LINE('',#5028,#1036);
#728=LINE('',#5029,#1037);
#729=LINE('',#5037,#1038);
#730=LINE('',#5040,#1039);
#731=LINE('',#5045,#1040);
#732=LINE('',#5049,#1041);
#733=LINE('',#5055,#1042);
#734=LINE('',#5057,#1043);
#735=LINE('',#5059,#1044);
#736=LINE('',#5061,#1045);
#737=LINE('',#5062,#1046);
#738=LINE('',#5069,#1047);
#739=LINE('',#5070,#1048);
#740=LINE('',#5074,#1049);
#741=LINE('',#5079,#1050);
#742=LINE('',#5080,#1051);
#743=LINE('',#5084,#1052);
#744=LINE('',#5188,#1053);
#745=LINE('',#5190,#1054);
#746=LINE('',#5192,#1055);
#747=LINE('',#5194,#1056);
#748=LINE('',#5196,#1057);
#749=LINE('',#5198,#1058);
#750=LINE('',#5200,#1059);
#751=LINE('',#5202,#1060);
#752=LINE('',#5204,#1061);
#753=LINE('',#5205,#1062);
#754=LINE('',#5209,#1063);
#755=LINE('',#5210,#1064);
#756=LINE('',#5211,#1065);
#757=LINE('',#5217,#1066);
#758=LINE('',#5221,#1067);
#759=LINE('',#5225,#1068);
#760=LINE('',#5228,#1069);
#761=LINE('',#5230,#1070);
#762=LINE('',#5232,#1071);
#763=LINE('',#5234,#1072);
#764=LINE('',#5236,#1073);
#765=LINE('',#5238,#1074);
#766=LINE('',#5240,#1075);
#767=LINE('',#5242,#1076);
#768=LINE('',#5244,#1077);
#769=LINE('',#5246,#1078);
#770=LINE('',#5247,#1079);
#771=LINE('',#5249,#1080);
#772=LINE('',#5251,#1081);
#773=LINE('',#5256,#1082);
#774=LINE('',#5259,#1083);
#775=LINE('',#5261,#1084);
#776=LINE('',#5263,#1085);
#777=LINE('',#5265,#1086);
#778=LINE('',#5266,#1087);
#779=LINE('',#5269,#1088);
#780=LINE('',#5271,#1089);
#781=LINE('',#5272,#1090);
#782=LINE('',#5274,#1091);
#783=LINE('',#5277,#1092);
#784=LINE('',#5279,#1093);
#785=LINE('',#5280,#1094);
#786=LINE('',#5283,#1095);
#787=LINE('',#5284,#1096);
#788=LINE('',#5286,#1097);
#789=LINE('',#5289,#1098);
#790=LINE('',#5290,#1099);
#791=LINE('',#5293,#1100);
#792=LINE('',#5296,#1101);
#793=LINE('',#5299,#1102);
#794=LINE('',#5301,#1103);
#795=LINE('',#5302,#1104);
#796=LINE('',#5304,#1105);
#797=LINE('',#5306,#1106);
#798=LINE('',#5310,#1107);
#799=LINE('',#5313,#1108);
#800=LINE('',#5315,#1109);
#801=LINE('',#5317,#1110);
#802=LINE('',#5320,#1111);
#803=LINE('',#5322,#1112);
#804=LINE('',#5324,#1113);
#805=LINE('',#5326,#1114);
#806=LINE('',#5327,#1115);
#807=LINE('',#5332,#1116);
#808=LINE('',#5334,#1117);
#809=LINE('',#5336,#1118);
#810=LINE('',#5338,#1119);
#811=LINE('',#5339,#1120);
#812=LINE('',#5343,#1121);
#813=LINE('',#5345,#1122);
#814=LINE('',#5348,#1123);
#815=LINE('',#5350,#1124);
#816=LINE('',#5351,#1125);
#817=LINE('',#5353,#1126);
#818=LINE('',#5354,#1127);
#819=LINE('',#5357,#1128);
#820=LINE('',#5359,#1129);
#821=LINE('',#5360,#1130);
#822=LINE('',#5363,#1131);
#823=LINE('',#5364,#1132);
#824=LINE('',#5366,#1133);
#825=LINE('',#5369,#1134);
#826=LINE('',#5370,#1135);
#827=LINE('',#5372,#1136);
#828=LINE('',#5373,#1137);
#829=LINE('',#5375,#1138);
#830=LINE('',#5377,#1139);
#831=LINE('',#5378,#1140);
#832=LINE('',#5389,#1141);
#833=LINE('',#5546,#1142);
#834=LINE('',#5550,#1143);
#835=LINE('',#5553,#1144);
#836=LINE('',#5555,#1145);
#837=LINE('',#5556,#1146);
#838=LINE('',#5558,#1147);
#839=LINE('',#5561,#1148);
#840=LINE('',#5566,#1149);
#841=LINE('',#5571,#1150);
#842=LINE('',#5573,#1151);
#843=LINE('',#5574,#1152);
#844=LINE('',#5578,#1153);
#845=LINE('',#5583,#1154);
#846=LINE('',#5585,#1155);
#847=LINE('',#5586,#1156);
#848=LINE('',#5589,#1157);
#849=LINE('',#5593,#1158);
#850=LINE('',#5596,#1159);
#851=LINE('',#5598,#1160);
#852=LINE('',#5599,#1161);
#853=LINE('',#5605,#1162);
#854=LINE('',#5608,#1163);
#855=LINE('',#5612,#1164);
#856=LINE('',#5614,#1165);
#857=LINE('',#5615,#1166);
#858=LINE('',#5621,#1167);
#859=LINE('',#5625,#1168);
#860=LINE('',#5626,#1169);
#861=LINE('',#5629,#1170);
#862=LINE('',#5632,#1171);
#863=LINE('',#5634,#1172);
#864=LINE('',#5637,#1173);
#865=LINE('',#5638,#1174);
#866=LINE('',#5640,#1175);
#867=LINE('',#5644,#1176);
#868=LINE('',#5647,#1177);
#869=LINE('',#5648,#1178);
#870=LINE('',#5651,#1179);
#871=LINE('',#5652,#1180);
#872=LINE('',#5657,#1181);
#873=VECTOR('',#3525,10.);
#874=VECTOR('',#3528,10.);
#875=VECTOR('',#3531,10.);
#876=VECTOR('',#3532,10.);
#877=VECTOR('',#3533,10.);
#878=VECTOR('',#3538,10.);
#879=VECTOR('',#3543,10.);
#880=VECTOR('',#3544,10.);
#881=VECTOR('',#3545,10.);
#882=VECTOR('',#3550,10.);
#883=VECTOR('',#3555,10.);
#884=VECTOR('',#3556,10.);
#885=VECTOR('',#3557,10.);
#886=VECTOR('',#3562,10.);
#887=VECTOR('',#3567,10.);
#888=VECTOR('',#3568,10.);
#889=VECTOR('',#3573,10.);
#890=VECTOR('',#3576,10.);
#891=VECTOR('',#3579,1000.);
#892=VECTOR('',#3580,10.);
#893=VECTOR('',#3581,1000.);
#894=VECTOR('',#3582,10.);
#895=VECTOR('',#3583,1000.);
#896=VECTOR('',#3584,10.);
#897=VECTOR('',#3585,1000.);
#898=VECTOR('',#3586,10.);
#899=VECTOR('',#3587,1000.);
#900=VECTOR('',#3588,10.);
#901=VECTOR('',#3589,10.);
#902=VECTOR('',#3592,10.);
#903=VECTOR('',#3593,10.);
#904=VECTOR('',#3598,10.);
#905=VECTOR('',#3599,10.);
#906=VECTOR('',#3600,10.);
#907=VECTOR('',#3601,10.);
#908=VECTOR('',#3602,1000.);
#909=VECTOR('',#3603,10.);
#910=VECTOR('',#3604,1000.);
#911=VECTOR('',#3605,10.);
#912=VECTOR('',#3606,1000.);
#913=VECTOR('',#3607,10.);
#914=VECTOR('',#3608,1000.);
#915=VECTOR('',#3613,10.);
#916=VECTOR('',#3628,10.);
#917=VECTOR('',#3645,10.);
#918=VECTOR('',#3646,10.);
#919=VECTOR('',#3657,10.);
#920=VECTOR('',#3658,10.);
#921=VECTOR('',#3669,10.);
#922=VECTOR('',#3670,10.);
#923=VECTOR('',#3679,10.);
#924=VECTOR('',#3682,10.);
#925=VECTOR('',#3685,10.);
#926=VECTOR('',#3686,10.);
#927=VECTOR('',#3689,10.);
#928=VECTOR('',#3694,10.);
#929=VECTOR('',#3695,10.);
#930=VECTOR('',#3698,10.);
#931=VECTOR('',#3703,10.);
#932=VECTOR('',#3704,10.);
#933=VECTOR('',#3707,10.);
#934=VECTOR('',#3712,10.);
#935=VECTOR('',#3713,10.);
#936=VECTOR('',#3714,10.);
#937=VECTOR('',#3717,10.);
#938=VECTOR('',#3720,10.);
#939=VECTOR('',#3725,10.);
#940=VECTOR('',#3746,2.19999999999998);
#941=VECTOR('',#3753,2.19999999999998);
#942=VECTOR('',#3758,5.59999999999999);
#943=VECTOR('',#3765,2.19999999999998);
#944=VECTOR('',#3770,1000.);
#945=VECTOR('',#3771,1000.);
#946=VECTOR('',#3772,1000.);
#947=VECTOR('',#3773,1000.);
#948=VECTOR('',#3774,1000.);
#949=VECTOR('',#3775,1000.);
#950=VECTOR('',#3784,10.);
#951=VECTOR('',#3787,10.);
#952=VECTOR('',#3792,10.);
#953=VECTOR('',#3795,10.);
#954=VECTOR('',#3800,1000.);
#955=VECTOR('',#3801,1000.);
#956=VECTOR('',#3802,1000.);
#957=VECTOR('',#3803,1000.);
#958=VECTOR('',#3804,1000.);
#959=VECTOR('',#3805,1000.);
#960=VECTOR('',#3808,1000.);
#961=VECTOR('',#3809,1000.);
#962=VECTOR('',#3812,1000.);
#963=VECTOR('',#3815,1000.);
#964=VECTOR('',#3818,1000.);
#965=VECTOR('',#3821,1000.);
#966=VECTOR('',#3828,10.);
#967=VECTOR('',#3831,10.);
#968=VECTOR('',#3834,10.);
#969=VECTOR('',#3835,10.);
#970=VECTOR('',#3836,10.);
#971=VECTOR('',#3843,10.);
#972=VECTOR('',#3846,10.);
#973=VECTOR('',#3847,10.);
#974=VECTOR('',#3848,10.);
#975=VECTOR('',#3855,10.);
#976=VECTOR('',#3858,10.);
#977=VECTOR('',#3859,10.);
#978=VECTOR('',#3860,10.);
#979=VECTOR('',#3867,10.);
#980=VECTOR('',#3870,10.);
#981=VECTOR('',#3871,10.);
#982=VECTOR('',#3880,10.);
#983=VECTOR('',#3883,10.);
#984=VECTOR('',#3886,10.);
#985=VECTOR('',#3887,10.);
#986=VECTOR('',#3888,10.);
#987=VECTOR('',#3891,10.);
#988=VECTOR('',#3894,10.);
#989=VECTOR('',#3897,10.);
#990=VECTOR('',#3904,10.);
#991=VECTOR('',#3905,10.);
#992=VECTOR('',#3908,10.);
#993=VECTOR('',#3909,10.);
#994=VECTOR('',#3914,10.);
#995=VECTOR('',#3919,10.);
#996=VECTOR('',#3922,10.);
#997=VECTOR('',#3925,10.);
#998=VECTOR('',#3932,2.5);
#999=VECTOR('',#3941,4.);
#1000=VECTOR('',#3954,10.);
#1001=VECTOR('',#3955,10.);
#1002=VECTOR('',#3958,10.);
#1003=VECTOR('',#3959,10.);
#1004=VECTOR('',#3962,10.);
#1005=VECTOR('',#3963,10.);
#1006=VECTOR('',#3966,10.);
#1007=VECTOR('',#3967,10.);
#1008=VECTOR('',#3970,10.);
#1009=VECTOR('',#3971,10.);
#1010=VECTOR('',#3972,10.);
#1011=VECTOR('',#3975,10.);
#1012=VECTOR('',#3976,10.);
#1013=VECTOR('',#3979,10.);
#1014=VECTOR('',#3980,10.);
#1015=VECTOR('',#3983,10.);
#1016=VECTOR('',#3988,10.);
#1017=VECTOR('',#3989,10.);
#1018=VECTOR('',#3990,10.);
#1019=VECTOR('',#3991,10.);
#1020=VECTOR('',#3994,10.);
#1021=VECTOR('',#3995,10.);
#1022=VECTOR('',#3996,10.);
#1023=VECTOR('',#3999,10.);
#1024=VECTOR('',#4000,10.);
#1025=VECTOR('',#4001,10.);
#1026=VECTOR('',#4004,10.);
#1027=VECTOR('',#4005,10.);
#1028=VECTOR('',#4014,1.7);
#1029=VECTOR('',#4025,10.);
#1030=VECTOR('',#4028,10.);
#1031=VECTOR('',#4033,10.);
#1032=VECTOR('',#4038,10.);
#1033=VECTOR('',#4043,10.);
#1034=VECTOR('',#4044,10.);
#1035=VECTOR('',#4045,10.);
#1036=VECTOR('',#4046,10.);
#1037=VECTOR('',#4047,10.);
#1038=VECTOR('',#4054,10.);
#1039=VECTOR('',#4057,10.);
#1040=VECTOR('',#4062,10.);
#1041=VECTOR('',#4067,10.);
#1042=VECTOR('',#4072,10.);
#1043=VECTOR('',#4073,10.);
#1044=VECTOR('',#4074,10.);
#1045=VECTOR('',#4075,10.);
#1046=VECTOR('',#4076,10.);
#1047=VECTOR('',#4083,10.);
#1048=VECTOR('',#4084,10.);
#1049=VECTOR('',#4089,10.);
#1050=VECTOR('',#4094,10.);
#1051=VECTOR('',#4095,10.);
#1052=VECTOR('',#4100,10.);
#1053=VECTOR('',#4105,10.);
#1054=VECTOR('',#4106,10.);
#1055=VECTOR('',#4107,10.);
#1056=VECTOR('',#4108,10.);
#1057=VECTOR('',#4109,10.);
#1058=VECTOR('',#4110,10.);
#1059=VECTOR('',#4111,10.);
#1060=VECTOR('',#4112,10.);
#1061=VECTOR('',#4113,10.);
#1062=VECTOR('',#4114,10.);
#1063=VECTOR('',#4117,10.);
#1064=VECTOR('',#4118,10.);
#1065=VECTOR('',#4119,10.);
#1066=VECTOR('',#4124,10.);
#1067=VECTOR('',#4127,10.);
#1068=VECTOR('',#4130,10.);
#1069=VECTOR('',#4133,10.);
#1070=VECTOR('',#4134,10.);
#1071=VECTOR('',#4135,10.);
#1072=VECTOR('',#4136,10.);
#1073=VECTOR('',#4137,10.);
#1074=VECTOR('',#4138,10.);
#1075=VECTOR('',#4139,10.);
#1076=VECTOR('',#4140,10.);
#1077=VECTOR('',#4141,10.);
#1078=VECTOR('',#4142,10.);
#1079=VECTOR('',#4143,10.);
#1080=VECTOR('',#4146,10.);
#1081=VECTOR('',#4149,10.);
#1082=VECTOR('',#4156,10.);
#1083=VECTOR('',#4159,10.);
#1084=VECTOR('',#4160,10.);
#1085=VECTOR('',#4161,10.);
#1086=VECTOR('',#4162,10.);
#1087=VECTOR('',#4163,10.);
#1088=VECTOR('',#4166,10.);
#1089=VECTOR('',#4167,10.);
#1090=VECTOR('',#4168,10.);
#1091=VECTOR('',#4171,10.);
#1092=VECTOR('',#4174,10.);
#1093=VECTOR('',#4175,10.);
#1094=VECTOR('',#4176,10.);
#1095=VECTOR('',#4179,10.);
#1096=VECTOR('',#4180,10.);
#1097=VECTOR('',#4183,10.);
#1098=VECTOR('',#4186,10.);
#1099=VECTOR('',#4187,10.);
#1100=VECTOR('',#4190,10.);
#1101=VECTOR('',#4193,10.);
#1102=VECTOR('',#4196,10.);
#1103=VECTOR('',#4197,10.);
#1104=VECTOR('',#4198,10.);
#1105=VECTOR('',#4201,10.);
#1106=VECTOR('',#4204,10.);
#1107=VECTOR('',#4209,10.);
#1108=VECTOR('',#4212,10.);
#1109=VECTOR('',#4215,10.);
#1110=VECTOR('',#4218,10.);
#1111=VECTOR('',#4221,10.);
#1112=VECTOR('',#4222,10.);
#1113=VECTOR('',#4223,10.);
#1114=VECTOR('',#4224,10.);
#1115=VECTOR('',#4225,10.);
#1116=VECTOR('',#4230,10.);
#1117=VECTOR('',#4231,10.);
#1118=VECTOR('',#4232,10.);
#1119=VECTOR('',#4233,10.);
#1120=VECTOR('',#4234,10.);
#1121=VECTOR('',#4239,2.2);
#1122=VECTOR('',#4242,2.2);
#1123=VECTOR('',#4245,10.);
#1124=VECTOR('',#4246,10.);
#1125=VECTOR('',#4247,10.);
#1126=VECTOR('',#4250,10.);
#1127=VECTOR('',#4251,10.);
#1128=VECTOR('',#4254,10.);
#1129=VECTOR('',#4255,10.);
#1130=VECTOR('',#4256,10.);
#1131=VECTOR('',#4259,10.);
#1132=VECTOR('',#4260,10.);
#1133=VECTOR('',#4263,10.);
#1134=VECTOR('',#4266,10.);
#1135=VECTOR('',#4267,10.);
#1136=VECTOR('',#4270,10.);
#1137=VECTOR('',#4271,10.);
#1138=VECTOR('',#4272,10.);
#1139=VECTOR('',#4273,10.);
#1140=VECTOR('',#4274,10.);
#1141=VECTOR('',#4287,2.45);
#1142=VECTOR('',#4304,10.);
#1143=VECTOR('',#4309,10.);
#1144=VECTOR('',#4312,10.);
#1145=VECTOR('',#4313,10.);
#1146=VECTOR('',#4314,10.);
#1147=VECTOR('',#4317,1.7);
#1148=VECTOR('',#4320,10.);
#1149=VECTOR('',#4325,10.);
#1150=VECTOR('',#4332,10.);
#1151=VECTOR('',#4333,10.);
#1152=VECTOR('',#4334,10.);
#1153=VECTOR('',#4337,10.);
#1154=VECTOR('',#4344,10.);
#1155=VECTOR('',#4345,10.);
#1156=VECTOR('',#4346,10.);
#1157=VECTOR('',#4349,10.);
#1158=VECTOR('',#4356,10.);
#1159=VECTOR('',#4359,10.);
#1160=VECTOR('',#4360,10.);
#1161=VECTOR('',#4361,10.);
#1162=VECTOR('',#4368,10.);
#1163=VECTOR('',#4371,10.);
#1164=VECTOR('',#4376,10.);
#1165=VECTOR('',#4377,10.);
#1166=VECTOR('',#4378,10.);
#1167=VECTOR('',#4387,10.);
#1168=VECTOR('',#4392,10.);
#1169=VECTOR('',#4393,10.);
#1170=VECTOR('',#4396,10.);
#1171=VECTOR('',#4401,10.);
#1172=VECTOR('',#4404,10.);
#1173=VECTOR('',#4407,10.);
#1174=VECTOR('',#4408,10.);
#1175=VECTOR('',#4409,10.);
#1176=VECTOR('',#4412,10.);
#1177=VECTOR('',#4417,10.);
#1178=VECTOR('',#4418,10.);
#1179=VECTOR('',#4423,10.);
#1180=VECTOR('',#4424,10.);
#1181=VECTOR('',#4433,10.);
#1182=CIRCLE('',#3211,1.20000000000005);
#1183=CIRCLE('',#3212,1.20000000000005);
#1184=CIRCLE('',#3215,1.20000000000006);
#1185=CIRCLE('',#3216,1.20000000000006);
#1186=CIRCLE('',#3219,1.20000000000005);
#1187=CIRCLE('',#3220,1.20000000000005);
#1188=CIRCLE('',#3223,1.20000000000006);
#1189=CIRCLE('',#3224,1.20000000000006);
#1190=CIRCLE('',#3234,1.00000000000003);
#1191=CIRCLE('',#3237,0.99999999999997);
#1192=CIRCLE('',#3238,4.60000000000003);
#1193=CIRCLE('',#3239,5.6);
#1194=CIRCLE('',#3243,5.6);
#1195=CIRCLE('',#3244,1.00000000000002);
#1196=CIRCLE('',#3245,1.00000000000004);
#1197=CIRCLE('',#3246,1.00000000000001);
#1198=CIRCLE('',#3247,2.00000000000006);
#1199=CIRCLE('',#3249,1.00000000000002);
#1200=CIRCLE('',#3250,1.00000000000001);
#1201=CIRCLE('',#3251,1.00000000000004);
#1202=CIRCLE('',#3252,2.00000000000006);
#1203=CIRCLE('',#3254,0.999999999999943);
#1204=CIRCLE('',#3255,1.00000000000002);
#1205=CIRCLE('',#3256,1.00000000000004);
#1206=CIRCLE('',#3257,2.00000000000006);
#1207=CIRCLE('',#3259,1.00000000000002);
#1208=CIRCLE('',#3260,1.00000000000001);
#1209=CIRCLE('',#3261,1.00000000000003);
#1210=CIRCLE('',#3262,2.00000000000006);
#1211=CIRCLE('',#3264,2.00000000000006);
#1212=CIRCLE('',#3267,2.00000000000006);
#1213=CIRCLE('',#3270,2.00000000000006);
#1214=CIRCLE('',#3273,2.00000000000006);
#1215=CIRCLE('',#3277,5.6);
#1216=CIRCLE('',#3280,2.19999999999998);
#1217=CIRCLE('',#3283,5.6);
#1218=CIRCLE('',#3284,5.6);
#1219=CIRCLE('',#3285,1.);
#1220=CIRCLE('',#3286,4.59999999999999);
#1221=CIRCLE('',#3288,2.19999999999998);
#1222=CIRCLE('',#3289,2.19999999999998);
#1223=CIRCLE('',#3291,2.19999999999998);
#1224=CIRCLE('',#3292,2.19999999999998);
#1225=CIRCLE('',#3294,5.6);
#1226=CIRCLE('',#3295,5.6);
#1227=CIRCLE('',#3297,2.19999999999998);
#1228=CIRCLE('',#3300,5.6);
#1229=CIRCLE('',#3301,5.6);
#1230=CIRCLE('',#3316,1.20000000000006);
#1231=CIRCLE('',#3317,1.20000000000006);
#1232=CIRCLE('',#3320,1.20000000000005);
#1233=CIRCLE('',#3321,1.20000000000005);
#1234=CIRCLE('',#3324,1.20000000000006);
#1235=CIRCLE('',#3325,1.20000000000006);
#1236=CIRCLE('',#3328,1.20000000000005);
#1237=CIRCLE('',#3329,1.20000000000005);
#1238=CIRCLE('',#3334,1.);
#1239=CIRCLE('',#3335,1.);
#1240=CIRCLE('',#3338,1.);
#1241=CIRCLE('',#3339,1.);
#1242=CIRCLE('',#3340,1.);
#1243=CIRCLE('',#3342,1.);
#1244=CIRCLE('',#3345,1.);
#1245=CIRCLE('',#3347,1.);
#1246=CIRCLE('',#3352,2.5);
#1247=CIRCLE('',#3353,2.5);
#1248=CIRCLE('',#3356,4.);
#1249=CIRCLE('',#3357,4.);
#1250=CIRCLE('',#3358,4.);
#1251=CIRCLE('',#3359,4.);
#1252=CIRCLE('',#3360,4.);
#1253=CIRCLE('',#3378,1.7);
#1254=CIRCLE('',#3379,1.7);
#1255=CIRCLE('',#3383,1.);
#1256=CIRCLE('',#3384,1.);
#1257=CIRCLE('',#3386,5.6);
#1258=CIRCLE('',#3387,5.6);
#1259=CIRCLE('',#3389,1.);
#1260=CIRCLE('',#3390,5.6);
#1261=CIRCLE('',#3391,2.2);
#1262=CIRCLE('',#3393,1.);
#1263=CIRCLE('',#3394,1.);
#1264=CIRCLE('',#3396,5.6);
#1265=CIRCLE('',#3397,5.6);
#1266=CIRCLE('',#3399,1.);
#1267=CIRCLE('',#3400,5.6);
#1268=CIRCLE('',#3401,2.2);
#1269=CIRCLE('',#3403,1.);
#1270=CIRCLE('',#3405,5.6);
#1271=CIRCLE('',#3407,1.);
#1272=CIRCLE('',#3409,5.6);
#1273=CIRCLE('',#3410,1.7);
#1274=CIRCLE('',#3414,2.5);
#1275=CIRCLE('',#3415,2.5);
#1276=CIRCLE('',#3416,2.5);
#1277=CIRCLE('',#3417,2.5);
#1278=CIRCLE('',#3421,1.7);
#1279=CIRCLE('',#3422,1.7);
#1280=CIRCLE('',#3431,2.5);
#1281=CIRCLE('',#3437,2.5);
#1282=CIRCLE('',#3441,2.2);
#1283=CIRCLE('',#3443,2.2);
#1284=CIRCLE('',#3454,2.21976818830945);
#1285=CIRCLE('',#3455,0.2);
#1286=CIRCLE('',#3456,2.02099144137472);
#1287=CIRCLE('',#3457,2.21976818830945);
#1288=CIRCLE('',#3459,2.43449239178609);
#1289=CIRCLE('',#3461,1.7);
#1290=CIRCLE('',#3462,1.);
#1291=CIRCLE('',#3463,1.);
#1292=CIRCLE('',#3465,3.42837612645971);
#1293=CIRCLE('',#3467,4.);
#1294=CIRCLE('',#3468,4.);
#1295=CIRCLE('',#3472,3.2);
#1296=CIRCLE('',#3474,4.);
#1297=CIRCLE('',#3475,3.2);
#1298=CIRCLE('',#3478,4.);
#1299=CIRCLE('',#3479,3.2);
#1300=CIRCLE('',#3482,4.);
#1301=CIRCLE('',#3483,3.2);
#1302=CIRCLE('',#3487,4.);
#1303=CIRCLE('',#3489,4.);
#1304=CIRCLE('',#3490,3.2);
#1305=CIRCLE('',#3493,4.);
#1306=CIRCLE('',#3494,3.2);
#1307=CIRCLE('',#3496,3.2);
#1308=CIRCLE('',#3499,3.2);
#1309=CIRCLE('',#3503,2.5);
#1310=CIRCLE('',#3504,2.5);
#1311=VERTEX_POINT('',#4447);
#1312=VERTEX_POINT('',#4448);
#1313=VERTEX_POINT('',#4450);
#1314=VERTEX_POINT('',#4452);
#1315=VERTEX_POINT('',#4456);
#1316=VERTEX_POINT('',#4458);
#1317=VERTEX_POINT('',#4462);
#1318=VERTEX_POINT('',#4464);
#1319=VERTEX_POINT('',#4468);
#1320=VERTEX_POINT('',#4470);
#1321=VERTEX_POINT('',#4474);
#1322=VERTEX_POINT('',#4476);
#1323=VERTEX_POINT('',#4480);
#1324=VERTEX_POINT('',#4482);
#1325=VERTEX_POINT('',#4486);
#1326=VERTEX_POINT('',#4488);
#1327=VERTEX_POINT('',#4496);
#1328=VERTEX_POINT('',#4497);
#1329=VERTEX_POINT('',#4504);
#1330=VERTEX_POINT('',#4506);
#1331=VERTEX_POINT('',#4510);
#1332=VERTEX_POINT('',#4512);
#1333=VERTEX_POINT('',#4514);
#1334=VERTEX_POINT('',#4516);
#1335=VERTEX_POINT('',#4518);
#1336=VERTEX_POINT('',#4520);
#1337=VERTEX_POINT('',#4522);
#1338=VERTEX_POINT('',#4524);
#1339=VERTEX_POINT('',#4526);
#1340=VERTEX_POINT('',#4528);
#1341=VERTEX_POINT('',#4532);
#1342=VERTEX_POINT('',#4533);
#1343=VERTEX_POINT('',#4546);
#1344=VERTEX_POINT('',#4548);
#1345=VERTEX_POINT('',#4555);
#1346=VERTEX_POINT('',#4559);
#1347=VERTEX_POINT('',#4561);
#1348=VERTEX_POINT('',#4563);
#1349=VERTEX_POINT('',#4565);
#1350=VERTEX_POINT('',#4567);
#1351=VERTEX_POINT('',#4569);
#1352=VERTEX_POINT('',#4571);
#1353=VERTEX_POINT('',#4573);
#1354=VERTEX_POINT('',#4575);
#1355=VERTEX_POINT('',#4577);
#1356=VERTEX_POINT('',#4581);
#1357=VERTEX_POINT('',#4583);
#1358=VERTEX_POINT('',#4587);
#1359=VERTEX_POINT('',#4592);
#1360=VERTEX_POINT('',#4593);
#1361=VERTEX_POINT('',#4619);
#1362=VERTEX_POINT('',#4620);
#1363=VERTEX_POINT('',#4622);
#1364=VERTEX_POINT('',#4624);
#1365=VERTEX_POINT('',#4628);
#1366=VERTEX_POINT('',#4629);
#1367=VERTEX_POINT('',#4642);
#1368=VERTEX_POINT('',#4643);
#1369=VERTEX_POINT('',#4648);
#1370=VERTEX_POINT('',#4649);
#1371=VERTEX_POINT('',#4662);
#1372=VERTEX_POINT('',#4663);
#1373=VERTEX_POINT('',#4668);
#1374=VERTEX_POINT('',#4669);
#1375=VERTEX_POINT('',#4682);
#1376=VERTEX_POINT('',#4683);
#1377=VERTEX_POINT('',#4688);
#1378=VERTEX_POINT('',#4690);
#1379=VERTEX_POINT('',#4694);
#1380=VERTEX_POINT('',#4698);
#1381=VERTEX_POINT('',#4702);
#1382=VERTEX_POINT('',#4706);
#1383=VERTEX_POINT('',#4710);
#1384=VERTEX_POINT('',#4714);
#1385=VERTEX_POINT('',#4729);
#1386=VERTEX_POINT('',#4733);
#1387=VERTEX_POINT('',#4734);
#1388=VERTEX_POINT('',#4737);
#1389=VERTEX_POINT('',#4741);
#1390=VERTEX_POINT('',#4743);
#1391=VERTEX_POINT('',#4747);
#1392=VERTEX_POINT('',#4749);
#1393=VERTEX_POINT('',#4753);
#1394=VERTEX_POINT('',#4758);
#1395=VERTEX_POINT('',#4762);
#1396=VERTEX_POINT('',#4763);
#1397=VERTEX_POINT('',#4765);
#1398=VERTEX_POINT('',#4767);
#1399=VERTEX_POINT('',#4769);
#1400=VERTEX_POINT('',#4771);
#1401=VERTEX_POINT('',#4788);
#1402=VERTEX_POINT('',#4789);
#1403=VERTEX_POINT('',#4791);
#1404=VERTEX_POINT('',#4793);
#1405=VERTEX_POINT('',#4795);
#1406=VERTEX_POINT('',#4797);
#1407=VERTEX_POINT('',#4813);
#1408=VERTEX_POINT('',#4814);
#1409=VERTEX_POINT('',#4816);
#1410=VERTEX_POINT('',#4818);
#1411=VERTEX_POINT('',#4822);
#1412=VERTEX_POINT('',#4824);
#1413=VERTEX_POINT('',#4828);
#1414=VERTEX_POINT('',#4830);
#1415=VERTEX_POINT('',#4834);
#1416=VERTEX_POINT('',#4836);
#1417=VERTEX_POINT('',#4840);
#1418=VERTEX_POINT('',#4842);
#1419=VERTEX_POINT('',#4846);
#1420=VERTEX_POINT('',#4848);
#1421=VERTEX_POINT('',#4852);
#1422=VERTEX_POINT('',#4854);
#1423=VERTEX_POINT('',#4863);
#1424=VERTEX_POINT('',#4864);
#1425=VERTEX_POINT('',#4866);
#1426=VERTEX_POINT('',#4868);
#1427=VERTEX_POINT('',#4872);
#1428=VERTEX_POINT('',#4874);
#1429=VERTEX_POINT('',#4878);
#1430=VERTEX_POINT('',#4880);
#1431=VERTEX_POINT('',#4882);
#1432=VERTEX_POINT('',#4884);
#1433=VERTEX_POINT('',#4886);
#1434=VERTEX_POINT('',#4890);
#1435=VERTEX_POINT('',#4891);
#1436=VERTEX_POINT('',#4896);
#1437=VERTEX_POINT('',#4900);
#1438=VERTEX_POINT('',#4904);
#1439=VERTEX_POINT('',#4913);
#1440=VERTEX_POINT('',#4915);
#1441=VERTEX_POINT('',#4920);
#1442=VERTEX_POINT('',#4922);
#1443=VERTEX_POINT('',#4924);
#1444=VERTEX_POINT('',#4926);
#1445=VERTEX_POINT('',#4928);
#1446=VERTEX_POINT('',#4933);
#1447=VERTEX_POINT('',#4937);
#1448=VERTEX_POINT('',#4941);
#1449=VERTEX_POINT('',#4945);
#1450=VERTEX_POINT('',#4949);
#1451=VERTEX_POINT('',#4950);
#1452=VERTEX_POINT('',#4955);
#1453=VERTEX_POINT('',#4959);
#1454=VERTEX_POINT('',#4966);
#1455=VERTEX_POINT('',#4967);
#1456=VERTEX_POINT('',#4969);
#1457=VERTEX_POINT('',#4971);
#1458=VERTEX_POINT('',#4975);
#1459=VERTEX_POINT('',#4977);
#1460=VERTEX_POINT('',#4981);
#1461=VERTEX_POINT('',#4983);
#1462=VERTEX_POINT('',#4992);
#1463=VERTEX_POINT('',#4994);
#1464=VERTEX_POINT('',#5000);
#1465=VERTEX_POINT('',#5001);
#1466=VERTEX_POINT('',#5003);
#1467=VERTEX_POINT('',#5005);
#1468=VERTEX_POINT('',#5009);
#1469=VERTEX_POINT('',#5011);
#1470=VERTEX_POINT('',#5015);
#1471=VERTEX_POINT('',#5017);
#1472=VERTEX_POINT('',#5019);
#1473=VERTEX_POINT('',#5021);
#1474=VERTEX_POINT('',#5023);
#1475=VERTEX_POINT('',#5025);
#1476=VERTEX_POINT('',#5027);
#1477=VERTEX_POINT('',#5030);
#1478=VERTEX_POINT('',#5033);
#1479=VERTEX_POINT('',#5034);
#1480=VERTEX_POINT('',#5036);
#1481=VERTEX_POINT('',#5038);
#1482=VERTEX_POINT('',#5042);
#1483=VERTEX_POINT('',#5044);
#1484=VERTEX_POINT('',#5048);
#1485=VERTEX_POINT('',#5050);
#1486=VERTEX_POINT('',#5052);
#1487=VERTEX_POINT('',#5054);
#1488=VERTEX_POINT('',#5056);
#1489=VERTEX_POINT('',#5058);
#1490=VERTEX_POINT('',#5060);
#1491=VERTEX_POINT('',#5063);
#1492=VERTEX_POINT('',#5066);
#1493=VERTEX_POINT('',#5067);
#1494=VERTEX_POINT('',#5072);
#1495=VERTEX_POINT('',#5076);
#1496=VERTEX_POINT('',#5077);
#1497=VERTEX_POINT('',#5082);
#1498=VERTEX_POINT('',#5133);
#1499=VERTEX_POINT('',#5134);
#1500=VERTEX_POINT('',#5155);
#1501=VERTEX_POINT('',#5164);
#1502=VERTEX_POINT('',#5187);
#1503=VERTEX_POINT('',#5189);
#1504=VERTEX_POINT('',#5191);
#1505=VERTEX_POINT('',#5193);
#1506=VERTEX_POINT('',#5195);
#1507=VERTEX_POINT('',#5197);
#1508=VERTEX_POINT('',#5199);
#1509=VERTEX_POINT('',#5201);
#1510=VERTEX_POINT('',#5203);
#1511=VERTEX_POINT('',#5207);
#1512=VERTEX_POINT('',#5208);
#1513=VERTEX_POINT('',#5213);
#1514=VERTEX_POINT('',#5214);
#1515=VERTEX_POINT('',#5216);
#1516=VERTEX_POINT('',#5218);
#1517=VERTEX_POINT('',#5220);
#1518=VERTEX_POINT('',#5222);
#1519=VERTEX_POINT('',#5224);
#1520=VERTEX_POINT('',#5226);
#1521=VERTEX_POINT('',#5229);
#1522=VERTEX_POINT('',#5231);
#1523=VERTEX_POINT('',#5233);
#1524=VERTEX_POINT('',#5235);
#1525=VERTEX_POINT('',#5237);
#1526=VERTEX_POINT('',#5239);
#1527=VERTEX_POINT('',#5241);
#1528=VERTEX_POINT('',#5243);
#1529=VERTEX_POINT('',#5245);
#1530=VERTEX_POINT('',#5253);
#1531=VERTEX_POINT('',#5258);
#1532=VERTEX_POINT('',#5260);
#1533=VERTEX_POINT('',#5262);
#1534=VERTEX_POINT('',#5264);
#1535=VERTEX_POINT('',#5268);
#1536=VERTEX_POINT('',#5270);
#1537=VERTEX_POINT('',#5276);
#1538=VERTEX_POINT('',#5278);
#1539=VERTEX_POINT('',#5282);
#1540=VERTEX_POINT('',#5288);
#1541=VERTEX_POINT('',#5292);
#1542=VERTEX_POINT('',#5294);
#1543=VERTEX_POINT('',#5298);
#1544=VERTEX_POINT('',#5300);
#1545=VERTEX_POINT('',#5309);
#1546=VERTEX_POINT('',#5311);
#1547=VERTEX_POINT('',#5319);
#1548=VERTEX_POINT('',#5321);
#1549=VERTEX_POINT('',#5323);
#1550=VERTEX_POINT('',#5325);
#1551=VERTEX_POINT('',#5328);
#1552=VERTEX_POINT('',#5331);
#1553=VERTEX_POINT('',#5333);
#1554=VERTEX_POINT('',#5335);
#1555=VERTEX_POINT('',#5337);
#1556=VERTEX_POINT('',#5340);
#1557=VERTEX_POINT('',#5347);
#1558=VERTEX_POINT('',#5349);
#1559=VERTEX_POINT('',#5356);
#1560=VERTEX_POINT('',#5358);
#1561=VERTEX_POINT('',#5362);
#1562=VERTEX_POINT('',#5368);
#1563=VERTEX_POINT('',#5374);
#1564=VERTEX_POINT('',#5376);
#1565=VERTEX_POINT('',#5380);
#1566=VERTEX_POINT('',#5381);
#1567=VERTEX_POINT('',#5383);
#1568=VERTEX_POINT('',#5388);
#1569=VERTEX_POINT('',#5390);
#1570=VERTEX_POINT('',#5400);
#1571=VERTEX_POINT('',#5464);
#1572=VERTEX_POINT('',#5526);
#1573=VERTEX_POINT('',#5528);
#1574=VERTEX_POINT('',#5545);
#1575=VERTEX_POINT('',#5548);
#1576=VERTEX_POINT('',#5552);
#1577=VERTEX_POINT('',#5554);
#1578=VERTEX_POINT('',#5560);
#1579=VERTEX_POINT('',#5564);
#1580=VERTEX_POINT('',#5565);
#1581=VERTEX_POINT('',#5570);
#1582=VERTEX_POINT('',#5572);
#1583=VERTEX_POINT('',#5576);
#1584=VERTEX_POINT('',#5577);
#1585=VERTEX_POINT('',#5582);
#1586=VERTEX_POINT('',#5584);
#1587=VERTEX_POINT('',#5588);
#1588=VERTEX_POINT('',#5595);
#1589=VERTEX_POINT('',#5597);
#1590=VERTEX_POINT('',#5603);
#1591=VERTEX_POINT('',#5604);
#1592=VERTEX_POINT('',#5607);
#1593=VERTEX_POINT('',#5611);
#1594=VERTEX_POINT('',#5613);
#1595=VERTEX_POINT('',#5620);
#1596=VERTEX_POINT('',#5624);
#1597=VERTEX_POINT('',#5628);
#1598=VERTEX_POINT('',#5636);
#1599=VERTEX_POINT('',#5639);
#1600=VERTEX_POINT('',#5641);
#1601=VERTEX_POINT('',#5643);
#1602=EDGE_CURVE('',#1311,#1312,#1182,.T.);
#1603=EDGE_CURVE('',#1311,#1313,#564,.T.);
#1604=EDGE_CURVE('',#1313,#1314,#1183,.T.);
#1605=EDGE_CURVE('',#1312,#1314,#565,.T.);
#1606=EDGE_CURVE('',#1315,#1311,#566,.T.);
#1607=EDGE_CURVE('',#1315,#1316,#567,.T.);
#1608=EDGE_CURVE('',#1316,#1313,#568,.T.);
#1609=EDGE_CURVE('',#1317,#1315,#1184,.T.);
#1610=EDGE_CURVE('',#1317,#1318,#569,.T.);
#1611=EDGE_CURVE('',#1318,#1316,#1185,.T.);
#1612=EDGE_CURVE('',#1319,#1317,#570,.T.);
#1613=EDGE_CURVE('',#1319,#1320,#571,.T.);
#1614=EDGE_CURVE('',#1320,#1318,#572,.T.);
#1615=EDGE_CURVE('',#1321,#1319,#1186,.T.);
#1616=EDGE_CURVE('',#1321,#1322,#573,.T.);
#1617=EDGE_CURVE('',#1322,#1320,#1187,.T.);
#1618=EDGE_CURVE('',#1323,#1321,#574,.T.);
#1619=EDGE_CURVE('',#1323,#1324,#575,.T.);
#1620=EDGE_CURVE('',#1324,#1322,#576,.T.);
#1621=EDGE_CURVE('',#1325,#1323,#1188,.T.);
#1622=EDGE_CURVE('',#1325,#1326,#577,.T.);
#1623=EDGE_CURVE('',#1326,#1324,#1189,.T.);
#1624=EDGE_CURVE('',#1312,#1325,#578,.T.);
#1625=EDGE_CURVE('',#1314,#1326,#579,.T.);
#1626=EDGE_CURVE('',#1327,#1328,#72,.F.);
#1627=EDGE_CURVE('',#1328,#1329,#580,.T.);
#1628=EDGE_CURVE('',#1329,#1330,#68,.F.);
#1629=EDGE_CURVE('',#1330,#1327,#581,.T.);
#1630=EDGE_CURVE('',#1331,#1328,#582,.T.);
#1631=EDGE_CURVE('',#1332,#1331,#583,.F.);
#1632=EDGE_CURVE('',#1333,#1332,#584,.T.);
#1633=EDGE_CURVE('',#1334,#1333,#585,.F.);
#1634=EDGE_CURVE('',#1335,#1334,#586,.T.);
#1635=EDGE_CURVE('',#1336,#1335,#587,.F.);
#1636=EDGE_CURVE('',#1337,#1336,#588,.T.);
#1637=EDGE_CURVE('',#1338,#1337,#589,.F.);
#1638=EDGE_CURVE('',#1339,#1338,#590,.T.);
#1639=EDGE_CURVE('',#1340,#1339,#591,.T.);
#1640=EDGE_CURVE('',#1329,#1340,#592,.T.);
#1641=EDGE_CURVE('',#1341,#1342,#73,.T.);
#1642=EDGE_CURVE('',#1341,#1343,#593,.T.);
#1643=EDGE_CURVE('',#1343,#1344,#74,.F.);
#1644=EDGE_CURVE('',#1344,#1345,#594,.T.);
#1645=EDGE_CURVE('',#1345,#1342,#69,.F.);
#1646=EDGE_CURVE('',#1346,#1341,#595,.F.);
#1647=EDGE_CURVE('',#1347,#1346,#596,.T.);
#1648=EDGE_CURVE('',#1348,#1347,#597,.T.);
#1649=EDGE_CURVE('',#1349,#1348,#598,.T.);
#1650=EDGE_CURVE('',#1350,#1349,#599,.T.);
#1651=EDGE_CURVE('',#1351,#1350,#600,.T.);
#1652=EDGE_CURVE('',#1351,#1352,#601,.T.);
#1653=EDGE_CURVE('',#1353,#1352,#602,.T.);
#1654=EDGE_CURVE('',#1354,#1353,#603,.T.);
#1655=EDGE_CURVE('',#1355,#1354,#604,.T.);
#1656=EDGE_CURVE('',#1355,#1343,#605,.T.);
#1657=EDGE_CURVE('',#1339,#1356,#1190,.T.);
#1658=EDGE_CURVE('',#1356,#1357,#606,.T.);
#1659=EDGE_CURVE('',#1357,#1340,#70,.F.);
#1660=EDGE_CURVE('',#1347,#1358,#1191,.T.);
#1661=EDGE_CURVE('',#1358,#1356,#1192,.T.);
#1662=EDGE_CURVE('',#1339,#1347,#1193,.T.);
#1663=EDGE_CURVE('',#1359,#1360,#71,.T.);
#1664=EDGE_CURVE('',#1359,#1358,#607,.T.);
#1665=EDGE_CURVE('',#1346,#1360,#75,.F.);
#1666=EDGE_CURVE('',#1338,#1348,#1194,.T.);
#1667=EDGE_CURVE('',#1361,#1362,#1195,.T.);
#1668=EDGE_CURVE('',#1362,#1363,#1196,.T.);
#1669=EDGE_CURVE('',#1363,#1364,#1197,.T.);
#1670=EDGE_CURVE('',#1364,#1361,#1198,.T.);
#1671=EDGE_CURVE('',#1365,#1366,#1199,.T.);
#1672=EDGE_CURVE('',#1366,#1362,#608,.T.);
#1673=EDGE_CURVE('',#1361,#1365,#609,.T.);
#1674=EDGE_CURVE('',#1367,#1368,#1200,.T.);
#1675=EDGE_CURVE('',#1368,#1366,#1201,.T.);
#1676=EDGE_CURVE('',#1365,#1367,#1202,.T.);
#1677=EDGE_CURVE('',#1369,#1370,#1203,.T.);
#1678=EDGE_CURVE('',#1370,#1368,#610,.T.);
#1679=EDGE_CURVE('',#1367,#1369,#611,.T.);
#1680=EDGE_CURVE('',#1371,#1372,#1204,.T.);
#1681=EDGE_CURVE('',#1372,#1370,#1205,.T.);
#1682=EDGE_CURVE('',#1369,#1371,#1206,.T.);
#1683=EDGE_CURVE('',#1373,#1374,#1207,.T.);
#1684=EDGE_CURVE('',#1374,#1372,#612,.T.);
#1685=EDGE_CURVE('',#1371,#1373,#613,.T.);
#1686=EDGE_CURVE('',#1375,#1376,#1208,.T.);
#1687=EDGE_CURVE('',#1376,#1374,#1209,.T.);
#1688=EDGE_CURVE('',#1373,#1375,#1210,.T.);
#1689=EDGE_CURVE('',#1373,#1377,#614,.T.);
#1690=EDGE_CURVE('',#1377,#1378,#1211,.T.);
#1691=EDGE_CURVE('',#1378,#1375,#615,.T.);
#1692=EDGE_CURVE('',#1379,#1371,#616,.T.);
#1693=EDGE_CURVE('',#1377,#1379,#617,.T.);
#1694=EDGE_CURVE('',#1369,#1380,#618,.T.);
#1695=EDGE_CURVE('',#1380,#1379,#1212,.T.);
#1696=EDGE_CURVE('',#1381,#1367,#619,.T.);
#1697=EDGE_CURVE('',#1380,#1381,#620,.T.);
#1698=EDGE_CURVE('',#1365,#1382,#621,.T.);
#1699=EDGE_CURVE('',#1382,#1381,#1213,.T.);
#1700=EDGE_CURVE('',#1383,#1361,#622,.T.);
#1701=EDGE_CURVE('',#1382,#1383,#623,.T.);
#1702=EDGE_CURVE('',#1364,#1384,#624,.T.);
#1703=EDGE_CURVE('',#1384,#1383,#1214,.T.);
#1704=EDGE_CURVE('',#1375,#1364,#625,.T.);
#1705=EDGE_CURVE('',#1363,#1360,#626,.T.);
#1706=EDGE_CURVE('',#1342,#1376,#627,.T.);
#1707=EDGE_CURVE('',#1384,#1378,#628,.T.);
#1708=EDGE_CURVE('',#1345,#1330,#629,.T.);
#1709=EDGE_CURVE('',#1327,#1344,#1215,.T.);
#1710=EDGE_CURVE('',#1357,#1359,#630,.T.);
#1711=EDGE_CURVE('',#1385,#1385,#1216,.T.);
#1712=EDGE_CURVE('',#1386,#1387,#1217,.T.);
#1713=EDGE_CURVE('',#1387,#1386,#1218,.T.);
#1714=EDGE_CURVE('',#1387,#1388,#1219,.T.);
#1715=EDGE_CURVE('',#1388,#1388,#1220,.T.);
#1716=EDGE_CURVE('',#1389,#1389,#1221,.T.);
#1717=EDGE_CURVE('',#1389,#1390,#631,.T.);
#1718=EDGE_CURVE('',#1390,#1390,#1222,.T.);
#1719=EDGE_CURVE('',#1391,#1391,#1223,.T.);
#1720=EDGE_CURVE('',#1391,#1392,#632,.T.);
#1721=EDGE_CURVE('',#1392,#1392,#1224,.T.);
#1722=EDGE_CURVE('',#1386,#1393,#633,.T.);
#1723=EDGE_CURVE('',#1393,#1331,#1225,.T.);
#1724=EDGE_CURVE('',#1355,#1393,#1226,.T.);
#1725=EDGE_CURVE('',#1385,#1394,#634,.T.);
#1726=EDGE_CURVE('',#1394,#1394,#1227,.T.);
#1727=EDGE_CURVE('',#1395,#1396,#635,.T.);
#1728=EDGE_CURVE('',#1397,#1395,#636,.T.);
#1729=EDGE_CURVE('',#1398,#1397,#637,.T.);
#1730=EDGE_CURVE('',#1399,#1398,#638,.T.);
#1731=EDGE_CURVE('',#1400,#1399,#639,.T.);
#1732=EDGE_CURVE('',#1396,#1400,#640,.T.);
#1733=EDGE_CURVE('',#1334,#1352,#1228,.T.);
#1734=EDGE_CURVE('',#1351,#1335,#1229,.T.);
#1735=EDGE_CURVE('',#1332,#1354,#641,.T.);
#1736=EDGE_CURVE('',#1333,#1353,#642,.F.);
#1737=EDGE_CURVE('',#1337,#1349,#643,.F.);
#1738=EDGE_CURVE('',#1336,#1350,#644,.T.);
#1739=EDGE_CURVE('',#1401,#1402,#645,.T.);
#1740=EDGE_CURVE('',#1402,#1403,#646,.T.);
#1741=EDGE_CURVE('',#1403,#1404,#647,.T.);
#1742=EDGE_CURVE('',#1404,#1405,#648,.T.);
#1743=EDGE_CURVE('',#1405,#1406,#649,.T.);
#1744=EDGE_CURVE('',#1406,#1401,#650,.T.);
#1745=EDGE_CURVE('',#1403,#1396,#651,.T.);
#1746=EDGE_CURVE('',#1402,#1395,#652,.T.);
#1747=EDGE_CURVE('',#1401,#1397,#653,.T.);
#1748=EDGE_CURVE('',#1406,#1398,#654,.T.);
#1749=EDGE_CURVE('',#1405,#1399,#655,.T.);
#1750=EDGE_CURVE('',#1404,#1400,#656,.T.);
#1751=EDGE_CURVE('',#1407,#1408,#1230,.T.);
#1752=EDGE_CURVE('',#1407,#1409,#657,.T.);
#1753=EDGE_CURVE('',#1410,#1409,#1231,.T.);
#1754=EDGE_CURVE('',#1408,#1410,#658,.T.);
#1755=EDGE_CURVE('',#1408,#1411,#659,.T.);
#1756=EDGE_CURVE('',#1412,#1410,#660,.T.);
#1757=EDGE_CURVE('',#1411,#1412,#661,.T.);
#1758=EDGE_CURVE('',#1411,#1413,#1232,.T.);
#1759=EDGE_CURVE('',#1414,#1412,#1233,.T.);
#1760=EDGE_CURVE('',#1413,#1414,#662,.T.);
#1761=EDGE_CURVE('',#1413,#1415,#663,.T.);
#1762=EDGE_CURVE('',#1416,#1414,#664,.T.);
#1763=EDGE_CURVE('',#1415,#1416,#665,.T.);
#1764=EDGE_CURVE('',#1415,#1417,#1234,.T.);
#1765=EDGE_CURVE('',#1418,#1416,#1235,.T.);
#1766=EDGE_CURVE('',#1417,#1418,#666,.T.);
#1767=EDGE_CURVE('',#1417,#1419,#667,.T.);
#1768=EDGE_CURVE('',#1420,#1418,#668,.T.);
#1769=EDGE_CURVE('',#1419,#1420,#669,.T.);
#1770=EDGE_CURVE('',#1419,#1421,#1236,.T.);
#1771=EDGE_CURVE('',#1422,#1420,#1237,.T.);
#1772=EDGE_CURVE('',#1421,#1422,#670,.T.);
#1773=EDGE_CURVE('',#1421,#1407,#671,.T.);
#1774=EDGE_CURVE('',#1409,#1422,#672,.T.);
#1775=EDGE_CURVE('',#1423,#1424,#1238,.T.);
#1776=EDGE_CURVE('',#1424,#1425,#673,.T.);
#1777=EDGE_CURVE('',#1425,#1426,#1239,.T.);
#1778=EDGE_CURVE('',#1426,#1423,#674,.T.);
#1779=EDGE_CURVE('',#1427,#1426,#675,.T.);
#1780=EDGE_CURVE('',#1428,#1427,#676,.T.);
#1781=EDGE_CURVE('',#1423,#1428,#677,.T.);
#1782=EDGE_CURVE('',#1425,#1429,#678,.T.);
#1783=EDGE_CURVE('',#1430,#1429,#1240,.T.);
#1784=EDGE_CURVE('',#1430,#1431,#679,.T.);
#1785=EDGE_CURVE('',#1432,#1431,#1241,.T.);
#1786=EDGE_CURVE('',#1432,#1433,#680,.T.);
#1787=EDGE_CURVE('',#1427,#1433,#1242,.T.);
#1788=EDGE_CURVE('',#1434,#1435,#1243,.T.);
#1789=EDGE_CURVE('',#1435,#1430,#681,.T.);
#1790=EDGE_CURVE('',#1429,#1434,#682,.T.);
#1791=EDGE_CURVE('',#1436,#1435,#683,.T.);
#1792=EDGE_CURVE('',#1431,#1436,#684,.T.);
#1793=EDGE_CURVE('',#1436,#1437,#1244,.T.);
#1794=EDGE_CURVE('',#1437,#1432,#685,.T.);
#1795=EDGE_CURVE('',#1438,#1428,#1245,.T.);
#1796=EDGE_CURVE('',#1433,#1438,#686,.T.);
#1797=EDGE_CURVE('',#1438,#1437,#687,.T.);
#1798=EDGE_CURVE('',#1434,#1424,#688,.T.);
#1799=EDGE_CURVE('',#1439,#1439,#1246,.T.);
#1800=EDGE_CURVE('',#1439,#1440,#689,.T.);
#1801=EDGE_CURVE('',#1440,#1440,#1247,.T.);
#1802=EDGE_CURVE('',#1441,#1441,#1248,.T.);
#1803=EDGE_CURVE('',#1441,#1442,#690,.T.);
#1804=EDGE_CURVE('',#1443,#1442,#1249,.T.);
#1805=EDGE_CURVE('',#1444,#1443,#1250,.T.);
#1806=EDGE_CURVE('',#1445,#1444,#1251,.T.);
#1807=EDGE_CURVE('',#1442,#1445,#1252,.T.);
#1808=EDGE_CURVE('',#1445,#1446,#691,.T.);
#1809=EDGE_CURVE('',#1446,#1442,#692,.T.);
#1810=EDGE_CURVE('',#1444,#1447,#693,.T.);
#1811=EDGE_CURVE('',#1447,#1445,#694,.T.);
#1812=EDGE_CURVE('',#1443,#1448,#695,.T.);
#1813=EDGE_CURVE('',#1448,#1444,#696,.T.);
#1814=EDGE_CURVE('',#1442,#1449,#697,.T.);
#1815=EDGE_CURVE('',#1449,#1443,#698,.T.);
#1816=EDGE_CURVE('',#1450,#1451,#699,.T.);
#1817=EDGE_CURVE('',#1450,#1448,#700,.T.);
#1818=EDGE_CURVE('',#1451,#1449,#701,.T.);
#1819=EDGE_CURVE('',#1452,#1451,#702,.T.);
#1820=EDGE_CURVE('',#1452,#1446,#703,.T.);
#1821=EDGE_CURVE('',#1453,#1452,#704,.T.);
#1822=EDGE_CURVE('',#1453,#1447,#705,.T.);
#1823=EDGE_CURVE('',#1450,#1453,#706,.T.);
#1824=EDGE_CURVE('',#1454,#1455,#707,.T.);
#1825=EDGE_CURVE('',#1454,#1456,#708,.T.);
#1826=EDGE_CURVE('',#1457,#1456,#709,.T.);
#1827=EDGE_CURVE('',#1455,#1457,#710,.T.);
#1828=EDGE_CURVE('',#1458,#1455,#711,.T.);
#1829=EDGE_CURVE('',#1459,#1457,#712,.T.);
#1830=EDGE_CURVE('',#1458,#1459,#713,.T.);
#1831=EDGE_CURVE('',#1460,#1458,#714,.T.);
#1832=EDGE_CURVE('',#1461,#1459,#715,.T.);
#1833=EDGE_CURVE('',#1460,#1461,#716,.T.);
#1834=EDGE_CURVE('',#1454,#1460,#717,.T.);
#1835=EDGE_CURVE('',#1456,#1461,#718,.T.);
#1836=EDGE_CURVE('',#1462,#1462,#1253,.T.);
#1837=EDGE_CURVE('',#1462,#1463,#719,.T.);
#1838=EDGE_CURVE('',#1463,#1463,#1254,.T.);
#1839=EDGE_CURVE('',#1464,#1465,#1255,.T.);
#1840=EDGE_CURVE('',#1465,#1466,#720,.T.);
#1841=EDGE_CURVE('',#1466,#1467,#1256,.T.);
#1842=EDGE_CURVE('',#1467,#1464,#721,.T.);
#1843=EDGE_CURVE('',#1468,#1465,#1257,.T.);
#1844=EDGE_CURVE('',#1469,#1468,#722,.T.);
#1845=EDGE_CURVE('',#1469,#1466,#1258,.T.);
#1846=EDGE_CURVE('',#1464,#1470,#723,.T.);
#1847=EDGE_CURVE('',#1471,#1470,#1259,.T.);
#1848=EDGE_CURVE('',#1471,#1472,#1260,.T.);
#1849=EDGE_CURVE('',#1472,#1473,#724,.T.);
#1850=EDGE_CURVE('',#1473,#1474,#725,.T.);
#1851=EDGE_CURVE('',#1474,#1475,#726,.T.);
#1852=EDGE_CURVE('',#1475,#1476,#727,.T.);
#1853=EDGE_CURVE('',#1476,#1468,#728,.T.);
#1854=EDGE_CURVE('',#1477,#1477,#1261,.T.);
#1855=EDGE_CURVE('',#1478,#1479,#1262,.T.);
#1856=EDGE_CURVE('',#1479,#1480,#729,.T.);
#1857=EDGE_CURVE('',#1480,#1481,#1263,.T.);
#1858=EDGE_CURVE('',#1481,#1478,#730,.T.);
#1859=EDGE_CURVE('',#1482,#1479,#1264,.T.);
#1860=EDGE_CURVE('',#1483,#1482,#731,.T.);
#1861=EDGE_CURVE('',#1483,#1480,#1265,.T.);
#1862=EDGE_CURVE('',#1478,#1484,#732,.T.);
#1863=EDGE_CURVE('',#1485,#1484,#1266,.T.);
#1864=EDGE_CURVE('',#1485,#1486,#1267,.T.);
#1865=EDGE_CURVE('',#1486,#1487,#733,.T.);
#1866=EDGE_CURVE('',#1487,#1488,#734,.T.);
#1867=EDGE_CURVE('',#1488,#1489,#735,.T.);
#1868=EDGE_CURVE('',#1489,#1490,#736,.T.);
#1869=EDGE_CURVE('',#1490,#1482,#737,.T.);
#1870=EDGE_CURVE('',#1491,#1491,#1268,.T.);
#1871=EDGE_CURVE('',#1492,#1493,#1269,.T.);
#1872=EDGE_CURVE('',#1493,#1471,#738,.T.);
#1873=EDGE_CURVE('',#1470,#1492,#739,.T.);
#1874=EDGE_CURVE('',#1493,#1494,#1270,.T.);
#1875=EDGE_CURVE('',#1494,#1472,#740,.T.);
#1876=EDGE_CURVE('',#1495,#1496,#1271,.T.);
#1877=EDGE_CURVE('',#1496,#1485,#741,.T.);
#1878=EDGE_CURVE('',#1484,#1495,#742,.T.);
#1879=EDGE_CURVE('',#1496,#1497,#1272,.T.);
#1880=EDGE_CURVE('',#1497,#1486,#743,.T.);
#1881=EDGE_CURVE('',#1498,#1499,#76,.T.);
#1882=EDGE_CURVE('',#1498,#1500,#77,.T.);
#1883=EDGE_CURVE('',#1500,#1501,#78,.F.);
#1884=EDGE_CURVE('',#1499,#1501,#1273,.T.);
#1885=EDGE_CURVE('',#1498,#1502,#744,.T.);
#1886=EDGE_CURVE('',#1502,#1503,#745,.T.);
#1887=EDGE_CURVE('',#1504,#1503,#746,.T.);
#1888=EDGE_CURVE('',#1505,#1504,#747,.T.);
#1889=EDGE_CURVE('',#1506,#1505,#748,.T.);
#1890=EDGE_CURVE('',#1506,#1507,#749,.T.);
#1891=EDGE_CURVE('',#1508,#1507,#750,.F.);
#1892=EDGE_CURVE('',#1508,#1509,#751,.T.);
#1893=EDGE_CURVE('',#1509,#1510,#752,.T.);
#1894=EDGE_CURVE('',#1510,#1500,#753,.T.);
#1895=EDGE_CURVE('',#1511,#1512,#754,.T.);
#1896=EDGE_CURVE('',#1512,#1508,#755,.T.);
#1897=EDGE_CURVE('',#1507,#1511,#756,.T.);
#1898=EDGE_CURVE('',#1513,#1514,#1274,.T.);
#1899=EDGE_CURVE('',#1513,#1515,#757,.T.);
#1900=EDGE_CURVE('',#1516,#1515,#1275,.T.);
#1901=EDGE_CURVE('',#1516,#1517,#758,.T.);
#1902=EDGE_CURVE('',#1518,#1517,#1276,.T.);
#1903=EDGE_CURVE('',#1518,#1519,#759,.T.);
#1904=EDGE_CURVE('',#1520,#1519,#1277,.T.);
#1905=EDGE_CURVE('',#1520,#1514,#760,.T.);
#1906=EDGE_CURVE('',#1511,#1521,#761,.T.);
#1907=EDGE_CURVE('',#1521,#1522,#762,.T.);
#1908=EDGE_CURVE('',#1522,#1523,#763,.T.);
#1909=EDGE_CURVE('',#1524,#1523,#764,.T.);
#1910=EDGE_CURVE('',#1524,#1525,#765,.F.);
#1911=EDGE_CURVE('',#1526,#1525,#766,.T.);
#1912=EDGE_CURVE('',#1526,#1527,#767,.T.);
#1913=EDGE_CURVE('',#1527,#1528,#768,.F.);
#1914=EDGE_CURVE('',#1528,#1529,#769,.T.);
#1915=EDGE_CURVE('',#1529,#1512,#770,.T.);
#1916=EDGE_CURVE('',#1521,#1506,#771,.T.);
#1917=EDGE_CURVE('',#1509,#1529,#772,.T.);
#1918=EDGE_CURVE('',#1502,#1530,#1278,.T.);
#1919=EDGE_CURVE('',#1530,#1510,#1279,.T.);
#1920=EDGE_CURVE('',#1503,#1528,#773,.T.);
#1921=EDGE_CURVE('',#1505,#1531,#774,.T.);
#1922=EDGE_CURVE('',#1532,#1531,#775,.T.);
#1923=EDGE_CURVE('',#1532,#1533,#776,.T.);
#1924=EDGE_CURVE('',#1533,#1534,#777,.T.);
#1925=EDGE_CURVE('',#1534,#1522,#778,.T.);
#1926=EDGE_CURVE('',#1523,#1535,#779,.T.);
#1927=EDGE_CURVE('',#1535,#1536,#780,.F.);
#1928=EDGE_CURVE('',#1524,#1536,#781,.T.);
#1929=EDGE_CURVE('',#1535,#1534,#782,.T.);
#1930=EDGE_CURVE('',#1537,#1525,#783,.T.);
#1931=EDGE_CURVE('',#1537,#1538,#784,.F.);
#1932=EDGE_CURVE('',#1538,#1526,#785,.T.);
#1933=EDGE_CURVE('',#1539,#1538,#786,.T.);
#1934=EDGE_CURVE('',#1527,#1539,#787,.T.);
#1935=EDGE_CURVE('',#1536,#1537,#788,.T.);
#1936=EDGE_CURVE('',#1540,#1533,#789,.T.);
#1937=EDGE_CURVE('',#1539,#1540,#790,.T.);
#1938=EDGE_CURVE('',#1517,#1541,#791,.T.);
#1939=EDGE_CURVE('',#1541,#1542,#1280,.T.);
#1940=EDGE_CURVE('',#1542,#1518,#792,.T.);
#1941=EDGE_CURVE('',#1540,#1543,#793,.T.);
#1942=EDGE_CURVE('',#1544,#1543,#794,.F.);
#1943=EDGE_CURVE('',#1544,#1504,#795,.T.);
#1944=EDGE_CURVE('',#1543,#1532,#796,.T.);
#1945=EDGE_CURVE('',#1531,#1544,#797,.T.);
#1946=EDGE_CURVE('',#1515,#1545,#798,.T.);
#1947=EDGE_CURVE('',#1545,#1546,#1281,.T.);
#1948=EDGE_CURVE('',#1546,#1516,#799,.T.);
#1949=EDGE_CURVE('',#1492,#1467,#800,.T.);
#1950=EDGE_CURVE('',#1495,#1481,#801,.T.);
#1951=EDGE_CURVE('',#1547,#1483,#802,.T.);
#1952=EDGE_CURVE('',#1547,#1548,#803,.T.);
#1953=EDGE_CURVE('',#1548,#1549,#804,.T.);
#1954=EDGE_CURVE('',#1549,#1550,#805,.T.);
#1955=EDGE_CURVE('',#1497,#1550,#806,.T.);
#1956=EDGE_CURVE('',#1551,#1551,#1282,.T.);
#1957=EDGE_CURVE('',#1552,#1469,#807,.T.);
#1958=EDGE_CURVE('',#1552,#1553,#808,.T.);
#1959=EDGE_CURVE('',#1553,#1554,#809,.T.);
#1960=EDGE_CURVE('',#1554,#1555,#810,.T.);
#1961=EDGE_CURVE('',#1494,#1555,#811,.T.);
#1962=EDGE_CURVE('',#1556,#1556,#1283,.T.);
#1963=EDGE_CURVE('',#1477,#1556,#812,.T.);
#1964=EDGE_CURVE('',#1491,#1551,#813,.T.);
#1965=EDGE_CURVE('',#1487,#1557,#814,.T.);
#1966=EDGE_CURVE('',#1557,#1558,#815,.T.);
#1967=EDGE_CURVE('',#1558,#1488,#816,.T.);
#1968=EDGE_CURVE('',#1473,#1550,#817,.T.);
#1969=EDGE_CURVE('',#1549,#1474,#818,.T.);
#1970=EDGE_CURVE('',#1554,#1559,#819,.T.);
#1971=EDGE_CURVE('',#1560,#1559,#820,.T.);
#1972=EDGE_CURVE('',#1560,#1555,#821,.T.);
#1973=EDGE_CURVE('',#1561,#1558,#822,.T.);
#1974=EDGE_CURVE('',#1489,#1561,#823,.T.);
#1975=EDGE_CURVE('',#1475,#1548,#824,.T.);
#1976=EDGE_CURVE('',#1562,#1553,#825,.T.);
#1977=EDGE_CURVE('',#1559,#1562,#826,.T.);
#1978=EDGE_CURVE('',#1476,#1552,#827,.T.);
#1979=EDGE_CURVE('',#1490,#1547,#828,.T.);
#1980=EDGE_CURVE('',#1563,#1561,#829,.T.);
#1981=EDGE_CURVE('',#1563,#1564,#830,.T.);
#1982=EDGE_CURVE('',#1564,#1562,#831,.T.);
#1983=EDGE_CURVE('',#1565,#1566,#1284,.T.);
#1984=EDGE_CURVE('',#1566,#1567,#1285,.T.);
#1985=EDGE_CURVE('',#1567,#1567,#1286,.T.);
#1986=EDGE_CURVE('',#1566,#1565,#1287,.T.);
#1987=EDGE_CURVE('',#1565,#1568,#832,.T.);
#1988=EDGE_CURVE('',#1569,#1568,#79,.T.);
#1989=EDGE_CURVE('',#1570,#1569,#1288,.T.);
#1990=EDGE_CURVE('',#1568,#1570,#80,.T.);
#1991=EDGE_CURVE('',#1571,#1571,#1289,.T.);
#1992=EDGE_CURVE('',#1570,#1572,#1290,.T.);
#1993=EDGE_CURVE('',#1572,#1573,#81,.T.);
#1994=EDGE_CURVE('',#1573,#1569,#1291,.T.);
#1995=EDGE_CURVE('',#1573,#1572,#1292,.T.);
#1996=EDGE_CURVE('',#1572,#1574,#833,.T.);
#1997=EDGE_CURVE('',#1559,#1574,#1293,.T.);
#1998=EDGE_CURVE('',#1575,#1562,#1294,.T.);
#1999=EDGE_CURVE('',#1575,#1573,#834,.T.);
#2000=EDGE_CURVE('',#1576,#1575,#835,.T.);
#2001=EDGE_CURVE('',#1577,#1576,#836,.T.);
#2002=EDGE_CURVE('',#1574,#1577,#837,.T.);
#2003=EDGE_CURVE('',#1571,#1530,#838,.T.);
#2004=EDGE_CURVE('',#1574,#1578,#839,.T.);
#2005=EDGE_CURVE('',#1578,#1560,#1295,.T.);
#2006=EDGE_CURVE('',#1579,#1580,#840,.T.);
#2007=EDGE_CURVE('',#1580,#1558,#1296,.T.);
#2008=EDGE_CURVE('',#1557,#1579,#1297,.T.);
#2009=EDGE_CURVE('',#1579,#1581,#841,.T.);
#2010=EDGE_CURVE('',#1581,#1582,#842,.T.);
#2011=EDGE_CURVE('',#1582,#1580,#843,.T.);
#2012=EDGE_CURVE('',#1583,#1584,#844,.T.);
#2013=EDGE_CURVE('',#1584,#1582,#1298,.T.);
#2014=EDGE_CURVE('',#1581,#1583,#1299,.T.);
#2015=EDGE_CURVE('',#1583,#1585,#845,.T.);
#2016=EDGE_CURVE('',#1585,#1586,#846,.T.);
#2017=EDGE_CURVE('',#1586,#1584,#847,.T.);
#2018=EDGE_CURVE('',#1587,#1577,#848,.T.);
#2019=EDGE_CURVE('',#1577,#1586,#1300,.T.);
#2020=EDGE_CURVE('',#1585,#1587,#1301,.T.);
#2021=EDGE_CURVE('',#1587,#1578,#849,.T.);
#2022=EDGE_CURVE('',#1588,#1586,#850,.T.);
#2023=EDGE_CURVE('',#1589,#1588,#851,.T.);
#2024=EDGE_CURVE('',#1584,#1589,#852,.T.);
#2025=EDGE_CURVE('',#1588,#1576,#1302,.T.);
#2026=EDGE_CURVE('',#1590,#1591,#853,.T.);
#2027=EDGE_CURVE('',#1591,#1589,#1303,.T.);
#2028=EDGE_CURVE('',#1589,#1592,#854,.T.);
#2029=EDGE_CURVE('',#1592,#1590,#1304,.T.);
#2030=EDGE_CURVE('',#1590,#1593,#855,.T.);
#2031=EDGE_CURVE('',#1593,#1594,#856,.T.);
#2032=EDGE_CURVE('',#1594,#1591,#857,.T.);
#2033=EDGE_CURVE('',#1561,#1594,#1305,.T.);
#2034=EDGE_CURVE('',#1593,#1563,#1306,.T.);
#2035=EDGE_CURVE('',#1595,#1575,#858,.T.);
#2036=EDGE_CURVE('',#1564,#1595,#1307,.T.);
#2037=EDGE_CURVE('',#1595,#1596,#859,.T.);
#2038=EDGE_CURVE('',#1596,#1576,#860,.T.);
#2039=EDGE_CURVE('',#1597,#1588,#861,.T.);
#2040=EDGE_CURVE('',#1596,#1597,#1308,.T.);
#2041=EDGE_CURVE('',#1597,#1592,#862,.T.);
#2042=EDGE_CURVE('',#1591,#1582,#863,.T.);
#2043=EDGE_CURVE('',#1598,#1542,#864,.T.);
#2044=EDGE_CURVE('',#1541,#1546,#865,.T.);
#2045=EDGE_CURVE('',#1545,#1599,#866,.T.);
#2046=EDGE_CURVE('',#1600,#1599,#1309,.T.);
#2047=EDGE_CURVE('',#1600,#1601,#867,.T.);
#2048=EDGE_CURVE('',#1598,#1601,#1310,.T.);
#2049=EDGE_CURVE('',#1519,#1598,#868,.T.);
#2050=EDGE_CURVE('',#1601,#1520,#869,.T.);
#2051=EDGE_CURVE('',#1514,#1600,#870,.T.);
#2052=EDGE_CURVE('',#1599,#1513,#871,.T.);
#2053=EDGE_CURVE('',#1580,#1594,#872,.T.);
#2054=ORIENTED_EDGE('',*,*,#1602,.F.);
#2055=ORIENTED_EDGE('',*,*,#1603,.T.);
#2056=ORIENTED_EDGE('',*,*,#1604,.T.);
#2057=ORIENTED_EDGE('',*,*,#1605,.F.);
#2058=ORIENTED_EDGE('',*,*,#1606,.F.);
#2059=ORIENTED_EDGE('',*,*,#1607,.T.);
#2060=ORIENTED_EDGE('',*,*,#1608,.T.);
#2061=ORIENTED_EDGE('',*,*,#1603,.F.);
#2062=ORIENTED_EDGE('',*,*,#1609,.F.);
#2063=ORIENTED_EDGE('',*,*,#1610,.T.);
#2064=ORIENTED_EDGE('',*,*,#1611,.T.);
#2065=ORIENTED_EDGE('',*,*,#1607,.F.);
#2066=ORIENTED_EDGE('',*,*,#1612,.F.);
#2067=ORIENTED_EDGE('',*,*,#1613,.T.);
#2068=ORIENTED_EDGE('',*,*,#1614,.T.);
#2069=ORIENTED_EDGE('',*,*,#1610,.F.);
#2070=ORIENTED_EDGE('',*,*,#1615,.F.);
#2071=ORIENTED_EDGE('',*,*,#1616,.T.);
#2072=ORIENTED_EDGE('',*,*,#1617,.T.);
#2073=ORIENTED_EDGE('',*,*,#1613,.F.);
#2074=ORIENTED_EDGE('',*,*,#1618,.F.);
#2075=ORIENTED_EDGE('',*,*,#1619,.T.);
#2076=ORIENTED_EDGE('',*,*,#1620,.T.);
#2077=ORIENTED_EDGE('',*,*,#1616,.F.);
#2078=ORIENTED_EDGE('',*,*,#1621,.F.);
#2079=ORIENTED_EDGE('',*,*,#1622,.T.);
#2080=ORIENTED_EDGE('',*,*,#1623,.T.);
#2081=ORIENTED_EDGE('',*,*,#1619,.F.);
#2082=ORIENTED_EDGE('',*,*,#1624,.F.);
#2083=ORIENTED_EDGE('',*,*,#1605,.T.);
#2084=ORIENTED_EDGE('',*,*,#1625,.T.);
#2085=ORIENTED_EDGE('',*,*,#1622,.F.);
#2086=ORIENTED_EDGE('',*,*,#1625,.F.);
#2087=ORIENTED_EDGE('',*,*,#1604,.F.);
#2088=ORIENTED_EDGE('',*,*,#1608,.F.);
#2089=ORIENTED_EDGE('',*,*,#1611,.F.);
#2090=ORIENTED_EDGE('',*,*,#1614,.F.);
#2091=ORIENTED_EDGE('',*,*,#1617,.F.);
#2092=ORIENTED_EDGE('',*,*,#1620,.F.);
#2093=ORIENTED_EDGE('',*,*,#1623,.F.);
#2094=ORIENTED_EDGE('',*,*,#1626,.T.);
#2095=ORIENTED_EDGE('',*,*,#1627,.T.);
#2096=ORIENTED_EDGE('',*,*,#1628,.T.);
#2097=ORIENTED_EDGE('',*,*,#1629,.T.);
#2098=ORIENTED_EDGE('',*,*,#1627,.F.);
#2099=ORIENTED_EDGE('',*,*,#1630,.F.);
#2100=ORIENTED_EDGE('',*,*,#1631,.F.);
#2101=ORIENTED_EDGE('',*,*,#1632,.F.);
#2102=ORIENTED_EDGE('',*,*,#1633,.F.);
#2103=ORIENTED_EDGE('',*,*,#1634,.F.);
#2104=ORIENTED_EDGE('',*,*,#1635,.F.);
#2105=ORIENTED_EDGE('',*,*,#1636,.F.);
#2106=ORIENTED_EDGE('',*,*,#1637,.F.);
#2107=ORIENTED_EDGE('',*,*,#1638,.F.);
#2108=ORIENTED_EDGE('',*,*,#1639,.F.);
#2109=ORIENTED_EDGE('',*,*,#1640,.F.);
#2110=ORIENTED_EDGE('',*,*,#1641,.F.);
#2111=ORIENTED_EDGE('',*,*,#1642,.T.);
#2112=ORIENTED_EDGE('',*,*,#1643,.T.);
#2113=ORIENTED_EDGE('',*,*,#1644,.T.);
#2114=ORIENTED_EDGE('',*,*,#1645,.T.);
#2115=ORIENTED_EDGE('',*,*,#1642,.F.);
#2116=ORIENTED_EDGE('',*,*,#1646,.F.);
#2117=ORIENTED_EDGE('',*,*,#1647,.F.);
#2118=ORIENTED_EDGE('',*,*,#1648,.F.);
#2119=ORIENTED_EDGE('',*,*,#1649,.F.);
#2120=ORIENTED_EDGE('',*,*,#1650,.F.);
#2121=ORIENTED_EDGE('',*,*,#1651,.F.);
#2122=ORIENTED_EDGE('',*,*,#1652,.T.);
#2123=ORIENTED_EDGE('',*,*,#1653,.F.);
#2124=ORIENTED_EDGE('',*,*,#1654,.F.);
#2125=ORIENTED_EDGE('',*,*,#1655,.F.);
#2126=ORIENTED_EDGE('',*,*,#1656,.T.);
#2127=ORIENTED_EDGE('',*,*,#1657,.T.);
#2128=ORIENTED_EDGE('',*,*,#1658,.T.);
#2129=ORIENTED_EDGE('',*,*,#1659,.T.);
#2130=ORIENTED_EDGE('',*,*,#1639,.T.);
#2131=ORIENTED_EDGE('',*,*,#1660,.T.);
#2132=ORIENTED_EDGE('',*,*,#1661,.T.);
#2133=ORIENTED_EDGE('',*,*,#1657,.F.);
#2134=ORIENTED_EDGE('',*,*,#1662,.T.);
#2135=ORIENTED_EDGE('',*,*,#1663,.F.);
#2136=ORIENTED_EDGE('',*,*,#1664,.T.);
#2137=ORIENTED_EDGE('',*,*,#1660,.F.);
#2138=ORIENTED_EDGE('',*,*,#1647,.T.);
#2139=ORIENTED_EDGE('',*,*,#1665,.T.);
#2140=ORIENTED_EDGE('',*,*,#1662,.F.);
#2141=ORIENTED_EDGE('',*,*,#1638,.T.);
#2142=ORIENTED_EDGE('',*,*,#1666,.T.);
#2143=ORIENTED_EDGE('',*,*,#1648,.T.);
#2144=ORIENTED_EDGE('',*,*,#1667,.T.);
#2145=ORIENTED_EDGE('',*,*,#1668,.T.);
#2146=ORIENTED_EDGE('',*,*,#1669,.T.);
#2147=ORIENTED_EDGE('',*,*,#1670,.T.);
#2148=ORIENTED_EDGE('',*,*,#1671,.T.);
#2149=ORIENTED_EDGE('',*,*,#1672,.T.);
#2150=ORIENTED_EDGE('',*,*,#1667,.F.);
#2151=ORIENTED_EDGE('',*,*,#1673,.T.);
#2152=ORIENTED_EDGE('',*,*,#1674,.T.);
#2153=ORIENTED_EDGE('',*,*,#1675,.T.);
#2154=ORIENTED_EDGE('',*,*,#1671,.F.);
#2155=ORIENTED_EDGE('',*,*,#1676,.T.);
#2156=ORIENTED_EDGE('',*,*,#1677,.T.);
#2157=ORIENTED_EDGE('',*,*,#1678,.T.);
#2158=ORIENTED_EDGE('',*,*,#1674,.F.);
#2159=ORIENTED_EDGE('',*,*,#1679,.T.);
#2160=ORIENTED_EDGE('',*,*,#1680,.T.);
#2161=ORIENTED_EDGE('',*,*,#1681,.T.);
#2162=ORIENTED_EDGE('',*,*,#1677,.F.);
#2163=ORIENTED_EDGE('',*,*,#1682,.T.);
#2164=ORIENTED_EDGE('',*,*,#1683,.T.);
#2165=ORIENTED_EDGE('',*,*,#1684,.T.);
#2166=ORIENTED_EDGE('',*,*,#1680,.F.);
#2167=ORIENTED_EDGE('',*,*,#1685,.T.);
#2168=ORIENTED_EDGE('',*,*,#1686,.T.);
#2169=ORIENTED_EDGE('',*,*,#1687,.T.);
#2170=ORIENTED_EDGE('',*,*,#1683,.F.);
#2171=ORIENTED_EDGE('',*,*,#1688,.T.);
#2172=ORIENTED_EDGE('',*,*,#1688,.F.);
#2173=ORIENTED_EDGE('',*,*,#1689,.T.);
#2174=ORIENTED_EDGE('',*,*,#1690,.T.);
#2175=ORIENTED_EDGE('',*,*,#1691,.T.);
#2176=ORIENTED_EDGE('',*,*,#1685,.F.);
#2177=ORIENTED_EDGE('',*,*,#1692,.F.);
#2178=ORIENTED_EDGE('',*,*,#1693,.F.);
#2179=ORIENTED_EDGE('',*,*,#1689,.F.);
#2180=ORIENTED_EDGE('',*,*,#1682,.F.);
#2181=ORIENTED_EDGE('',*,*,#1694,.T.);
#2182=ORIENTED_EDGE('',*,*,#1695,.T.);
#2183=ORIENTED_EDGE('',*,*,#1692,.T.);
#2184=ORIENTED_EDGE('',*,*,#1679,.F.);
#2185=ORIENTED_EDGE('',*,*,#1696,.F.);
#2186=ORIENTED_EDGE('',*,*,#1697,.F.);
#2187=ORIENTED_EDGE('',*,*,#1694,.F.);
#2188=ORIENTED_EDGE('',*,*,#1676,.F.);
#2189=ORIENTED_EDGE('',*,*,#1698,.T.);
#2190=ORIENTED_EDGE('',*,*,#1699,.T.);
#2191=ORIENTED_EDGE('',*,*,#1696,.T.);
#2192=ORIENTED_EDGE('',*,*,#1673,.F.);
#2193=ORIENTED_EDGE('',*,*,#1700,.F.);
#2194=ORIENTED_EDGE('',*,*,#1701,.F.);
#2195=ORIENTED_EDGE('',*,*,#1698,.F.);
#2196=ORIENTED_EDGE('',*,*,#1670,.F.);
#2197=ORIENTED_EDGE('',*,*,#1702,.T.);
#2198=ORIENTED_EDGE('',*,*,#1703,.T.);
#2199=ORIENTED_EDGE('',*,*,#1700,.T.);
#2200=ORIENTED_EDGE('',*,*,#1686,.F.);
#2201=ORIENTED_EDGE('',*,*,#1704,.T.);
#2202=ORIENTED_EDGE('',*,*,#1669,.F.);
#2203=ORIENTED_EDGE('',*,*,#1705,.T.);
#2204=ORIENTED_EDGE('',*,*,#1665,.F.);
#2205=ORIENTED_EDGE('',*,*,#1646,.T.);
#2206=ORIENTED_EDGE('',*,*,#1641,.T.);
#2207=ORIENTED_EDGE('',*,*,#1706,.T.);
#2208=ORIENTED_EDGE('',*,*,#1704,.F.);
#2209=ORIENTED_EDGE('',*,*,#1691,.F.);
#2210=ORIENTED_EDGE('',*,*,#1707,.F.);
#2211=ORIENTED_EDGE('',*,*,#1702,.F.);
#2212=ORIENTED_EDGE('',*,*,#1629,.F.);
#2213=ORIENTED_EDGE('',*,*,#1708,.F.);
#2214=ORIENTED_EDGE('',*,*,#1644,.F.);
#2215=ORIENTED_EDGE('',*,*,#1709,.F.);
#2216=ORIENTED_EDGE('',*,*,#1687,.F.);
#2217=ORIENTED_EDGE('',*,*,#1706,.F.);
#2218=ORIENTED_EDGE('',*,*,#1645,.F.);
#2219=ORIENTED_EDGE('',*,*,#1708,.T.);
#2220=ORIENTED_EDGE('',*,*,#1628,.F.);
#2221=ORIENTED_EDGE('',*,*,#1640,.T.);
#2222=ORIENTED_EDGE('',*,*,#1659,.F.);
#2223=ORIENTED_EDGE('',*,*,#1710,.T.);
#2224=ORIENTED_EDGE('',*,*,#1663,.T.);
#2225=ORIENTED_EDGE('',*,*,#1705,.F.);
#2226=ORIENTED_EDGE('',*,*,#1668,.F.);
#2227=ORIENTED_EDGE('',*,*,#1672,.F.);
#2228=ORIENTED_EDGE('',*,*,#1675,.F.);
#2229=ORIENTED_EDGE('',*,*,#1678,.F.);
#2230=ORIENTED_EDGE('',*,*,#1681,.F.);
#2231=ORIENTED_EDGE('',*,*,#1684,.F.);
#2232=ORIENTED_EDGE('',*,*,#1664,.F.);
#2233=ORIENTED_EDGE('',*,*,#1710,.F.);
#2234=ORIENTED_EDGE('',*,*,#1658,.F.);
#2235=ORIENTED_EDGE('',*,*,#1661,.F.);
#2236=ORIENTED_EDGE('',*,*,#1711,.T.);
#2237=ORIENTED_EDGE('',*,*,#1690,.F.);
#2238=ORIENTED_EDGE('',*,*,#1693,.T.);
#2239=ORIENTED_EDGE('',*,*,#1695,.F.);
#2240=ORIENTED_EDGE('',*,*,#1697,.T.);
#2241=ORIENTED_EDGE('',*,*,#1699,.F.);
#2242=ORIENTED_EDGE('',*,*,#1701,.T.);
#2243=ORIENTED_EDGE('',*,*,#1703,.F.);
#2244=ORIENTED_EDGE('',*,*,#1707,.T.);
#2245=ORIENTED_EDGE('',*,*,#1602,.T.);
#2246=ORIENTED_EDGE('',*,*,#1624,.T.);
#2247=ORIENTED_EDGE('',*,*,#1621,.T.);
#2248=ORIENTED_EDGE('',*,*,#1618,.T.);
#2249=ORIENTED_EDGE('',*,*,#1615,.T.);
#2250=ORIENTED_EDGE('',*,*,#1612,.T.);
#2251=ORIENTED_EDGE('',*,*,#1609,.T.);
#2252=ORIENTED_EDGE('',*,*,#1606,.T.);
#2253=ORIENTED_EDGE('',*,*,#1712,.F.);
#2254=ORIENTED_EDGE('',*,*,#1713,.F.);
#2255=ORIENTED_EDGE('',*,*,#1714,.T.);
#2256=ORIENTED_EDGE('',*,*,#1715,.F.);
#2257=ORIENTED_EDGE('',*,*,#1714,.F.);
#2258=ORIENTED_EDGE('',*,*,#1716,.F.);
#2259=ORIENTED_EDGE('',*,*,#1717,.T.);
#2260=ORIENTED_EDGE('',*,*,#1718,.F.);
#2261=ORIENTED_EDGE('',*,*,#1717,.F.);
#2262=ORIENTED_EDGE('',*,*,#1719,.F.);
#2263=ORIENTED_EDGE('',*,*,#1720,.T.);
#2264=ORIENTED_EDGE('',*,*,#1721,.F.);
#2265=ORIENTED_EDGE('',*,*,#1720,.F.);
#2266=ORIENTED_EDGE('',*,*,#1712,.T.);
#2267=ORIENTED_EDGE('',*,*,#1713,.T.);
#2268=ORIENTED_EDGE('',*,*,#1722,.T.);
#2269=ORIENTED_EDGE('',*,*,#1723,.T.);
#2270=ORIENTED_EDGE('',*,*,#1630,.T.);
#2271=ORIENTED_EDGE('',*,*,#1626,.F.);
#2272=ORIENTED_EDGE('',*,*,#1709,.T.);
#2273=ORIENTED_EDGE('',*,*,#1643,.F.);
#2274=ORIENTED_EDGE('',*,*,#1656,.F.);
#2275=ORIENTED_EDGE('',*,*,#1724,.T.);
#2276=ORIENTED_EDGE('',*,*,#1722,.F.);
#2277=ORIENTED_EDGE('',*,*,#1711,.F.);
#2278=ORIENTED_EDGE('',*,*,#1725,.T.);
#2279=ORIENTED_EDGE('',*,*,#1726,.F.);
#2280=ORIENTED_EDGE('',*,*,#1725,.F.);
#2281=ORIENTED_EDGE('',*,*,#1727,.F.);
#2282=ORIENTED_EDGE('',*,*,#1728,.F.);
#2283=ORIENTED_EDGE('',*,*,#1729,.F.);
#2284=ORIENTED_EDGE('',*,*,#1730,.F.);
#2285=ORIENTED_EDGE('',*,*,#1731,.F.);
#2286=ORIENTED_EDGE('',*,*,#1732,.F.);
#2287=ORIENTED_EDGE('',*,*,#1721,.T.);
#2288=ORIENTED_EDGE('',*,*,#1733,.T.);
#2289=ORIENTED_EDGE('',*,*,#1652,.F.);
#2290=ORIENTED_EDGE('',*,*,#1734,.T.);
#2291=ORIENTED_EDGE('',*,*,#1634,.T.);
#2292=ORIENTED_EDGE('',*,*,#1631,.T.);
#2293=ORIENTED_EDGE('',*,*,#1723,.F.);
#2294=ORIENTED_EDGE('',*,*,#1724,.F.);
#2295=ORIENTED_EDGE('',*,*,#1655,.T.);
#2296=ORIENTED_EDGE('',*,*,#1735,.F.);
#2297=ORIENTED_EDGE('',*,*,#1719,.T.);
#2298=ORIENTED_EDGE('',*,*,#1633,.T.);
#2299=ORIENTED_EDGE('',*,*,#1736,.T.);
#2300=ORIENTED_EDGE('',*,*,#1653,.T.);
#2301=ORIENTED_EDGE('',*,*,#1733,.F.);
#2302=ORIENTED_EDGE('',*,*,#1718,.T.);
#2303=ORIENTED_EDGE('',*,*,#1632,.T.);
#2304=ORIENTED_EDGE('',*,*,#1735,.T.);
#2305=ORIENTED_EDGE('',*,*,#1654,.T.);
#2306=ORIENTED_EDGE('',*,*,#1736,.F.);
#2307=ORIENTED_EDGE('',*,*,#1637,.T.);
#2308=ORIENTED_EDGE('',*,*,#1737,.T.);
#2309=ORIENTED_EDGE('',*,*,#1649,.T.);
#2310=ORIENTED_EDGE('',*,*,#1666,.F.);
#2311=ORIENTED_EDGE('',*,*,#1726,.T.);
#2312=ORIENTED_EDGE('',*,*,#1635,.T.);
#2313=ORIENTED_EDGE('',*,*,#1734,.F.);
#2314=ORIENTED_EDGE('',*,*,#1651,.T.);
#2315=ORIENTED_EDGE('',*,*,#1738,.F.);
#2316=ORIENTED_EDGE('',*,*,#1716,.T.);
#2317=ORIENTED_EDGE('',*,*,#1636,.T.);
#2318=ORIENTED_EDGE('',*,*,#1738,.T.);
#2319=ORIENTED_EDGE('',*,*,#1650,.T.);
#2320=ORIENTED_EDGE('',*,*,#1737,.F.);
#2321=ORIENTED_EDGE('',*,*,#1715,.T.);
#2322=ORIENTED_EDGE('',*,*,#1739,.T.);
#2323=ORIENTED_EDGE('',*,*,#1740,.T.);
#2324=ORIENTED_EDGE('',*,*,#1741,.T.);
#2325=ORIENTED_EDGE('',*,*,#1742,.T.);
#2326=ORIENTED_EDGE('',*,*,#1743,.T.);
#2327=ORIENTED_EDGE('',*,*,#1744,.T.);
#2328=ORIENTED_EDGE('',*,*,#1727,.T.);
#2329=ORIENTED_EDGE('',*,*,#1745,.F.);
#2330=ORIENTED_EDGE('',*,*,#1740,.F.);
#2331=ORIENTED_EDGE('',*,*,#1746,.T.);
#2332=ORIENTED_EDGE('',*,*,#1728,.T.);
#2333=ORIENTED_EDGE('',*,*,#1746,.F.);
#2334=ORIENTED_EDGE('',*,*,#1739,.F.);
#2335=ORIENTED_EDGE('',*,*,#1747,.T.);
#2336=ORIENTED_EDGE('',*,*,#1729,.T.);
#2337=ORIENTED_EDGE('',*,*,#1747,.F.);
#2338=ORIENTED_EDGE('',*,*,#1744,.F.);
#2339=ORIENTED_EDGE('',*,*,#1748,.T.);
#2340=ORIENTED_EDGE('',*,*,#1730,.T.);
#2341=ORIENTED_EDGE('',*,*,#1748,.F.);
#2342=ORIENTED_EDGE('',*,*,#1743,.F.);
#2343=ORIENTED_EDGE('',*,*,#1749,.T.);
#2344=ORIENTED_EDGE('',*,*,#1731,.T.);
#2345=ORIENTED_EDGE('',*,*,#1749,.F.);
#2346=ORIENTED_EDGE('',*,*,#1742,.F.);
#2347=ORIENTED_EDGE('',*,*,#1750,.T.);
#2348=ORIENTED_EDGE('',*,*,#1732,.T.);
#2349=ORIENTED_EDGE('',*,*,#1750,.F.);
#2350=ORIENTED_EDGE('',*,*,#1741,.F.);
#2351=ORIENTED_EDGE('',*,*,#1745,.T.);
#2352=ORIENTED_EDGE('',*,*,#1751,.F.);
#2353=ORIENTED_EDGE('',*,*,#1752,.T.);
#2354=ORIENTED_EDGE('',*,*,#1753,.F.);
#2355=ORIENTED_EDGE('',*,*,#1754,.F.);
#2356=ORIENTED_EDGE('',*,*,#1755,.F.);
#2357=ORIENTED_EDGE('',*,*,#1754,.T.);
#2358=ORIENTED_EDGE('',*,*,#1756,.F.);
#2359=ORIENTED_EDGE('',*,*,#1757,.F.);
#2360=ORIENTED_EDGE('',*,*,#1758,.F.);
#2361=ORIENTED_EDGE('',*,*,#1757,.T.);
#2362=ORIENTED_EDGE('',*,*,#1759,.F.);
#2363=ORIENTED_EDGE('',*,*,#1760,.F.);
#2364=ORIENTED_EDGE('',*,*,#1761,.F.);
#2365=ORIENTED_EDGE('',*,*,#1760,.T.);
#2366=ORIENTED_EDGE('',*,*,#1762,.F.);
#2367=ORIENTED_EDGE('',*,*,#1763,.F.);
#2368=ORIENTED_EDGE('',*,*,#1764,.F.);
#2369=ORIENTED_EDGE('',*,*,#1763,.T.);
#2370=ORIENTED_EDGE('',*,*,#1765,.F.);
#2371=ORIENTED_EDGE('',*,*,#1766,.F.);
#2372=ORIENTED_EDGE('',*,*,#1767,.F.);
#2373=ORIENTED_EDGE('',*,*,#1766,.T.);
#2374=ORIENTED_EDGE('',*,*,#1768,.F.);
#2375=ORIENTED_EDGE('',*,*,#1769,.F.);
#2376=ORIENTED_EDGE('',*,*,#1770,.F.);
#2377=ORIENTED_EDGE('',*,*,#1769,.T.);
#2378=ORIENTED_EDGE('',*,*,#1771,.F.);
#2379=ORIENTED_EDGE('',*,*,#1772,.F.);
#2380=ORIENTED_EDGE('',*,*,#1773,.F.);
#2381=ORIENTED_EDGE('',*,*,#1772,.T.);
#2382=ORIENTED_EDGE('',*,*,#1774,.F.);
#2383=ORIENTED_EDGE('',*,*,#1752,.F.);
#2384=ORIENTED_EDGE('',*,*,#1774,.T.);
#2385=ORIENTED_EDGE('',*,*,#1771,.T.);
#2386=ORIENTED_EDGE('',*,*,#1768,.T.);
#2387=ORIENTED_EDGE('',*,*,#1765,.T.);
#2388=ORIENTED_EDGE('',*,*,#1762,.T.);
#2389=ORIENTED_EDGE('',*,*,#1759,.T.);
#2390=ORIENTED_EDGE('',*,*,#1756,.T.);
#2391=ORIENTED_EDGE('',*,*,#1753,.T.);
#2392=ORIENTED_EDGE('',*,*,#1773,.T.);
#2393=ORIENTED_EDGE('',*,*,#1751,.T.);
#2394=ORIENTED_EDGE('',*,*,#1755,.T.);
#2395=ORIENTED_EDGE('',*,*,#1758,.T.);
#2396=ORIENTED_EDGE('',*,*,#1761,.T.);
#2397=ORIENTED_EDGE('',*,*,#1764,.T.);
#2398=ORIENTED_EDGE('',*,*,#1767,.T.);
#2399=ORIENTED_EDGE('',*,*,#1770,.T.);
#2400=ORIENTED_EDGE('',*,*,#1775,.T.);
#2401=ORIENTED_EDGE('',*,*,#1776,.T.);
#2402=ORIENTED_EDGE('',*,*,#1777,.T.);
#2403=ORIENTED_EDGE('',*,*,#1778,.T.);
#2404=ORIENTED_EDGE('',*,*,#1778,.F.);
#2405=ORIENTED_EDGE('',*,*,#1779,.F.);
#2406=ORIENTED_EDGE('',*,*,#1780,.F.);
#2407=ORIENTED_EDGE('',*,*,#1781,.F.);
#2408=ORIENTED_EDGE('',*,*,#1777,.F.);
#2409=ORIENTED_EDGE('',*,*,#1782,.T.);
#2410=ORIENTED_EDGE('',*,*,#1783,.F.);
#2411=ORIENTED_EDGE('',*,*,#1784,.T.);
#2412=ORIENTED_EDGE('',*,*,#1785,.F.);
#2413=ORIENTED_EDGE('',*,*,#1786,.T.);
#2414=ORIENTED_EDGE('',*,*,#1787,.F.);
#2415=ORIENTED_EDGE('',*,*,#1779,.T.);
#2416=ORIENTED_EDGE('',*,*,#1788,.T.);
#2417=ORIENTED_EDGE('',*,*,#1789,.T.);
#2418=ORIENTED_EDGE('',*,*,#1783,.T.);
#2419=ORIENTED_EDGE('',*,*,#1790,.T.);
#2420=ORIENTED_EDGE('',*,*,#1789,.F.);
#2421=ORIENTED_EDGE('',*,*,#1791,.F.);
#2422=ORIENTED_EDGE('',*,*,#1792,.F.);
#2423=ORIENTED_EDGE('',*,*,#1784,.F.);
#2424=ORIENTED_EDGE('',*,*,#1793,.T.);
#2425=ORIENTED_EDGE('',*,*,#1794,.T.);
#2426=ORIENTED_EDGE('',*,*,#1785,.T.);
#2427=ORIENTED_EDGE('',*,*,#1792,.T.);
#2428=ORIENTED_EDGE('',*,*,#1795,.T.);
#2429=ORIENTED_EDGE('',*,*,#1780,.T.);
#2430=ORIENTED_EDGE('',*,*,#1787,.T.);
#2431=ORIENTED_EDGE('',*,*,#1796,.T.);
#2432=ORIENTED_EDGE('',*,*,#1794,.F.);
#2433=ORIENTED_EDGE('',*,*,#1797,.F.);
#2434=ORIENTED_EDGE('',*,*,#1796,.F.);
#2435=ORIENTED_EDGE('',*,*,#1786,.F.);
#2436=ORIENTED_EDGE('',*,*,#1776,.F.);
#2437=ORIENTED_EDGE('',*,*,#1798,.F.);
#2438=ORIENTED_EDGE('',*,*,#1790,.F.);
#2439=ORIENTED_EDGE('',*,*,#1782,.F.);
#2440=ORIENTED_EDGE('',*,*,#1775,.F.);
#2441=ORIENTED_EDGE('',*,*,#1781,.T.);
#2442=ORIENTED_EDGE('',*,*,#1795,.F.);
#2443=ORIENTED_EDGE('',*,*,#1797,.T.);
#2444=ORIENTED_EDGE('',*,*,#1793,.F.);
#2445=ORIENTED_EDGE('',*,*,#1791,.T.);
#2446=ORIENTED_EDGE('',*,*,#1788,.F.);
#2447=ORIENTED_EDGE('',*,*,#1798,.T.);
#2448=ORIENTED_EDGE('',*,*,#1799,.F.);
#2449=ORIENTED_EDGE('',*,*,#1800,.T.);
#2450=ORIENTED_EDGE('',*,*,#1801,.F.);
#2451=ORIENTED_EDGE('',*,*,#1800,.F.);
#2452=ORIENTED_EDGE('',*,*,#1799,.T.);
#2453=ORIENTED_EDGE('',*,*,#1802,.F.);
#2454=ORIENTED_EDGE('',*,*,#1803,.T.);
#2455=ORIENTED_EDGE('',*,*,#1804,.F.);
#2456=ORIENTED_EDGE('',*,*,#1805,.F.);
#2457=ORIENTED_EDGE('',*,*,#1806,.F.);
#2458=ORIENTED_EDGE('',*,*,#1807,.F.);
#2459=ORIENTED_EDGE('',*,*,#1803,.F.);
#2460=ORIENTED_EDGE('',*,*,#1802,.T.);
#2461=ORIENTED_EDGE('',*,*,#1801,.T.);
#2462=ORIENTED_EDGE('',*,*,#1807,.T.);
#2463=ORIENTED_EDGE('',*,*,#1808,.T.);
#2464=ORIENTED_EDGE('',*,*,#1809,.T.);
#2465=ORIENTED_EDGE('',*,*,#1806,.T.);
#2466=ORIENTED_EDGE('',*,*,#1810,.T.);
#2467=ORIENTED_EDGE('',*,*,#1811,.T.);
#2468=ORIENTED_EDGE('',*,*,#1805,.T.);
#2469=ORIENTED_EDGE('',*,*,#1812,.T.);
#2470=ORIENTED_EDGE('',*,*,#1813,.T.);
#2471=ORIENTED_EDGE('',*,*,#1804,.T.);
#2472=ORIENTED_EDGE('',*,*,#1814,.T.);
#2473=ORIENTED_EDGE('',*,*,#1815,.T.);
#2474=ORIENTED_EDGE('',*,*,#1816,.F.);
#2475=ORIENTED_EDGE('',*,*,#1817,.T.);
#2476=ORIENTED_EDGE('',*,*,#1812,.F.);
#2477=ORIENTED_EDGE('',*,*,#1815,.F.);
#2478=ORIENTED_EDGE('',*,*,#1818,.F.);
#2479=ORIENTED_EDGE('',*,*,#1819,.T.);
#2480=ORIENTED_EDGE('',*,*,#1818,.T.);
#2481=ORIENTED_EDGE('',*,*,#1814,.F.);
#2482=ORIENTED_EDGE('',*,*,#1809,.F.);
#2483=ORIENTED_EDGE('',*,*,#1820,.F.);
#2484=ORIENTED_EDGE('',*,*,#1821,.T.);
#2485=ORIENTED_EDGE('',*,*,#1820,.T.);
#2486=ORIENTED_EDGE('',*,*,#1808,.F.);
#2487=ORIENTED_EDGE('',*,*,#1811,.F.);
#2488=ORIENTED_EDGE('',*,*,#1822,.F.);
#2489=ORIENTED_EDGE('',*,*,#1823,.T.);
#2490=ORIENTED_EDGE('',*,*,#1822,.T.);
#2491=ORIENTED_EDGE('',*,*,#1810,.F.);
#2492=ORIENTED_EDGE('',*,*,#1813,.F.);
#2493=ORIENTED_EDGE('',*,*,#1817,.F.);
#2494=ORIENTED_EDGE('',*,*,#1823,.F.);
#2495=ORIENTED_EDGE('',*,*,#1816,.T.);
#2496=ORIENTED_EDGE('',*,*,#1819,.F.);
#2497=ORIENTED_EDGE('',*,*,#1821,.F.);
#2498=ORIENTED_EDGE('',*,*,#1824,.F.);
#2499=ORIENTED_EDGE('',*,*,#1825,.T.);
#2500=ORIENTED_EDGE('',*,*,#1826,.F.);
#2501=ORIENTED_EDGE('',*,*,#1827,.F.);
#2502=ORIENTED_EDGE('',*,*,#1828,.T.);
#2503=ORIENTED_EDGE('',*,*,#1827,.T.);
#2504=ORIENTED_EDGE('',*,*,#1829,.F.);
#2505=ORIENTED_EDGE('',*,*,#1830,.F.);
#2506=ORIENTED_EDGE('',*,*,#1831,.T.);
#2507=ORIENTED_EDGE('',*,*,#1830,.T.);
#2508=ORIENTED_EDGE('',*,*,#1832,.F.);
#2509=ORIENTED_EDGE('',*,*,#1833,.F.);
#2510=ORIENTED_EDGE('',*,*,#1834,.T.);
#2511=ORIENTED_EDGE('',*,*,#1833,.T.);
#2512=ORIENTED_EDGE('',*,*,#1835,.F.);
#2513=ORIENTED_EDGE('',*,*,#1825,.F.);
#2514=ORIENTED_EDGE('',*,*,#1835,.T.);
#2515=ORIENTED_EDGE('',*,*,#1832,.T.);
#2516=ORIENTED_EDGE('',*,*,#1829,.T.);
#2517=ORIENTED_EDGE('',*,*,#1826,.T.);
#2518=ORIENTED_EDGE('',*,*,#1834,.F.);
#2519=ORIENTED_EDGE('',*,*,#1824,.T.);
#2520=ORIENTED_EDGE('',*,*,#1828,.F.);
#2521=ORIENTED_EDGE('',*,*,#1831,.F.);
#2522=ORIENTED_EDGE('',*,*,#1836,.F.);
#2523=ORIENTED_EDGE('',*,*,#1837,.T.);
#2524=ORIENTED_EDGE('',*,*,#1838,.T.);
#2525=ORIENTED_EDGE('',*,*,#1837,.F.);
#2526=ORIENTED_EDGE('',*,*,#1836,.T.);
#2527=ORIENTED_EDGE('',*,*,#1838,.F.);
#2528=ORIENTED_EDGE('',*,*,#1839,.T.);
#2529=ORIENTED_EDGE('',*,*,#1840,.T.);
#2530=ORIENTED_EDGE('',*,*,#1841,.T.);
#2531=ORIENTED_EDGE('',*,*,#1842,.T.);
#2532=ORIENTED_EDGE('',*,*,#1840,.F.);
#2533=ORIENTED_EDGE('',*,*,#1843,.F.);
#2534=ORIENTED_EDGE('',*,*,#1844,.F.);
#2535=ORIENTED_EDGE('',*,*,#1845,.T.);
#2536=ORIENTED_EDGE('',*,*,#1839,.F.);
#2537=ORIENTED_EDGE('',*,*,#1846,.T.);
#2538=ORIENTED_EDGE('',*,*,#1847,.F.);
#2539=ORIENTED_EDGE('',*,*,#1848,.T.);
#2540=ORIENTED_EDGE('',*,*,#1849,.T.);
#2541=ORIENTED_EDGE('',*,*,#1850,.T.);
#2542=ORIENTED_EDGE('',*,*,#1851,.T.);
#2543=ORIENTED_EDGE('',*,*,#1852,.T.);
#2544=ORIENTED_EDGE('',*,*,#1853,.T.);
#2545=ORIENTED_EDGE('',*,*,#1843,.T.);
#2546=ORIENTED_EDGE('',*,*,#1854,.T.);
#2547=ORIENTED_EDGE('',*,*,#1855,.T.);
#2548=ORIENTED_EDGE('',*,*,#1856,.T.);
#2549=ORIENTED_EDGE('',*,*,#1857,.T.);
#2550=ORIENTED_EDGE('',*,*,#1858,.T.);
#2551=ORIENTED_EDGE('',*,*,#1856,.F.);
#2552=ORIENTED_EDGE('',*,*,#1859,.F.);
#2553=ORIENTED_EDGE('',*,*,#1860,.F.);
#2554=ORIENTED_EDGE('',*,*,#1861,.T.);
#2555=ORIENTED_EDGE('',*,*,#1855,.F.);
#2556=ORIENTED_EDGE('',*,*,#1862,.T.);
#2557=ORIENTED_EDGE('',*,*,#1863,.F.);
#2558=ORIENTED_EDGE('',*,*,#1864,.T.);
#2559=ORIENTED_EDGE('',*,*,#1865,.T.);
#2560=ORIENTED_EDGE('',*,*,#1866,.T.);
#2561=ORIENTED_EDGE('',*,*,#1867,.T.);
#2562=ORIENTED_EDGE('',*,*,#1868,.T.);
#2563=ORIENTED_EDGE('',*,*,#1869,.T.);
#2564=ORIENTED_EDGE('',*,*,#1859,.T.);
#2565=ORIENTED_EDGE('',*,*,#1870,.T.);
#2566=ORIENTED_EDGE('',*,*,#1871,.T.);
#2567=ORIENTED_EDGE('',*,*,#1872,.T.);
#2568=ORIENTED_EDGE('',*,*,#1847,.T.);
#2569=ORIENTED_EDGE('',*,*,#1873,.T.);
#2570=ORIENTED_EDGE('',*,*,#1872,.F.);
#2571=ORIENTED_EDGE('',*,*,#1874,.T.);
#2572=ORIENTED_EDGE('',*,*,#1875,.T.);
#2573=ORIENTED_EDGE('',*,*,#1848,.F.);
#2574=ORIENTED_EDGE('',*,*,#1876,.T.);
#2575=ORIENTED_EDGE('',*,*,#1877,.T.);
#2576=ORIENTED_EDGE('',*,*,#1863,.T.);
#2577=ORIENTED_EDGE('',*,*,#1878,.T.);
#2578=ORIENTED_EDGE('',*,*,#1877,.F.);
#2579=ORIENTED_EDGE('',*,*,#1879,.T.);
#2580=ORIENTED_EDGE('',*,*,#1880,.T.);
#2581=ORIENTED_EDGE('',*,*,#1864,.F.);
#2582=ORIENTED_EDGE('',*,*,#1881,.F.);
#2583=ORIENTED_EDGE('',*,*,#1882,.T.);
#2584=ORIENTED_EDGE('',*,*,#1883,.T.);
#2585=ORIENTED_EDGE('',*,*,#1884,.F.);
#2586=ORIENTED_EDGE('',*,*,#1885,.T.);
#2587=ORIENTED_EDGE('',*,*,#1886,.T.);
#2588=ORIENTED_EDGE('',*,*,#1887,.F.);
#2589=ORIENTED_EDGE('',*,*,#1888,.F.);
#2590=ORIENTED_EDGE('',*,*,#1889,.F.);
#2591=ORIENTED_EDGE('',*,*,#1890,.T.);
#2592=ORIENTED_EDGE('',*,*,#1891,.F.);
#2593=ORIENTED_EDGE('',*,*,#1892,.T.);
#2594=ORIENTED_EDGE('',*,*,#1893,.T.);
#2595=ORIENTED_EDGE('',*,*,#1894,.T.);
#2596=ORIENTED_EDGE('',*,*,#1882,.F.);
#2597=ORIENTED_EDGE('',*,*,#1895,.T.);
#2598=ORIENTED_EDGE('',*,*,#1896,.T.);
#2599=ORIENTED_EDGE('',*,*,#1891,.T.);
#2600=ORIENTED_EDGE('',*,*,#1897,.T.);
#2601=ORIENTED_EDGE('',*,*,#1898,.F.);
#2602=ORIENTED_EDGE('',*,*,#1899,.T.);
#2603=ORIENTED_EDGE('',*,*,#1900,.F.);
#2604=ORIENTED_EDGE('',*,*,#1901,.T.);
#2605=ORIENTED_EDGE('',*,*,#1902,.F.);
#2606=ORIENTED_EDGE('',*,*,#1903,.T.);
#2607=ORIENTED_EDGE('',*,*,#1904,.F.);
#2608=ORIENTED_EDGE('',*,*,#1905,.T.);
#2609=ORIENTED_EDGE('',*,*,#1895,.F.);
#2610=ORIENTED_EDGE('',*,*,#1906,.T.);
#2611=ORIENTED_EDGE('',*,*,#1907,.T.);
#2612=ORIENTED_EDGE('',*,*,#1908,.T.);
#2613=ORIENTED_EDGE('',*,*,#1909,.F.);
#2614=ORIENTED_EDGE('',*,*,#1910,.T.);
#2615=ORIENTED_EDGE('',*,*,#1911,.F.);
#2616=ORIENTED_EDGE('',*,*,#1912,.T.);
#2617=ORIENTED_EDGE('',*,*,#1913,.T.);
#2618=ORIENTED_EDGE('',*,*,#1914,.T.);
#2619=ORIENTED_EDGE('',*,*,#1915,.T.);
#2620=ORIENTED_EDGE('',*,*,#1897,.F.);
#2621=ORIENTED_EDGE('',*,*,#1890,.F.);
#2622=ORIENTED_EDGE('',*,*,#1916,.F.);
#2623=ORIENTED_EDGE('',*,*,#1906,.F.);
#2624=ORIENTED_EDGE('',*,*,#1896,.F.);
#2625=ORIENTED_EDGE('',*,*,#1915,.F.);
#2626=ORIENTED_EDGE('',*,*,#1917,.F.);
#2627=ORIENTED_EDGE('',*,*,#1892,.F.);
#2628=ORIENTED_EDGE('',*,*,#1918,.T.);
#2629=ORIENTED_EDGE('',*,*,#1919,.T.);
#2630=ORIENTED_EDGE('',*,*,#1893,.F.);
#2631=ORIENTED_EDGE('',*,*,#1917,.T.);
#2632=ORIENTED_EDGE('',*,*,#1914,.F.);
#2633=ORIENTED_EDGE('',*,*,#1920,.F.);
#2634=ORIENTED_EDGE('',*,*,#1886,.F.);
#2635=ORIENTED_EDGE('',*,*,#1916,.T.);
#2636=ORIENTED_EDGE('',*,*,#1889,.T.);
#2637=ORIENTED_EDGE('',*,*,#1921,.T.);
#2638=ORIENTED_EDGE('',*,*,#1922,.F.);
#2639=ORIENTED_EDGE('',*,*,#1923,.T.);
#2640=ORIENTED_EDGE('',*,*,#1924,.T.);
#2641=ORIENTED_EDGE('',*,*,#1925,.T.);
#2642=ORIENTED_EDGE('',*,*,#1907,.F.);
#2643=ORIENTED_EDGE('',*,*,#1909,.T.);
#2644=ORIENTED_EDGE('',*,*,#1926,.T.);
#2645=ORIENTED_EDGE('',*,*,#1927,.T.);
#2646=ORIENTED_EDGE('',*,*,#1928,.F.);
#2647=ORIENTED_EDGE('',*,*,#1926,.F.);
#2648=ORIENTED_EDGE('',*,*,#1908,.F.);
#2649=ORIENTED_EDGE('',*,*,#1925,.F.);
#2650=ORIENTED_EDGE('',*,*,#1929,.F.);
#2651=ORIENTED_EDGE('',*,*,#1911,.T.);
#2652=ORIENTED_EDGE('',*,*,#1930,.F.);
#2653=ORIENTED_EDGE('',*,*,#1931,.T.);
#2654=ORIENTED_EDGE('',*,*,#1932,.T.);
#2655=ORIENTED_EDGE('',*,*,#1932,.F.);
#2656=ORIENTED_EDGE('',*,*,#1933,.F.);
#2657=ORIENTED_EDGE('',*,*,#1934,.F.);
#2658=ORIENTED_EDGE('',*,*,#1912,.F.);
#2659=ORIENTED_EDGE('',*,*,#1928,.T.);
#2660=ORIENTED_EDGE('',*,*,#1935,.T.);
#2661=ORIENTED_EDGE('',*,*,#1930,.T.);
#2662=ORIENTED_EDGE('',*,*,#1910,.F.);
#2663=ORIENTED_EDGE('',*,*,#1929,.T.);
#2664=ORIENTED_EDGE('',*,*,#1924,.F.);
#2665=ORIENTED_EDGE('',*,*,#1936,.F.);
#2666=ORIENTED_EDGE('',*,*,#1937,.F.);
#2667=ORIENTED_EDGE('',*,*,#1933,.T.);
#2668=ORIENTED_EDGE('',*,*,#1931,.F.);
#2669=ORIENTED_EDGE('',*,*,#1935,.F.);
#2670=ORIENTED_EDGE('',*,*,#1927,.F.);
#2671=ORIENTED_EDGE('',*,*,#1902,.T.);
#2672=ORIENTED_EDGE('',*,*,#1938,.T.);
#2673=ORIENTED_EDGE('',*,*,#1939,.T.);
#2674=ORIENTED_EDGE('',*,*,#1940,.T.);
#2675=ORIENTED_EDGE('',*,*,#1920,.T.);
#2676=ORIENTED_EDGE('',*,*,#1913,.F.);
#2677=ORIENTED_EDGE('',*,*,#1934,.T.);
#2678=ORIENTED_EDGE('',*,*,#1937,.T.);
#2679=ORIENTED_EDGE('',*,*,#1941,.T.);
#2680=ORIENTED_EDGE('',*,*,#1942,.F.);
#2681=ORIENTED_EDGE('',*,*,#1943,.T.);
#2682=ORIENTED_EDGE('',*,*,#1887,.T.);
#2683=ORIENTED_EDGE('',*,*,#1944,.F.);
#2684=ORIENTED_EDGE('',*,*,#1941,.F.);
#2685=ORIENTED_EDGE('',*,*,#1936,.T.);
#2686=ORIENTED_EDGE('',*,*,#1923,.F.);
#2687=ORIENTED_EDGE('',*,*,#1944,.T.);
#2688=ORIENTED_EDGE('',*,*,#1922,.T.);
#2689=ORIENTED_EDGE('',*,*,#1945,.T.);
#2690=ORIENTED_EDGE('',*,*,#1942,.T.);
#2691=ORIENTED_EDGE('',*,*,#1945,.F.);
#2692=ORIENTED_EDGE('',*,*,#1921,.F.);
#2693=ORIENTED_EDGE('',*,*,#1888,.T.);
#2694=ORIENTED_EDGE('',*,*,#1943,.F.);
#2695=ORIENTED_EDGE('',*,*,#1900,.T.);
#2696=ORIENTED_EDGE('',*,*,#1946,.T.);
#2697=ORIENTED_EDGE('',*,*,#1947,.T.);
#2698=ORIENTED_EDGE('',*,*,#1948,.T.);
#2699=ORIENTED_EDGE('',*,*,#1842,.F.);
#2700=ORIENTED_EDGE('',*,*,#1949,.F.);
#2701=ORIENTED_EDGE('',*,*,#1873,.F.);
#2702=ORIENTED_EDGE('',*,*,#1846,.F.);
#2703=ORIENTED_EDGE('',*,*,#1858,.F.);
#2704=ORIENTED_EDGE('',*,*,#1950,.F.);
#2705=ORIENTED_EDGE('',*,*,#1878,.F.);
#2706=ORIENTED_EDGE('',*,*,#1862,.F.);
#2707=ORIENTED_EDGE('',*,*,#1857,.F.);
#2708=ORIENTED_EDGE('',*,*,#1861,.F.);
#2709=ORIENTED_EDGE('',*,*,#1951,.F.);
#2710=ORIENTED_EDGE('',*,*,#1952,.T.);
#2711=ORIENTED_EDGE('',*,*,#1953,.T.);
#2712=ORIENTED_EDGE('',*,*,#1954,.T.);
#2713=ORIENTED_EDGE('',*,*,#1955,.F.);
#2714=ORIENTED_EDGE('',*,*,#1879,.F.);
#2715=ORIENTED_EDGE('',*,*,#1876,.F.);
#2716=ORIENTED_EDGE('',*,*,#1950,.T.);
#2717=ORIENTED_EDGE('',*,*,#1956,.T.);
#2718=ORIENTED_EDGE('',*,*,#1841,.F.);
#2719=ORIENTED_EDGE('',*,*,#1845,.F.);
#2720=ORIENTED_EDGE('',*,*,#1957,.F.);
#2721=ORIENTED_EDGE('',*,*,#1958,.T.);
#2722=ORIENTED_EDGE('',*,*,#1959,.T.);
#2723=ORIENTED_EDGE('',*,*,#1960,.T.);
#2724=ORIENTED_EDGE('',*,*,#1961,.F.);
#2725=ORIENTED_EDGE('',*,*,#1874,.F.);
#2726=ORIENTED_EDGE('',*,*,#1871,.F.);
#2727=ORIENTED_EDGE('',*,*,#1949,.T.);
#2728=ORIENTED_EDGE('',*,*,#1962,.T.);
#2729=ORIENTED_EDGE('',*,*,#1854,.F.);
#2730=ORIENTED_EDGE('',*,*,#1963,.T.);
#2731=ORIENTED_EDGE('',*,*,#1962,.F.);
#2732=ORIENTED_EDGE('',*,*,#1963,.F.);
#2733=ORIENTED_EDGE('',*,*,#1870,.F.);
#2734=ORIENTED_EDGE('',*,*,#1964,.T.);
#2735=ORIENTED_EDGE('',*,*,#1956,.F.);
#2736=ORIENTED_EDGE('',*,*,#1964,.F.);
#2737=ORIENTED_EDGE('',*,*,#1866,.F.);
#2738=ORIENTED_EDGE('',*,*,#1965,.T.);
#2739=ORIENTED_EDGE('',*,*,#1966,.T.);
#2740=ORIENTED_EDGE('',*,*,#1967,.T.);
#2741=ORIENTED_EDGE('',*,*,#1850,.F.);
#2742=ORIENTED_EDGE('',*,*,#1968,.T.);
#2743=ORIENTED_EDGE('',*,*,#1954,.F.);
#2744=ORIENTED_EDGE('',*,*,#1969,.T.);
#2745=ORIENTED_EDGE('',*,*,#1960,.F.);
#2746=ORIENTED_EDGE('',*,*,#1970,.T.);
#2747=ORIENTED_EDGE('',*,*,#1971,.F.);
#2748=ORIENTED_EDGE('',*,*,#1972,.T.);
#2749=ORIENTED_EDGE('',*,*,#1867,.F.);
#2750=ORIENTED_EDGE('',*,*,#1967,.F.);
#2751=ORIENTED_EDGE('',*,*,#1973,.F.);
#2752=ORIENTED_EDGE('',*,*,#1974,.F.);
#2753=ORIENTED_EDGE('',*,*,#1851,.F.);
#2754=ORIENTED_EDGE('',*,*,#1969,.F.);
#2755=ORIENTED_EDGE('',*,*,#1953,.F.);
#2756=ORIENTED_EDGE('',*,*,#1975,.F.);
#2757=ORIENTED_EDGE('',*,*,#1959,.F.);
#2758=ORIENTED_EDGE('',*,*,#1976,.F.);
#2759=ORIENTED_EDGE('',*,*,#1977,.F.);
#2760=ORIENTED_EDGE('',*,*,#1970,.F.);
#2761=ORIENTED_EDGE('',*,*,#1958,.F.);
#2762=ORIENTED_EDGE('',*,*,#1978,.F.);
#2763=ORIENTED_EDGE('',*,*,#1852,.F.);
#2764=ORIENTED_EDGE('',*,*,#1975,.T.);
#2765=ORIENTED_EDGE('',*,*,#1952,.F.);
#2766=ORIENTED_EDGE('',*,*,#1979,.F.);
#2767=ORIENTED_EDGE('',*,*,#1868,.F.);
#2768=ORIENTED_EDGE('',*,*,#1974,.T.);
#2769=ORIENTED_EDGE('',*,*,#1980,.F.);
#2770=ORIENTED_EDGE('',*,*,#1981,.T.);
#2771=ORIENTED_EDGE('',*,*,#1982,.T.);
#2772=ORIENTED_EDGE('',*,*,#1976,.T.);
#2773=ORIENTED_EDGE('',*,*,#1983,.T.);
#2774=ORIENTED_EDGE('',*,*,#1984,.T.);
#2775=ORIENTED_EDGE('',*,*,#1985,.T.);
#2776=ORIENTED_EDGE('',*,*,#1984,.F.);
#2777=ORIENTED_EDGE('',*,*,#1986,.T.);
#2778=ORIENTED_EDGE('',*,*,#1983,.F.);
#2779=ORIENTED_EDGE('',*,*,#1987,.T.);
#2780=ORIENTED_EDGE('',*,*,#1988,.F.);
#2781=ORIENTED_EDGE('',*,*,#1989,.F.);
#2782=ORIENTED_EDGE('',*,*,#1990,.F.);
#2783=ORIENTED_EDGE('',*,*,#1987,.F.);
#2784=ORIENTED_EDGE('',*,*,#1986,.F.);
#2785=ORIENTED_EDGE('',*,*,#1985,.F.);
#2786=ORIENTED_EDGE('',*,*,#1991,.T.);
#2787=ORIENTED_EDGE('',*,*,#1992,.T.);
#2788=ORIENTED_EDGE('',*,*,#1993,.T.);
#2789=ORIENTED_EDGE('',*,*,#1994,.T.);
#2790=ORIENTED_EDGE('',*,*,#1988,.T.);
#2791=ORIENTED_EDGE('',*,*,#1990,.T.);
#2792=ORIENTED_EDGE('',*,*,#1994,.F.);
#2793=ORIENTED_EDGE('',*,*,#1995,.T.);
#2794=ORIENTED_EDGE('',*,*,#1992,.F.);
#2795=ORIENTED_EDGE('',*,*,#1989,.T.);
#2796=ORIENTED_EDGE('',*,*,#1993,.F.);
#2797=ORIENTED_EDGE('',*,*,#1996,.T.);
#2798=ORIENTED_EDGE('',*,*,#1997,.F.);
#2799=ORIENTED_EDGE('',*,*,#1977,.T.);
#2800=ORIENTED_EDGE('',*,*,#1998,.F.);
#2801=ORIENTED_EDGE('',*,*,#1999,.T.);
#2802=ORIENTED_EDGE('',*,*,#1995,.F.);
#2803=ORIENTED_EDGE('',*,*,#1999,.F.);
#2804=ORIENTED_EDGE('',*,*,#2000,.F.);
#2805=ORIENTED_EDGE('',*,*,#2001,.F.);
#2806=ORIENTED_EDGE('',*,*,#2002,.F.);
#2807=ORIENTED_EDGE('',*,*,#1996,.F.);
#2808=ORIENTED_EDGE('',*,*,#1991,.F.);
#2809=ORIENTED_EDGE('',*,*,#2003,.T.);
#2810=ORIENTED_EDGE('',*,*,#1918,.F.);
#2811=ORIENTED_EDGE('',*,*,#1885,.F.);
#2812=ORIENTED_EDGE('',*,*,#1881,.T.);
#2813=ORIENTED_EDGE('',*,*,#1884,.T.);
#2814=ORIENTED_EDGE('',*,*,#1883,.F.);
#2815=ORIENTED_EDGE('',*,*,#1894,.F.);
#2816=ORIENTED_EDGE('',*,*,#1919,.F.);
#2817=ORIENTED_EDGE('',*,*,#2003,.F.);
#2818=ORIENTED_EDGE('',*,*,#1971,.T.);
#2819=ORIENTED_EDGE('',*,*,#1997,.T.);
#2820=ORIENTED_EDGE('',*,*,#2004,.T.);
#2821=ORIENTED_EDGE('',*,*,#2005,.T.);
#2822=ORIENTED_EDGE('',*,*,#2006,.T.);
#2823=ORIENTED_EDGE('',*,*,#2007,.T.);
#2824=ORIENTED_EDGE('',*,*,#1966,.F.);
#2825=ORIENTED_EDGE('',*,*,#2008,.T.);
#2826=ORIENTED_EDGE('',*,*,#2006,.F.);
#2827=ORIENTED_EDGE('',*,*,#2009,.T.);
#2828=ORIENTED_EDGE('',*,*,#2010,.T.);
#2829=ORIENTED_EDGE('',*,*,#2011,.T.);
#2830=ORIENTED_EDGE('',*,*,#2012,.T.);
#2831=ORIENTED_EDGE('',*,*,#2013,.T.);
#2832=ORIENTED_EDGE('',*,*,#2010,.F.);
#2833=ORIENTED_EDGE('',*,*,#2014,.T.);
#2834=ORIENTED_EDGE('',*,*,#2012,.F.);
#2835=ORIENTED_EDGE('',*,*,#2015,.T.);
#2836=ORIENTED_EDGE('',*,*,#2016,.T.);
#2837=ORIENTED_EDGE('',*,*,#2017,.T.);
#2838=ORIENTED_EDGE('',*,*,#2018,.T.);
#2839=ORIENTED_EDGE('',*,*,#2019,.T.);
#2840=ORIENTED_EDGE('',*,*,#2016,.F.);
#2841=ORIENTED_EDGE('',*,*,#2020,.T.);
#2842=ORIENTED_EDGE('',*,*,#2018,.F.);
#2843=ORIENTED_EDGE('',*,*,#2021,.T.);
#2844=ORIENTED_EDGE('',*,*,#2004,.F.);
#2845=ORIENTED_EDGE('',*,*,#2002,.T.);
#2846=ORIENTED_EDGE('',*,*,#2017,.F.);
#2847=ORIENTED_EDGE('',*,*,#2022,.F.);
#2848=ORIENTED_EDGE('',*,*,#2023,.F.);
#2849=ORIENTED_EDGE('',*,*,#2024,.F.);
#2850=ORIENTED_EDGE('',*,*,#2019,.F.);
#2851=ORIENTED_EDGE('',*,*,#2001,.T.);
#2852=ORIENTED_EDGE('',*,*,#2025,.F.);
#2853=ORIENTED_EDGE('',*,*,#2022,.T.);
#2854=ORIENTED_EDGE('',*,*,#2026,.T.);
#2855=ORIENTED_EDGE('',*,*,#2027,.T.);
#2856=ORIENTED_EDGE('',*,*,#2028,.T.);
#2857=ORIENTED_EDGE('',*,*,#2029,.T.);
#2858=ORIENTED_EDGE('',*,*,#2026,.F.);
#2859=ORIENTED_EDGE('',*,*,#2030,.T.);
#2860=ORIENTED_EDGE('',*,*,#2031,.T.);
#2861=ORIENTED_EDGE('',*,*,#2032,.T.);
#2862=ORIENTED_EDGE('',*,*,#1980,.T.);
#2863=ORIENTED_EDGE('',*,*,#2033,.T.);
#2864=ORIENTED_EDGE('',*,*,#2031,.F.);
#2865=ORIENTED_EDGE('',*,*,#2034,.T.);
#2866=ORIENTED_EDGE('',*,*,#2035,.T.);
#2867=ORIENTED_EDGE('',*,*,#1998,.T.);
#2868=ORIENTED_EDGE('',*,*,#1982,.F.);
#2869=ORIENTED_EDGE('',*,*,#2036,.T.);
#2870=ORIENTED_EDGE('',*,*,#2035,.F.);
#2871=ORIENTED_EDGE('',*,*,#2037,.T.);
#2872=ORIENTED_EDGE('',*,*,#2038,.T.);
#2873=ORIENTED_EDGE('',*,*,#2000,.T.);
#2874=ORIENTED_EDGE('',*,*,#2039,.T.);
#2875=ORIENTED_EDGE('',*,*,#2025,.T.);
#2876=ORIENTED_EDGE('',*,*,#2038,.F.);
#2877=ORIENTED_EDGE('',*,*,#2040,.T.);
#2878=ORIENTED_EDGE('',*,*,#2039,.F.);
#2879=ORIENTED_EDGE('',*,*,#2041,.T.);
#2880=ORIENTED_EDGE('',*,*,#2028,.F.);
#2881=ORIENTED_EDGE('',*,*,#2023,.T.);
#2882=ORIENTED_EDGE('',*,*,#2013,.F.);
#2883=ORIENTED_EDGE('',*,*,#2024,.T.);
#2884=ORIENTED_EDGE('',*,*,#2027,.F.);
#2885=ORIENTED_EDGE('',*,*,#2042,.T.);
#2886=ORIENTED_EDGE('',*,*,#2029,.F.);
#2887=ORIENTED_EDGE('',*,*,#2041,.F.);
#2888=ORIENTED_EDGE('',*,*,#2040,.F.);
#2889=ORIENTED_EDGE('',*,*,#2037,.F.);
#2890=ORIENTED_EDGE('',*,*,#2036,.F.);
#2891=ORIENTED_EDGE('',*,*,#1981,.F.);
#2892=ORIENTED_EDGE('',*,*,#2034,.F.);
#2893=ORIENTED_EDGE('',*,*,#2030,.F.);
#2894=ORIENTED_EDGE('',*,*,#2043,.T.);
#2895=ORIENTED_EDGE('',*,*,#1939,.F.);
#2896=ORIENTED_EDGE('',*,*,#2044,.T.);
#2897=ORIENTED_EDGE('',*,*,#1947,.F.);
#2898=ORIENTED_EDGE('',*,*,#2045,.T.);
#2899=ORIENTED_EDGE('',*,*,#2046,.F.);
#2900=ORIENTED_EDGE('',*,*,#2047,.T.);
#2901=ORIENTED_EDGE('',*,*,#2048,.F.);
#2902=ORIENTED_EDGE('',*,*,#1904,.T.);
#2903=ORIENTED_EDGE('',*,*,#2049,.T.);
#2904=ORIENTED_EDGE('',*,*,#2048,.T.);
#2905=ORIENTED_EDGE('',*,*,#2050,.T.);
#2906=ORIENTED_EDGE('',*,*,#2049,.F.);
#2907=ORIENTED_EDGE('',*,*,#1903,.F.);
#2908=ORIENTED_EDGE('',*,*,#1940,.F.);
#2909=ORIENTED_EDGE('',*,*,#2043,.F.);
#2910=ORIENTED_EDGE('',*,*,#1898,.T.);
#2911=ORIENTED_EDGE('',*,*,#2051,.T.);
#2912=ORIENTED_EDGE('',*,*,#2046,.T.);
#2913=ORIENTED_EDGE('',*,*,#2052,.T.);
#2914=ORIENTED_EDGE('',*,*,#2052,.F.);
#2915=ORIENTED_EDGE('',*,*,#2045,.F.);
#2916=ORIENTED_EDGE('',*,*,#1946,.F.);
#2917=ORIENTED_EDGE('',*,*,#1899,.F.);
#2918=ORIENTED_EDGE('',*,*,#2050,.F.);
#2919=ORIENTED_EDGE('',*,*,#2047,.F.);
#2920=ORIENTED_EDGE('',*,*,#2051,.F.);
#2921=ORIENTED_EDGE('',*,*,#1905,.F.);
#2922=ORIENTED_EDGE('',*,*,#1948,.F.);
#2923=ORIENTED_EDGE('',*,*,#2044,.F.);
#2924=ORIENTED_EDGE('',*,*,#1938,.F.);
#2925=ORIENTED_EDGE('',*,*,#1901,.F.);
#2926=ORIENTED_EDGE('',*,*,#2011,.F.);
#2927=ORIENTED_EDGE('',*,*,#2042,.F.);
#2928=ORIENTED_EDGE('',*,*,#2032,.F.);
#2929=ORIENTED_EDGE('',*,*,#2053,.F.);
#2930=ORIENTED_EDGE('',*,*,#2007,.F.);
#2931=ORIENTED_EDGE('',*,*,#2053,.T.);
#2932=ORIENTED_EDGE('',*,*,#2033,.F.);
#2933=ORIENTED_EDGE('',*,*,#1973,.T.);
#2934=ORIENTED_EDGE('',*,*,#1979,.T.);
#2935=ORIENTED_EDGE('',*,*,#1951,.T.);
#2936=ORIENTED_EDGE('',*,*,#1860,.T.);
#2937=ORIENTED_EDGE('',*,*,#1869,.F.);
#2938=ORIENTED_EDGE('',*,*,#1978,.T.);
#2939=ORIENTED_EDGE('',*,*,#1957,.T.);
#2940=ORIENTED_EDGE('',*,*,#1844,.T.);
#2941=ORIENTED_EDGE('',*,*,#1853,.F.);
#2942=ORIENTED_EDGE('',*,*,#1961,.T.);
#2943=ORIENTED_EDGE('',*,*,#1972,.F.);
#2944=ORIENTED_EDGE('',*,*,#2005,.F.);
#2945=ORIENTED_EDGE('',*,*,#2021,.F.);
#2946=ORIENTED_EDGE('',*,*,#2020,.F.);
#2947=ORIENTED_EDGE('',*,*,#2015,.F.);
#2948=ORIENTED_EDGE('',*,*,#2014,.F.);
#2949=ORIENTED_EDGE('',*,*,#2009,.F.);
#2950=ORIENTED_EDGE('',*,*,#2008,.F.);
#2951=ORIENTED_EDGE('',*,*,#1965,.F.);
#2952=ORIENTED_EDGE('',*,*,#1865,.F.);
#2953=ORIENTED_EDGE('',*,*,#1880,.F.);
#2954=ORIENTED_EDGE('',*,*,#1955,.T.);
#2955=ORIENTED_EDGE('',*,*,#1968,.F.);
#2956=ORIENTED_EDGE('',*,*,#1849,.F.);
#2957=ORIENTED_EDGE('',*,*,#1875,.F.);
#2958=CYLINDRICAL_SURFACE('',#3210,1.20000000000005);
#2959=CYLINDRICAL_SURFACE('',#3214,1.20000000000006);
#2960=CYLINDRICAL_SURFACE('',#3218,1.20000000000005);
#2961=CYLINDRICAL_SURFACE('',#3222,1.20000000000006);
#2962=CYLINDRICAL_SURFACE('',#3227,0.999999999999967);
#2963=CYLINDRICAL_SURFACE('',#3230,0.999999999999967);
#2964=CYLINDRICAL_SURFACE('',#3233,0.999999999999968);
#2965=CYLINDRICAL_SURFACE('',#3240,0.999999999999967);
#2966=CYLINDRICAL_SURFACE('',#3242,5.6);
#2967=CYLINDRICAL_SURFACE('',#3248,1.00000000000002);
#2968=CYLINDRICAL_SURFACE('',#3253,1.00000000000002);
#2969=CYLINDRICAL_SURFACE('',#3258,1.00000000000002);
#2970=CYLINDRICAL_SURFACE('',#3263,2.00000000000006);
#2971=CYLINDRICAL_SURFACE('',#3266,2.00000000000006);
#2972=CYLINDRICAL_SURFACE('',#3269,2.00000000000006);
#2973=CYLINDRICAL_SURFACE('',#3272,2.00000000000006);
#2974=CYLINDRICAL_SURFACE('',#3274,0.999999999999993);
#2975=CYLINDRICAL_SURFACE('',#3287,2.19999999999998);
#2976=CYLINDRICAL_SURFACE('',#3290,2.19999999999998);
#2977=CYLINDRICAL_SURFACE('',#3293,5.6);
#2978=CYLINDRICAL_SURFACE('',#3296,2.19999999999998);
#2979=CYLINDRICAL_SURFACE('',#3299,5.6);
#2980=CYLINDRICAL_SURFACE('',#3315,1.20000000000006);
#2981=CYLINDRICAL_SURFACE('',#3319,1.20000000000005);
#2982=CYLINDRICAL_SURFACE('',#3323,1.20000000000006);
#2983=CYLINDRICAL_SURFACE('',#3327,1.20000000000005);
#2984=CYLINDRICAL_SURFACE('',#3333,1.);
#2985=CYLINDRICAL_SURFACE('',#3341,1.);
#2986=CYLINDRICAL_SURFACE('',#3344,1.);
#2987=CYLINDRICAL_SURFACE('',#3346,1.);
#2988=CYLINDRICAL_SURFACE('',#3351,2.5);
#2989=CYLINDRICAL_SURFACE('',#3355,4.);
#2990=CYLINDRICAL_SURFACE('',#3377,1.7);
#2991=CYLINDRICAL_SURFACE('',#3382,1.);
#2992=CYLINDRICAL_SURFACE('',#3385,5.6);
#2993=CYLINDRICAL_SURFACE('',#3392,1.);
#2994=CYLINDRICAL_SURFACE('',#3395,5.6);
#2995=CYLINDRICAL_SURFACE('',#3402,1.);
#2996=CYLINDRICAL_SURFACE('',#3404,5.6);
#2997=CYLINDRICAL_SURFACE('',#3406,1.);
#2998=CYLINDRICAL_SURFACE('',#3408,5.6);
#2999=CYLINDRICAL_SURFACE('',#3430,2.5);
#3000=CYLINDRICAL_SURFACE('',#3436,2.5);
#3001=CYLINDRICAL_SURFACE('',#3444,2.2);
#3002=CYLINDRICAL_SURFACE('',#3445,2.2);
#3003=CYLINDRICAL_SURFACE('',#3466,4.);
#3004=CYLINDRICAL_SURFACE('',#3470,1.7);
#3005=CYLINDRICAL_SURFACE('',#3486,4.);
#3006=CYLINDRICAL_SURFACE('',#3501,4.);
#3007=CYLINDRICAL_SURFACE('',#3505,2.5);
#3008=CYLINDRICAL_SURFACE('',#3507,2.5);
#3009=CYLINDRICAL_SURFACE('',#3512,4.);
#3010=ADVANCED_FACE('',(#190),#2958,.F.);
#3011=ADVANCED_FACE('',(#191),#82,.F.);
#3012=ADVANCED_FACE('',(#192),#2959,.F.);
#3013=ADVANCED_FACE('',(#193),#83,.F.);
#3014=ADVANCED_FACE('',(#194),#2960,.F.);
#3015=ADVANCED_FACE('',(#195),#84,.F.);
#3016=ADVANCED_FACE('',(#196),#2961,.F.);
#3017=ADVANCED_FACE('',(#197),#85,.F.);
#3018=ADVANCED_FACE('',(#198),#86,.T.);
#3019=ADVANCED_FACE('',(#199),#2962,.T.);
#3020=ADVANCED_FACE('',(#200),#87,.T.);
#3021=ADVANCED_FACE('',(#201),#2963,.T.);
#3022=ADVANCED_FACE('',(#202),#88,.F.);
#3023=ADVANCED_FACE('',(#203),#2964,.T.);
#3024=ADVANCED_FACE('',(#204),#64,.T.);
#3025=ADVANCED_FACE('',(#205),#2965,.T.);
#3026=ADVANCED_FACE('',(#206),#2966,.T.);
#3027=ADVANCED_FACE('',(#207),#60,.F.);
#3028=ADVANCED_FACE('',(#208),#2967,.T.);
#3029=ADVANCED_FACE('',(#209),#61,.F.);
#3030=ADVANCED_FACE('',(#210),#2968,.T.);
#3031=ADVANCED_FACE('',(#211),#62,.F.);
#3032=ADVANCED_FACE('',(#212),#2969,.T.);
#3033=ADVANCED_FACE('',(#213),#63,.F.);
#3034=ADVANCED_FACE('',(#214),#2970,.T.);
#3035=ADVANCED_FACE('',(#215),#89,.T.);
#3036=ADVANCED_FACE('',(#216),#2971,.T.);
#3037=ADVANCED_FACE('',(#217),#90,.T.);
#3038=ADVANCED_FACE('',(#218),#2972,.T.);
#3039=ADVANCED_FACE('',(#219),#91,.T.);
#3040=ADVANCED_FACE('',(#220),#2973,.T.);
#3041=ADVANCED_FACE('',(#221),#2974,.T.);
#3042=ADVANCED_FACE('',(#222),#92,.T.);
#3043=ADVANCED_FACE('',(#223),#93,.T.);
#3044=ADVANCED_FACE('',(#224),#94,.F.);
#3045=ADVANCED_FACE('',(#225,#44),#95,.T.);
#3046=ADVANCED_FACE('',(#226,#45),#96,.T.);
#3047=ADVANCED_FACE('',(#227),#65,.T.);
#3048=ADVANCED_FACE('',(#228),#2975,.F.);
#3049=ADVANCED_FACE('',(#229),#2976,.F.);
#3050=ADVANCED_FACE('',(#230),#2977,.T.);
#3051=ADVANCED_FACE('',(#231),#2978,.F.);
#3052=ADVANCED_FACE('',(#232,#46),#97,.F.);
#3053=ADVANCED_FACE('',(#233),#2979,.T.);
#3054=ADVANCED_FACE('',(#234,#47),#98,.F.);
#3055=ADVANCED_FACE('',(#235,#48),#99,.F.);
#3056=ADVANCED_FACE('',(#236),#100,.F.);
#3057=ADVANCED_FACE('',(#237,#49),#101,.F.);
#3058=ADVANCED_FACE('',(#238,#50),#102,.F.);
#3059=ADVANCED_FACE('',(#239),#103,.F.);
#3060=ADVANCED_FACE('',(#240,#51),#104,.F.);
#3061=ADVANCED_FACE('',(#241),#105,.F.);
#3062=ADVANCED_FACE('',(#242),#106,.F.);
#3063=ADVANCED_FACE('',(#243),#107,.F.);
#3064=ADVANCED_FACE('',(#244),#108,.F.);
#3065=ADVANCED_FACE('',(#245),#109,.F.);
#3066=ADVANCED_FACE('',(#246),#110,.F.);
#3067=ADVANCED_FACE('',(#247),#2980,.T.);
#3068=ADVANCED_FACE('',(#248),#111,.T.);
#3069=ADVANCED_FACE('',(#249),#2981,.T.);
#3070=ADVANCED_FACE('',(#250),#112,.T.);
#3071=ADVANCED_FACE('',(#251),#2982,.T.);
#3072=ADVANCED_FACE('',(#252),#113,.T.);
#3073=ADVANCED_FACE('',(#253),#2983,.T.);
#3074=ADVANCED_FACE('',(#254),#114,.T.);
#3075=ADVANCED_FACE('',(#255),#115,.T.);
#3076=ADVANCED_FACE('',(#256),#116,.F.);
#3077=ADVANCED_FACE('',(#257),#2984,.T.);
#3078=ADVANCED_FACE('',(#258),#117,.T.);
#3079=ADVANCED_FACE('',(#259),#118,.F.);
#3080=ADVANCED_FACE('',(#260),#2985,.T.);
#3081=ADVANCED_FACE('',(#261),#119,.T.);
#3082=ADVANCED_FACE('',(#262),#2986,.T.);
#3083=ADVANCED_FACE('',(#263),#2987,.T.);
#3084=ADVANCED_FACE('',(#264),#120,.T.);
#3085=ADVANCED_FACE('',(#265),#121,.T.);
#3086=ADVANCED_FACE('',(#266),#122,.T.);
#3087=ADVANCED_FACE('',(#267),#2988,.T.);
#3088=ADVANCED_FACE('',(#268),#123,.T.);
#3089=ADVANCED_FACE('',(#269),#2989,.T.);
#3090=ADVANCED_FACE('',(#270,#52),#124,.T.);
#3091=ADVANCED_FACE('',(#271),#125,.T.);
#3092=ADVANCED_FACE('',(#272),#126,.T.);
#3093=ADVANCED_FACE('',(#273),#127,.T.);
#3094=ADVANCED_FACE('',(#274),#128,.T.);
#3095=ADVANCED_FACE('',(#275),#129,.T.);
#3096=ADVANCED_FACE('',(#276),#130,.T.);
#3097=ADVANCED_FACE('',(#277),#131,.T.);
#3098=ADVANCED_FACE('',(#278),#132,.T.);
#3099=ADVANCED_FACE('',(#279),#133,.F.);
#3100=ADVANCED_FACE('',(#280),#134,.T.);
#3101=ADVANCED_FACE('',(#281),#135,.T.);
#3102=ADVANCED_FACE('',(#282),#136,.T.);
#3103=ADVANCED_FACE('',(#283),#137,.T.);
#3104=ADVANCED_FACE('',(#284),#138,.T.);
#3105=ADVANCED_FACE('',(#285),#139,.F.);
#3106=ADVANCED_FACE('',(#286),#2990,.T.);
#3107=ADVANCED_FACE('',(#287),#140,.T.);
#3108=ADVANCED_FACE('',(#288),#141,.F.);
#3109=ADVANCED_FACE('',(#289),#2991,.T.);
#3110=ADVANCED_FACE('',(#290),#2992,.T.);
#3111=ADVANCED_FACE('',(#291,#53),#142,.T.);
#3112=ADVANCED_FACE('',(#292),#2993,.T.);
#3113=ADVANCED_FACE('',(#293),#2994,.T.);
#3114=ADVANCED_FACE('',(#294,#54),#143,.T.);
#3115=ADVANCED_FACE('',(#295),#2995,.T.);
#3116=ADVANCED_FACE('',(#296),#2996,.T.);
#3117=ADVANCED_FACE('',(#297),#2997,.T.);
#3118=ADVANCED_FACE('',(#298),#2998,.T.);
#3119=ADVANCED_FACE('',(#299),#24,.F.);
#3120=ADVANCED_FACE('',(#300),#144,.T.);
#3121=ADVANCED_FACE('',(#301),#145,.T.);
#3122=ADVANCED_FACE('',(#302,#55),#146,.T.);
#3123=ADVANCED_FACE('',(#303),#147,.T.);
#3124=ADVANCED_FACE('',(#304),#148,.T.);
#3125=ADVANCED_FACE('',(#305),#149,.T.);
#3126=ADVANCED_FACE('',(#306),#150,.T.);
#3127=ADVANCED_FACE('',(#307),#151,.T.);
#3128=ADVANCED_FACE('',(#308),#152,.T.);
#3129=ADVANCED_FACE('',(#309),#153,.T.);
#3130=ADVANCED_FACE('',(#310),#154,.T.);
#3131=ADVANCED_FACE('',(#311),#155,.T.);
#3132=ADVANCED_FACE('',(#312),#156,.T.);
#3133=ADVANCED_FACE('',(#313),#2999,.F.);
#3134=ADVANCED_FACE('',(#314),#157,.T.);
#3135=ADVANCED_FACE('',(#315),#158,.T.);
#3136=ADVANCED_FACE('',(#316),#159,.F.);
#3137=ADVANCED_FACE('',(#317),#160,.T.);
#3138=ADVANCED_FACE('',(#318),#3000,.F.);
#3139=ADVANCED_FACE('',(#319),#161,.F.);
#3140=ADVANCED_FACE('',(#320),#162,.F.);
#3141=ADVANCED_FACE('',(#321,#56),#163,.F.);
#3142=ADVANCED_FACE('',(#322,#57),#164,.F.);
#3143=ADVANCED_FACE('',(#323),#3001,.F.);
#3144=ADVANCED_FACE('',(#324),#3002,.F.);
#3145=ADVANCED_FACE('',(#325),#165,.T.);
#3146=ADVANCED_FACE('',(#326),#166,.T.);
#3147=ADVANCED_FACE('',(#327),#167,.T.);
#3148=ADVANCED_FACE('',(#328),#168,.T.);
#3149=ADVANCED_FACE('',(#329),#169,.T.);
#3150=ADVANCED_FACE('',(#330),#170,.T.);
#3151=ADVANCED_FACE('',(#331),#171,.T.);
#3152=ADVANCED_FACE('',(#332),#66,.T.);
#3153=ADVANCED_FACE('',(#333),#15,.T.);
#3154=ADVANCED_FACE('',(#334,#58),#172,.T.);
#3155=ADVANCED_FACE('',(#335),#25,.T.);
#3156=ADVANCED_FACE('',(#336),#67,.F.);
#3157=ADVANCED_FACE('',(#337),#3003,.T.);
#3158=ADVANCED_FACE('',(#338),#173,.T.);
#3159=ADVANCED_FACE('',(#339),#3004,.F.);
#3160=ADVANCED_FACE('',(#340),#16,.T.);
#3161=ADVANCED_FACE('',(#341),#17,.T.);
#3162=ADVANCED_FACE('',(#342),#174,.T.);
#3163=ADVANCED_FACE('',(#343),#18,.T.);
#3164=ADVANCED_FACE('',(#344),#175,.T.);
#3165=ADVANCED_FACE('',(#345),#19,.T.);
#3166=ADVANCED_FACE('',(#346),#176,.T.);
#3167=ADVANCED_FACE('',(#347),#177,.T.);
#3168=ADVANCED_FACE('',(#348),#3005,.T.);
#3169=ADVANCED_FACE('',(#349),#20,.T.);
#3170=ADVANCED_FACE('',(#350),#178,.T.);
#3171=ADVANCED_FACE('',(#351),#21,.T.);
#3172=ADVANCED_FACE('',(#352),#22,.T.);
#3173=ADVANCED_FACE('',(#353),#179,.T.);
#3174=ADVANCED_FACE('',(#354),#23,.T.);
#3175=ADVANCED_FACE('',(#355),#180,.T.);
#3176=ADVANCED_FACE('',(#356),#3006,.T.);
#3177=ADVANCED_FACE('',(#357,#59),#181,.T.);
#3178=ADVANCED_FACE('',(#358),#3007,.F.);
#3179=ADVANCED_FACE('',(#359),#182,.T.);
#3180=ADVANCED_FACE('',(#360),#3008,.F.);
#3181=ADVANCED_FACE('',(#361),#183,.T.);
#3182=ADVANCED_FACE('',(#362),#184,.T.);
#3183=ADVANCED_FACE('',(#363),#185,.T.);
#3184=ADVANCED_FACE('',(#364),#186,.T.);
#3185=ADVANCED_FACE('',(#365),#3009,.T.);
#3186=ADVANCED_FACE('',(#366),#187,.T.);
#3187=ADVANCED_FACE('',(#367),#188,.T.);
#3188=ADVANCED_FACE('',(#368),#189,.T.);
#3189=CLOSED_SHELL('',(#3010,#3011,#3012,#3013,#3014,#3015,#3016,#3017,
#3018,#3019,#3020,#3021,#3022,#3023,#3024,#3025,#3026,#3027,#3028,#3029,
#3030,#3031,#3032,#3033,#3034,#3035,#3036,#3037,#3038,#3039,#3040,#3041,
#3042,#3043,#3044,#3045,#3046,#3047,#3048,#3049,#3050,#3051,#3052,#3053,
#3054,#3055,#3056,#3057,#3058,#3059,#3060,#3061,#3062,#3063,#3064,#3065,
#3066));
#3190=CLOSED_SHELL('',(#3067,#3068,#3069,#3070,#3071,#3072,#3073,#3074,
#3075,#3076));
#3191=CLOSED_SHELL('',(#3077,#3078,#3079,#3080,#3081,#3082,#3083,#3084,
#3085,#3086));
#3192=CLOSED_SHELL('',(#3087,#3088,#3089,#3090,#3091,#3092,#3093,#3094,
#3095,#3096,#3097,#3098,#3099));
#3193=CLOSED_SHELL('',(#3100,#3101,#3102,#3103,#3104,#3105));
#3194=CLOSED_SHELL('',(#3106,#3107,#3108));
#3195=CLOSED_SHELL('',(#3109,#3110,#3111,#3112,#3113,#3114,#3115,#3116,
#3117,#3118,#3119,#3120,#3121,#3122,#3123,#3124,#3125,#3126,#3127,#3128,
#3129,#3130,#3131,#3132,#3133,#3134,#3135,#3136,#3137,#3138,#3139,#3140,
#3141,#3142,#3143,#3144,#3145,#3146,#3147,#3148,#3149,#3150,#3151,#3152,
#3153,#3154,#3155,#3156,#3157,#3158,#3159,#3160,#3161,#3162,#3163,#3164,
#3165,#3166,#3167,#3168,#3169,#3170,#3171,#3172,#3173,#3174,#3175,#3176,
#3177,#3178,#3179,#3180,#3181,#3182,#3183,#3184,#3185,#3186,#3187,#3188));
#3196=DERIVED_UNIT_ELEMENT(#3198,1.);
#3197=DERIVED_UNIT_ELEMENT(#5670,-3.);
#3198=(
MASS_UNIT()
NAMED_UNIT(*)
SI_UNIT(.KILO.,.GRAM.)
);
#3199=DERIVED_UNIT((#3196,#3197));
#3200=MEASURE_REPRESENTATION_ITEM('density measure',
POSITIVE_RATIO_MEASURE(7850.),#3199);
#3201=PROPERTY_DEFINITION_REPRESENTATION(#3206,#3203);
#3202=PROPERTY_DEFINITION_REPRESENTATION(#3207,#3204);
#3203=REPRESENTATION('material name',(#3205),#5667);
#3204=REPRESENTATION('density',(#3200),#5667);
#3205=DESCRIPTIVE_REPRESENTATION_ITEM('\X2\92FC\X0\','\X2\92FC\X0\');
#3206=PROPERTY_DEFINITION('material property','material name',#5682);
#3207=PROPERTY_DEFINITION('material property','density of part',#5682);
#3208=AXIS2_PLACEMENT_3D('',#4444,#3517,#3518);
#3209=AXIS2_PLACEMENT_3D('',#4445,#3519,#3520);
#3210=AXIS2_PLACEMENT_3D('',#4446,#3521,#3522);
#3211=AXIS2_PLACEMENT_3D('',#4449,#3523,#3524);
#3212=AXIS2_PLACEMENT_3D('',#4453,#3526,#3527);
#3213=AXIS2_PLACEMENT_3D('',#4455,#3529,#3530);
#3214=AXIS2_PLACEMENT_3D('',#4461,#3534,#3535);
#3215=AXIS2_PLACEMENT_3D('',#4463,#3536,#3537);
#3216=AXIS2_PLACEMENT_3D('',#4466,#3539,#3540);
#3217=AXIS2_PLACEMENT_3D('',#4467,#3541,#3542);
#3218=AXIS2_PLACEMENT_3D('',#4473,#3546,#3547);
#3219=AXIS2_PLACEMENT_3D('',#4475,#3548,#3549);
#3220=AXIS2_PLACEMENT_3D('',#4478,#3551,#3552);
#3221=AXIS2_PLACEMENT_3D('',#4479,#3553,#3554);
#3222=AXIS2_PLACEMENT_3D('',#4485,#3558,#3559);
#3223=AXIS2_PLACEMENT_3D('',#4487,#3560,#3561);
#3224=AXIS2_PLACEMENT_3D('',#4490,#3563,#3564);
#3225=AXIS2_PLACEMENT_3D('',#4491,#3565,#3566);
#3226=AXIS2_PLACEMENT_3D('',#4494,#3569,#3570);
#3227=AXIS2_PLACEMENT_3D('',#4495,#3571,#3572);
#3228=AXIS2_PLACEMENT_3D('',#4507,#3574,#3575);
#3229=AXIS2_PLACEMENT_3D('',#4509,#3577,#3578);
#3230=AXIS2_PLACEMENT_3D('',#4531,#3590,#3591);
#3231=AXIS2_PLACEMENT_3D('',#4557,#3594,#3595);
#3232=AXIS2_PLACEMENT_3D('',#4558,#3596,#3597);
#3233=AXIS2_PLACEMENT_3D('',#4580,#3609,#3610);
#3234=AXIS2_PLACEMENT_3D('',#4582,#3611,#3612);
#3235=AXIS2_PLACEMENT_3D('',#4585,#3614,#3615);
#3236=AXIS2_PLACEMENT_3D('',#4586,#3616,#3617);
#3237=AXIS2_PLACEMENT_3D('',#4588,#3618,#3619);
#3238=AXIS2_PLACEMENT_3D('',#4589,#3620,#3621);
#3239=AXIS2_PLACEMENT_3D('',#4590,#3622,#3623);
#3240=AXIS2_PLACEMENT_3D('',#4591,#3624,#3625);
#3241=AXIS2_PLACEMENT_3D('',#4594,#3626,#3627);
#3242=AXIS2_PLACEMENT_3D('',#4608,#3629,#3630);
#3243=AXIS2_PLACEMENT_3D('',#4609,#3631,#3632);
#3244=AXIS2_PLACEMENT_3D('',#4621,#3633,#3634);
#3245=AXIS2_PLACEMENT_3D('',#4623,#3635,#3636);
#3246=AXIS2_PLACEMENT_3D('',#4625,#3637,#3638);
#3247=AXIS2_PLACEMENT_3D('',#4626,#3639,#3640);
#3248=AXIS2_PLACEMENT_3D('',#4627,#3641,#3642);
#3249=AXIS2_PLACEMENT_3D('',#4630,#3643,#3644);
#3250=AXIS2_PLACEMENT_3D('',#4644,#3647,#3648);
#3251=AXIS2_PLACEMENT_3D('',#4645,#3649,#3650);
#3252=AXIS2_PLACEMENT_3D('',#4646,#3651,#3652);
#3253=AXIS2_PLACEMENT_3D('',#4647,#3653,#3654);
#3254=AXIS2_PLACEMENT_3D('',#4650,#3655,#3656);
#3255=AXIS2_PLACEMENT_3D('',#4664,#3659,#3660);
#3256=AXIS2_PLACEMENT_3D('',#4665,#3661,#3662);
#3257=AXIS2_PLACEMENT_3D('',#4666,#3663,#3664);
#3258=AXIS2_PLACEMENT_3D('',#4667,#3665,#3666);
#3259=AXIS2_PLACEMENT_3D('',#4670,#3667,#3668);
#3260=AXIS2_PLACEMENT_3D('',#4684,#3671,#3672);
#3261=AXIS2_PLACEMENT_3D('',#4685,#3673,#3674);
#3262=AXIS2_PLACEMENT_3D('',#4686,#3675,#3676);
#3263=AXIS2_PLACEMENT_3D('',#4687,#3677,#3678);
#3264=AXIS2_PLACEMENT_3D('',#4691,#3680,#3681);
#3265=AXIS2_PLACEMENT_3D('',#4693,#3683,#3684);
#3266=AXIS2_PLACEMENT_3D('',#4697,#3687,#3688);
#3267=AXIS2_PLACEMENT_3D('',#4700,#3690,#3691);
#3268=AXIS2_PLACEMENT_3D('',#4701,#3692,#3693);
#3269=AXIS2_PLACEMENT_3D('',#4705,#3696,#3697);
#3270=AXIS2_PLACEMENT_3D('',#4708,#3699,#3700);
#3271=AXIS2_PLACEMENT_3D('',#4709,#3701,#3702);
#3272=AXIS2_PLACEMENT_3D('',#4713,#3705,#3706);
#3273=AXIS2_PLACEMENT_3D('',#4716,#3708,#3709);
#3274=AXIS2_PLACEMENT_3D('',#4717,#3710,#3711);
#3275=AXIS2_PLACEMENT_3D('',#4721,#3715,#3716);
#3276=AXIS2_PLACEMENT_3D('',#4723,#3718,#3719);
#3277=AXIS2_PLACEMENT_3D('',#4725,#3721,#3722);
#3278=AXIS2_PLACEMENT_3D('',#4726,#3723,#3724);
#3279=AXIS2_PLACEMENT_3D('',#4728,#3726,#3727);
#3280=AXIS2_PLACEMENT_3D('',#4730,#3728,#3729);
#3281=AXIS2_PLACEMENT_3D('',#4731,#3730,#3731);
#3282=AXIS2_PLACEMENT_3D('',#4732,#3732,#3733);
#3283=AXIS2_PLACEMENT_3D('',#4735,#3734,#3735);
#3284=AXIS2_PLACEMENT_3D('',#4736,#3736,#3737);
#3285=AXIS2_PLACEMENT_3D('',#4738,#3738,#3739);
#3286=AXIS2_PLACEMENT_3D('',#4739,#3740,#3741);
#3287=AXIS2_PLACEMENT_3D('',#4740,#3742,#3743);
#3288=AXIS2_PLACEMENT_3D('',#4742,#3744,#3745);
#3289=AXIS2_PLACEMENT_3D('',#4745,#3747,#3748);
#3290=AXIS2_PLACEMENT_3D('',#4746,#3749,#3750);
#3291=AXIS2_PLACEMENT_3D('',#4748,#3751,#3752);
#3292=AXIS2_PLACEMENT_3D('',#4751,#3754,#3755);
#3293=AXIS2_PLACEMENT_3D('',#4752,#3756,#3757);
#3294=AXIS2_PLACEMENT_3D('',#4755,#3759,#3760);
#3295=AXIS2_PLACEMENT_3D('',#4756,#3761,#3762);
#3296=AXIS2_PLACEMENT_3D('',#4757,#3763,#3764);
#3297=AXIS2_PLACEMENT_3D('',#4760,#3766,#3767);
#3298=AXIS2_PLACEMENT_3D('',#4761,#3768,#3769);
#3299=AXIS2_PLACEMENT_3D('',#4774,#3776,#3777);
#3300=AXIS2_PLACEMENT_3D('',#4775,#3778,#3779);
#3301=AXIS2_PLACEMENT_3D('',#4776,#3780,#3781);
#3302=AXIS2_PLACEMENT_3D('',#4777,#3782,#3783);
#3303=AXIS2_PLACEMENT_3D('',#4779,#3785,#3786);
#3304=AXIS2_PLACEMENT_3D('',#4781,#3788,#3789);
#3305=AXIS2_PLACEMENT_3D('',#4782,#3790,#3791);
#3306=AXIS2_PLACEMENT_3D('',#4784,#3793,#3794);
#3307=AXIS2_PLACEMENT_3D('',#4786,#3796,#3797);
#3308=AXIS2_PLACEMENT_3D('',#4787,#3798,#3799);
#3309=AXIS2_PLACEMENT_3D('',#4800,#3806,#3807);
#3310=AXIS2_PLACEMENT_3D('',#4803,#3810,#3811);
#3311=AXIS2_PLACEMENT_3D('',#4805,#3813,#3814);
#3312=AXIS2_PLACEMENT_3D('',#4807,#3816,#3817);
#3313=AXIS2_PLACEMENT_3D('',#4809,#3819,#3820);
#3314=AXIS2_PLACEMENT_3D('',#4811,#3822,#3823);
#3315=AXIS2_PLACEMENT_3D('',#4812,#3824,#3825);
#3316=AXIS2_PLACEMENT_3D('',#4815,#3826,#3827);
#3317=AXIS2_PLACEMENT_3D('',#4819,#3829,#3830);
#3318=AXIS2_PLACEMENT_3D('',#4821,#3832,#3833);
#3319=AXIS2_PLACEMENT_3D('',#4827,#3837,#3838);
#3320=AXIS2_PLACEMENT_3D('',#4829,#3839,#3840);
#3321=AXIS2_PLACEMENT_3D('',#4831,#3841,#3842);
#3322=AXIS2_PLACEMENT_3D('',#4833,#3844,#3845);
#3323=AXIS2_PLACEMENT_3D('',#4839,#3849,#3850);
#3324=AXIS2_PLACEMENT_3D('',#4841,#3851,#3852);
#3325=AXIS2_PLACEMENT_3D('',#4843,#3853,#3854);
#3326=AXIS2_PLACEMENT_3D('',#4845,#3856,#3857);
#3327=AXIS2_PLACEMENT_3D('',#4851,#3861,#3862);
#3328=AXIS2_PLACEMENT_3D('',#4853,#3863,#3864);
#3329=AXIS2_PLACEMENT_3D('',#4855,#3865,#3866);
#3330=AXIS2_PLACEMENT_3D('',#4857,#3868,#3869);
#3331=AXIS2_PLACEMENT_3D('',#4860,#3872,#3873);
#3332=AXIS2_PLACEMENT_3D('',#4861,#3874,#3875);
#3333=AXIS2_PLACEMENT_3D('',#4862,#3876,#3877);
#3334=AXIS2_PLACEMENT_3D('',#4865,#3878,#3879);
#3335=AXIS2_PLACEMENT_3D('',#4869,#3881,#3882);
#3336=AXIS2_PLACEMENT_3D('',#4871,#3884,#3885);
#3337=AXIS2_PLACEMENT_3D('',#4877,#3889,#3890);
#3338=AXIS2_PLACEMENT_3D('',#4881,#3892,#3893);
#3339=AXIS2_PLACEMENT_3D('',#4885,#3895,#3896);
#3340=AXIS2_PLACEMENT_3D('',#4888,#3898,#3899);
#3341=AXIS2_PLACEMENT_3D('',#4889,#3900,#3901);
#3342=AXIS2_PLACEMENT_3D('',#4892,#3902,#3903);
#3343=AXIS2_PLACEMENT_3D('',#4895,#3906,#3907);
#3344=AXIS2_PLACEMENT_3D('',#4899,#3910,#3911);
#3345=AXIS2_PLACEMENT_3D('',#4901,#3912,#3913);
#3346=AXIS2_PLACEMENT_3D('',#4903,#3915,#3916);
#3347=AXIS2_PLACEMENT_3D('',#4905,#3917,#3918);
#3348=AXIS2_PLACEMENT_3D('',#4907,#3920,#3921);
#3349=AXIS2_PLACEMENT_3D('',#4909,#3923,#3924);
#3350=AXIS2_PLACEMENT_3D('',#4911,#3926,#3927);
#3351=AXIS2_PLACEMENT_3D('',#4912,#3928,#3929);
#3352=AXIS2_PLACEMENT_3D('',#4914,#3930,#3931);
#3353=AXIS2_PLACEMENT_3D('',#4917,#3933,#3934);
#3354=AXIS2_PLACEMENT_3D('',#4918,#3935,#3936);
#3355=AXIS2_PLACEMENT_3D('',#4919,#3937,#3938);
#3356=AXIS2_PLACEMENT_3D('',#4921,#3939,#3940);
#3357=AXIS2_PLACEMENT_3D('',#4925,#3942,#3943);
#3358=AXIS2_PLACEMENT_3D('',#4927,#3944,#3945);
#3359=AXIS2_PLACEMENT_3D('',#4929,#3946,#3947);
#3360=AXIS2_PLACEMENT_3D('',#4930,#3948,#3949);
#3361=AXIS2_PLACEMENT_3D('',#4931,#3950,#3951);
#3362=AXIS2_PLACEMENT_3D('',#4932,#3952,#3953);
#3363=AXIS2_PLACEMENT_3D('',#4936,#3956,#3957);
#3364=AXIS2_PLACEMENT_3D('',#4940,#3960,#3961);
#3365=AXIS2_PLACEMENT_3D('',#4944,#3964,#3965);
#3366=AXIS2_PLACEMENT_3D('',#4948,#3968,#3969);
#3367=AXIS2_PLACEMENT_3D('',#4954,#3973,#3974);
#3368=AXIS2_PLACEMENT_3D('',#4958,#3977,#3978);
#3369=AXIS2_PLACEMENT_3D('',#4962,#3981,#3982);
#3370=AXIS2_PLACEMENT_3D('',#4964,#3984,#3985);
#3371=AXIS2_PLACEMENT_3D('',#4965,#3986,#3987);
#3372=AXIS2_PLACEMENT_3D('',#4974,#3992,#3993);
#3373=AXIS2_PLACEMENT_3D('',#4980,#3997,#3998);
#3374=AXIS2_PLACEMENT_3D('',#4986,#4002,#4003);
#3375=AXIS2_PLACEMENT_3D('',#4989,#4006,#4007);
#3376=AXIS2_PLACEMENT_3D('',#4990,#4008,#4009);
#3377=AXIS2_PLACEMENT_3D('',#4991,#4010,#4011);
#3378=AXIS2_PLACEMENT_3D('',#4993,#4012,#4013);
#3379=AXIS2_PLACEMENT_3D('',#4996,#4015,#4016);
#3380=AXIS2_PLACEMENT_3D('',#4997,#4017,#4018);
#3381=AXIS2_PLACEMENT_3D('',#4998,#4019,#4020);
#3382=AXIS2_PLACEMENT_3D('',#4999,#4021,#4022);
#3383=AXIS2_PLACEMENT_3D('',#5002,#4023,#4024);
#3384=AXIS2_PLACEMENT_3D('',#5006,#4026,#4027);
#3385=AXIS2_PLACEMENT_3D('',#5008,#4029,#4030);
#3386=AXIS2_PLACEMENT_3D('',#5010,#4031,#4032);
#3387=AXIS2_PLACEMENT_3D('',#5013,#4034,#4035);
#3388=AXIS2_PLACEMENT_3D('',#5014,#4036,#4037);
#3389=AXIS2_PLACEMENT_3D('',#5018,#4039,#4040);
#3390=AXIS2_PLACEMENT_3D('',#5020,#4041,#4042);
#3391=AXIS2_PLACEMENT_3D('',#5031,#4048,#4049);
#3392=AXIS2_PLACEMENT_3D('',#5032,#4050,#4051);
#3393=AXIS2_PLACEMENT_3D('',#5035,#4052,#4053);
#3394=AXIS2_PLACEMENT_3D('',#5039,#4055,#4056);
#3395=AXIS2_PLACEMENT_3D('',#5041,#4058,#4059);
#3396=AXIS2_PLACEMENT_3D('',#5043,#4060,#4061);
#3397=AXIS2_PLACEMENT_3D('',#5046,#4063,#4064);
#3398=AXIS2_PLACEMENT_3D('',#5047,#4065,#4066);
#3399=AXIS2_PLACEMENT_3D('',#5051,#4068,#4069);
#3400=AXIS2_PLACEMENT_3D('',#5053,#4070,#4071);
#3401=AXIS2_PLACEMENT_3D('',#5064,#4077,#4078);
#3402=AXIS2_PLACEMENT_3D('',#5065,#4079,#4080);
#3403=AXIS2_PLACEMENT_3D('',#5068,#4081,#4082);
#3404=AXIS2_PLACEMENT_3D('',#5071,#4085,#4086);
#3405=AXIS2_PLACEMENT_3D('',#5073,#4087,#4088);
#3406=AXIS2_PLACEMENT_3D('',#5075,#4090,#4091);
#3407=AXIS2_PLACEMENT_3D('',#5078,#4092,#4093);
#3408=AXIS2_PLACEMENT_3D('',#5081,#4096,#4097);
#3409=AXIS2_PLACEMENT_3D('',#5083,#4098,#4099);
#3410=AXIS2_PLACEMENT_3D('',#5185,#4101,#4102);
#3411=AXIS2_PLACEMENT_3D('',#5186,#4103,#4104);
#3412=AXIS2_PLACEMENT_3D('',#5206,#4115,#4116);
#3413=AXIS2_PLACEMENT_3D('',#5212,#4120,#4121);
#3414=AXIS2_PLACEMENT_3D('',#5215,#4122,#4123);
#3415=AXIS2_PLACEMENT_3D('',#5219,#4125,#4126);
#3416=AXIS2_PLACEMENT_3D('',#5223,#4128,#4129);
#3417=AXIS2_PLACEMENT_3D('',#5227,#4131,#4132);
#3418=AXIS2_PLACEMENT_3D('',#5248,#4144,#4145);
#3419=AXIS2_PLACEMENT_3D('',#5250,#4147,#4148);
#3420=AXIS2_PLACEMENT_3D('',#5252,#4150,#4151);
#3421=AXIS2_PLACEMENT_3D('',#5254,#4152,#4153);
#3422=AXIS2_PLACEMENT_3D('',#5255,#4154,#4155);
#3423=AXIS2_PLACEMENT_3D('',#5257,#4157,#4158);
#3424=AXIS2_PLACEMENT_3D('',#5267,#4164,#4165);
#3425=AXIS2_PLACEMENT_3D('',#5273,#4169,#4170);
#3426=AXIS2_PLACEMENT_3D('',#5275,#4172,#4173);
#3427=AXIS2_PLACEMENT_3D('',#5281,#4177,#4178);
#3428=AXIS2_PLACEMENT_3D('',#5285,#4181,#4182);
#3429=AXIS2_PLACEMENT_3D('',#5287,#4184,#4185);
#3430=AXIS2_PLACEMENT_3D('',#5291,#4188,#4189);
#3431=AXIS2_PLACEMENT_3D('',#5295,#4191,#4192);
#3432=AXIS2_PLACEMENT_3D('',#5297,#4194,#4195);
#3433=AXIS2_PLACEMENT_3D('',#5303,#4199,#4200);
#3434=AXIS2_PLACEMENT_3D('',#5305,#4202,#4203);
#3435=AXIS2_PLACEMENT_3D('',#5307,#4205,#4206);
#3436=AXIS2_PLACEMENT_3D('',#5308,#4207,#4208);
#3437=AXIS2_PLACEMENT_3D('',#5312,#4210,#4211);
#3438=AXIS2_PLACEMENT_3D('',#5314,#4213,#4214);
#3439=AXIS2_PLACEMENT_3D('',#5316,#4216,#4217);
#3440=AXIS2_PLACEMENT_3D('',#5318,#4219,#4220);
#3441=AXIS2_PLACEMENT_3D('',#5329,#4226,#4227);
#3442=AXIS2_PLACEMENT_3D('',#5330,#4228,#4229);
#3443=AXIS2_PLACEMENT_3D('',#5341,#4235,#4236);
#3444=AXIS2_PLACEMENT_3D('',#5342,#4237,#4238);
#3445=AXIS2_PLACEMENT_3D('',#5344,#4240,#4241);
#3446=AXIS2_PLACEMENT_3D('',#5346,#4243,#4244);
#3447=AXIS2_PLACEMENT_3D('',#5352,#4248,#4249);
#3448=AXIS2_PLACEMENT_3D('',#5355,#4252,#4253);
#3449=AXIS2_PLACEMENT_3D('',#5361,#4257,#4258);
#3450=AXIS2_PLACEMENT_3D('',#5365,#4261,#4262);
#3451=AXIS2_PLACEMENT_3D('',#5367,#4264,#4265);
#3452=AXIS2_PLACEMENT_3D('',#5371,#4268,#4269);
#3453=AXIS2_PLACEMENT_3D('',#5379,#4275,#4276);
#3454=AXIS2_PLACEMENT_3D('',#5382,#4277,#4278);
#3455=AXIS2_PLACEMENT_3D('',#5384,#4279,#4280);
#3456=AXIS2_PLACEMENT_3D('',#5385,#4281,#4282);
#3457=AXIS2_PLACEMENT_3D('',#5386,#4283,#4284);
#3458=AXIS2_PLACEMENT_3D('',#5387,#4285,#4286);
#3459=AXIS2_PLACEMENT_3D('',#5401,#4288,#4289);
#3460=AXIS2_PLACEMENT_3D('',#5463,#4290,#4291);
#3461=AXIS2_PLACEMENT_3D('',#5465,#4292,#4293);
#3462=AXIS2_PLACEMENT_3D('',#5527,#4294,#4295);
#3463=AXIS2_PLACEMENT_3D('',#5541,#4296,#4297);
#3464=AXIS2_PLACEMENT_3D('',#5542,#4298,#4299);
#3465=AXIS2_PLACEMENT_3D('',#5543,#4300,#4301);
#3466=AXIS2_PLACEMENT_3D('',#5544,#4302,#4303);
#3467=AXIS2_PLACEMENT_3D('',#5547,#4305,#4306);
#3468=AXIS2_PLACEMENT_3D('',#5549,#4307,#4308);
#3469=AXIS2_PLACEMENT_3D('',#5551,#4310,#4311);
#3470=AXIS2_PLACEMENT_3D('',#5557,#4315,#4316);
#3471=AXIS2_PLACEMENT_3D('',#5559,#4318,#4319);
#3472=AXIS2_PLACEMENT_3D('',#5562,#4321,#4322);
#3473=AXIS2_PLACEMENT_3D('',#5563,#4323,#4324);
#3474=AXIS2_PLACEMENT_3D('',#5567,#4326,#4327);
#3475=AXIS2_PLACEMENT_3D('',#5568,#4328,#4329);
#3476=AXIS2_PLACEMENT_3D('',#5569,#4330,#4331);
#3477=AXIS2_PLACEMENT_3D('',#5575,#4335,#4336);
#3478=AXIS2_PLACEMENT_3D('',#5579,#4338,#4339);
#3479=AXIS2_PLACEMENT_3D('',#5580,#4340,#4341);
#3480=AXIS2_PLACEMENT_3D('',#5581,#4342,#4343);
#3481=AXIS2_PLACEMENT_3D('',#5587,#4347,#4348);
#3482=AXIS2_PLACEMENT_3D('',#5590,#4350,#4351);
#3483=AXIS2_PLACEMENT_3D('',#5591,#4352,#4353);
#3484=AXIS2_PLACEMENT_3D('',#5592,#4354,#4355);
#3485=AXIS2_PLACEMENT_3D('',#5594,#4357,#4358);
#3486=AXIS2_PLACEMENT_3D('',#5600,#4362,#4363);
#3487=AXIS2_PLACEMENT_3D('',#5601,#4364,#4365);
#3488=AXIS2_PLACEMENT_3D('',#5602,#4366,#4367);
#3489=AXIS2_PLACEMENT_3D('',#5606,#4369,#4370);
#3490=AXIS2_PLACEMENT_3D('',#5609,#4372,#4373);
#3491=AXIS2_PLACEMENT_3D('',#5610,#4374,#4375);
#3492=AXIS2_PLACEMENT_3D('',#5616,#4379,#4380);
#3493=AXIS2_PLACEMENT_3D('',#5617,#4381,#4382);
#3494=AXIS2_PLACEMENT_3D('',#5618,#4383,#4384);
#3495=AXIS2_PLACEMENT_3D('',#5619,#4385,#4386);
#3496=AXIS2_PLACEMENT_3D('',#5622,#4388,#4389);
#3497=AXIS2_PLACEMENT_3D('',#5623,#4390,#4391);
#3498=AXIS2_PLACEMENT_3D('',#5627,#4394,#4395);
#3499=AXIS2_PLACEMENT_3D('',#5630,#4397,#4398);
#3500=AXIS2_PLACEMENT_3D('',#5631,#4399,#4400);
#3501=AXIS2_PLACEMENT_3D('',#5633,#4402,#4403);
#3502=AXIS2_PLACEMENT_3D('',#5635,#4405,#4406);
#3503=AXIS2_PLACEMENT_3D('',#5642,#4410,#4411);
#3504=AXIS2_PLACEMENT_3D('',#5645,#4413,#4414);
#3505=AXIS2_PLACEMENT_3D('',#5646,#4415,#4416);
#3506=AXIS2_PLACEMENT_3D('',#5649,#4419,#4420);
#3507=AXIS2_PLACEMENT_3D('',#5650,#4421,#4422);
#3508=AXIS2_PLACEMENT_3D('',#5653,#4425,#4426);
#3509=AXIS2_PLACEMENT_3D('',#5654,#4427,#4428);
#3510=AXIS2_PLACEMENT_3D('',#5655,#4429,#4430);
#3511=AXIS2_PLACEMENT_3D('',#5656,#4431,#4432);
#3512=AXIS2_PLACEMENT_3D('',#5658,#4434,#4435);
#3513=AXIS2_PLACEMENT_3D('',#5659,#4436,#4437);
#3514=AXIS2_PLACEMENT_3D('',#5660,#4438,#4439);
#3515=AXIS2_PLACEMENT_3D('',#5661,#4440,#4441);
#3516=AXIS2_PLACEMENT_3D('',#5662,#4442,#4443);
#3517=DIRECTION('axis',(0.,0.,1.));
#3518=DIRECTION('refdir',(1.,0.,0.));
#3519=DIRECTION('axis',(0.,0.,1.));
#3520=DIRECTION('refdir',(1.,0.,0.));
#3521=DIRECTION('center_axis',(-2.22044604925031E-16,2.22044604925031E-16,
-1.));
#3522=DIRECTION('ref_axis',(1.,2.22044604925031E-16,-2.22044604925031E-16));
#3523=DIRECTION('center_axis',(-2.22044604925031E-16,2.22044604925031E-16,
-1.));
#3524=DIRECTION('ref_axis',(1.,2.22044604925031E-16,-2.22044604925031E-16));
#3525=DIRECTION('',(-2.22044604925031E-16,2.22044604925031E-16,-1.));
#3526=DIRECTION('center_axis',(-2.22044604925031E-16,2.22044604925031E-16,
-1.));
#3527=DIRECTION('ref_axis',(1.,2.22044604925031E-16,-2.22044604925031E-16));
#3528=DIRECTION('',(-2.22044604925031E-16,2.22044604925031E-16,-1.));
#3529=DIRECTION('center_axis',(6.23743481107587E-15,1.,2.2204460492503E-16));
#3530=DIRECTION('ref_axis',(1.,-6.23743481107587E-15,-2.22044604925033E-16));
#3531=DIRECTION('',(1.,-6.23743481107587E-15,-2.22044604925033E-16));
#3532=DIRECTION('',(-2.22044604925031E-16,2.22044604925031E-16,-1.));
#3533=DIRECTION('',(1.,-6.23743481107587E-15,-2.22044604925033E-16));
#3534=DIRECTION('center_axis',(-2.22044604925031E-16,2.22044604925031E-16,
-1.));
#3535=DIRECTION('ref_axis',(-2.22044604925031E-16,1.,2.22044604925031E-16));
#3536=DIRECTION('center_axis',(-2.22044604925031E-16,2.22044604925031E-16,
-1.));
#3537=DIRECTION('ref_axis',(-2.22044604925031E-16,1.,2.22044604925031E-16));
#3538=DIRECTION('',(-2.22044604925031E-16,2.22044604925031E-16,-1.));
#3539=DIRECTION('center_axis',(-2.22044604925031E-16,2.22044604925031E-16,
-1.));
#3540=DIRECTION('ref_axis',(-2.22044604925031E-16,1.,2.22044604925031E-16));
#3541=DIRECTION('center_axis',(-1.,-2.22044604925031E-16,2.22044604925031E-16));
#3542=DIRECTION('ref_axis',(-2.22044604925031E-16,1.,2.22044604925031E-16));
#3543=DIRECTION('',(-2.22044604925031E-16,1.,2.22044604925031E-16));
#3544=DIRECTION('',(-2.22044604925031E-16,2.22044604925031E-16,-1.));
#3545=DIRECTION('',(-2.22044604925031E-16,1.,2.22044604925031E-16));
#3546=DIRECTION('center_axis',(-2.22044604925031E-16,2.22044604925031E-16,
-1.));
#3547=DIRECTION('ref_axis',(-1.,-2.22044604925031E-16,2.22044604925031E-16));
#3548=DIRECTION('center_axis',(-2.22044604925031E-16,2.22044604925031E-16,
-1.));
#3549=DIRECTION('ref_axis',(-1.,-2.22044604925031E-16,2.22044604925031E-16));
#3550=DIRECTION('',(-2.22044604925031E-16,2.22044604925031E-16,-1.));
#3551=DIRECTION('center_axis',(-2.22044604925031E-16,2.22044604925031E-16,
-1.));
#3552=DIRECTION('ref_axis',(-1.,-2.22044604925031E-16,2.22044604925031E-16));
#3553=DIRECTION('center_axis',(-6.03557607932592E-15,-1.,-2.2204460492503E-16));
#3554=DIRECTION('ref_axis',(-1.,6.03557607932592E-15,2.22044604925033E-16));
#3555=DIRECTION('',(-1.,6.03557607932592E-15,2.22044604925033E-16));
#3556=DIRECTION('',(-2.22044604925031E-16,2.22044604925031E-16,-1.));
#3557=DIRECTION('',(-1.,6.03557607932592E-15,2.22044604925033E-16));
#3558=DIRECTION('center_axis',(-2.22044604925031E-16,2.22044604925031E-16,
-1.));
#3559=DIRECTION('ref_axis',(2.22044604925031E-16,-1.,-2.22044604925031E-16));
#3560=DIRECTION('center_axis',(-2.22044604925031E-16,2.22044604925031E-16,
-1.));
#3561=DIRECTION('ref_axis',(2.22044604925031E-16,-1.,-2.22044604925031E-16));
#3562=DIRECTION('',(-2.22044604925031E-16,2.22044604925031E-16,-1.));
#3563=DIRECTION('center_axis',(-2.22044604925031E-16,2.22044604925031E-16,
-1.));
#3564=DIRECTION('ref_axis',(2.22044604925031E-16,-1.,-2.22044604925031E-16));
#3565=DIRECTION('center_axis',(1.,-3.33066907387548E-15,-2.22044604925032E-16));
#3566=DIRECTION('ref_axis',(-3.33066907387548E-15,-1.,-2.22044604925031E-16));
#3567=DIRECTION('',(-3.33066907387548E-15,-1.,-2.22044604925031E-16));
#3568=DIRECTION('',(-3.33066907387548E-15,-1.,-2.22044604925031E-16));
#3569=DIRECTION('center_axis',(2.22044604925031E-16,-2.22044604925031E-16,
1.));
#3570=DIRECTION('ref_axis',(1.,2.22044604925031E-16,-2.22044604925031E-16));
#3571=DIRECTION('center_axis',(0.544639035015028,-6.52881155650312E-17,
0.838670567945424));
#3572=DIRECTION('ref_axis',(0.593029645775812,-0.707106781186532,-0.385117954958005));
#3573=DIRECTION('',(0.544639035015028,-6.52881155650312E-17,0.838670567945424));
#3574=DIRECTION('center_axis',(2.22044604925031E-16,-2.22044604925031E-16,
1.));
#3575=DIRECTION('ref_axis',(1.,3.96627987664124E-16,-2.22044604925031E-16));
#3576=DIRECTION('',(-0.544639035015028,6.52881155650311E-17,-0.838670567945424));
#3577=DIRECTION('center_axis',(0.838670567945424,3.07156434278355E-16,-0.544639035015028));
#3578=DIRECTION('ref_axis',(-0.544639035015028,6.52881155650312E-17,-0.838670567945424));
#3579=DIRECTION('',(2.22044604925031E-16,-1.,-2.22044604925031E-16));
#3580=DIRECTION('',(0.544639035015028,-2.43748260372764E-17,0.838670567945424));
#3581=DIRECTION('',(2.22044604925031E-16,-1.,-2.22044604925031E-16));
#3582=DIRECTION('',(-0.544639035015028,6.52881155650312E-17,-0.838670567945424));
#3583=DIRECTION('',(2.22044604925031E-16,-1.,-2.22044604925031E-16));
#3584=DIRECTION('',(0.544639035015028,-6.52881155650312E-17,0.838670567945424));
#3585=DIRECTION('',(2.22044604925031E-16,-1.,-2.22044604925031E-16));
#3586=DIRECTION('',(-0.544639035015028,6.52881155650312E-17,-0.838670567945424));
#3587=DIRECTION('',(2.22044604925031E-16,-1.,-2.22044604925031E-16));
#3588=DIRECTION('',(-0.544639035015028,6.52881155650312E-17,-0.838670567945424));
#3589=DIRECTION('',(-2.22044604925031E-16,1.,2.22044604925031E-16));
#3590=DIRECTION('center_axis',(-0.544639035015024,6.52881155650326E-17,
-0.838670567945426));
#3591=DIRECTION('ref_axis',(-0.593029645775812,-0.707106781186533,0.385117954958005));
#3592=DIRECTION('',(-0.544639035015024,6.52881155650326E-17,-0.838670567945426));
#3593=DIRECTION('',(0.544639035015024,-6.52881155650326E-17,0.838670567945426));
#3594=DIRECTION('center_axis',(2.22044604925031E-16,-2.22044604925031E-16,
1.));
#3595=DIRECTION('ref_axis',(-1.,-3.38433526751094E-16,2.22044604925031E-16));
#3596=DIRECTION('center_axis',(0.838670567945426,3.07156434278355E-16,-0.544639035015024));
#3597=DIRECTION('ref_axis',(-0.544639035015024,6.52881155650326E-17,-0.838670567945426));
#3598=DIRECTION('',(-2.22044604925031E-16,1.,2.22044604925031E-16));
#3599=DIRECTION('',(0.544639035015024,-6.52881155650326E-17,0.838670567945426));
#3600=DIRECTION('',(-2.22044604925031E-16,1.,2.22044604925031E-16));
#3601=DIRECTION('',(-0.544639035015024,6.52881155650326E-17,-0.838670567945426));
#3602=DIRECTION('',(-2.22044604925031E-16,1.,2.22044604925031E-16));
#3603=DIRECTION('',(0.544639035015024,-6.52881155650326E-17,0.838670567945426));
#3604=DIRECTION('',(2.22044604925031E-16,-1.,-2.22044604925031E-16));
#3605=DIRECTION('',(-0.544639035015024,6.52881155650326E-17,-0.838670567945426));
#3606=DIRECTION('',(-2.22044604925031E-16,1.,2.22044604925031E-16));
#3607=DIRECTION('',(0.544639035015024,-2.43748260372779E-17,0.838670567945426));
#3608=DIRECTION('',(2.22044604925031E-16,-1.,-2.22044604925031E-16));
#3609=DIRECTION('center_axis',(-0.544639035015028,6.52881155650312E-17,
-0.838670567945424));
#3610=DIRECTION('ref_axis',(0.593029645775746,0.707106781186576,-0.385117954958028));
#3611=DIRECTION('center_axis',(0.544639035015015,-6.52881155650357E-17,
0.838670567945432));
#3612=DIRECTION('ref_axis',(0.838670567945432,3.07156434278354E-16,-0.544639035015015));
#3613=DIRECTION('',(0.544639035015028,-6.52881155650312E-17,0.838670567945424));
#3614=DIRECTION('center_axis',(2.22044604925031E-16,-2.22044604925031E-16,
1.));
#3615=DIRECTION('ref_axis',(1.,2.22044604925031E-16,-2.22044604925031E-16));
#3616=DIRECTION('center_axis',(-2.22044604925031E-16,1.,2.22044604925031E-16));
#3617=DIRECTION('ref_axis',(-1.,-1.58603289232165E-16,0.));
#3618=DIRECTION('center_axis',(-0.544639035015048,6.52881155650238E-17,
-0.838670567945411));
#3619=DIRECTION('ref_axis',(-0.838670567945411,-3.07156434278357E-16,0.544639035015048));
#3620=DIRECTION('center_axis',(2.22044604925031E-16,-1.,-2.22044604925031E-16));
#3621=DIRECTION('ref_axis',(-0.544639035015035,6.52881155650284E-17,-0.838670567945419));
#3622=DIRECTION('center_axis',(-2.22044604925031E-16,1.,2.22044604925031E-16));
#3623=DIRECTION('ref_axis',(-0.544639035015035,6.52881155650284E-17,-0.838670567945419));
#3624=DIRECTION('center_axis',(0.544639035015024,-6.52881155650326E-17,
0.838670567945426));
#3625=DIRECTION('ref_axis',(-0.593029645775746,0.707106781186575,0.385117954958028));
#3626=DIRECTION('center_axis',(2.22044604925031E-16,-2.22044604925031E-16,
1.));
#3627=DIRECTION('ref_axis',(-1.,-2.22044604925031E-16,2.22044604925031E-16));
#3628=DIRECTION('',(-0.544639035015024,6.52881155650326E-17,-0.838670567945426));
#3629=DIRECTION('center_axis',(2.22044604925031E-16,-1.,-2.22044604925031E-16));
#3630=DIRECTION('ref_axis',(-0.544639035015031,6.528811556503E-17,-0.838670567945421));
#3631=DIRECTION('center_axis',(-2.22044604925031E-16,1.,2.22044604925031E-16));
#3632=DIRECTION('ref_axis',(1.,2.22044604925031E-16,-2.22044604925031E-16));
#3633=DIRECTION('center_axis',(-1.,-2.22044604925031E-16,2.22044604925031E-16));
#3634=DIRECTION('ref_axis',(-2.22044604925031E-16,1.,2.22044604925031E-16));
#3635=DIRECTION('center_axis',(2.22044604925031E-16,-2.22044604925031E-16,
1.));
#3636=DIRECTION('ref_axis',(-0.258819045102526,0.965925826289067,2.71947991102104E-16));
#3637=DIRECTION('center_axis',(-2.22044604925031E-16,1.,2.22044604925031E-16));
#3638=DIRECTION('ref_axis',(-2.22044604925031E-16,2.22044604925031E-16,
-1.));
#3639=DIRECTION('center_axis',(-2.22044604925031E-16,2.22044604925031E-16,
-1.));
#3640=DIRECTION('ref_axis',(-0.258819045102526,0.965925826289067,2.71947991102105E-16));
#3641=DIRECTION('center_axis',(1.,-3.03460960064209E-15,-2.22044604925032E-16));
#3642=DIRECTION('ref_axis',(-3.14018491736755E-16,0.707106781186551,-0.707106781186544));
#3643=DIRECTION('center_axis',(-1.,-2.22044604925031E-16,2.22044604925031E-16));
#3644=DIRECTION('ref_axis',(-2.22044604925031E-16,1.,2.22044604925031E-16));
#3645=DIRECTION('',(-1.,3.03460960064209E-15,2.22044604925032E-16));
#3646=DIRECTION('',(1.,-3.03460960064209E-15,-2.22044604925032E-16));
#3647=DIRECTION('center_axis',(-2.22044604925031E-16,1.,2.22044604925031E-16));
#3648=DIRECTION('ref_axis',(1.,2.22044604925031E-16,-2.22044604925031E-16));
#3649=DIRECTION('center_axis',(2.22044604925031E-16,-2.22044604925031E-16,
1.));
#3650=DIRECTION('ref_axis',(0.707106781186536,0.707106781186559,4.96119553674135E-30));
#3651=DIRECTION('center_axis',(-2.22044604925031E-16,2.22044604925031E-16,
-1.));
#3652=DIRECTION('ref_axis',(0.707106781186536,0.707106781186559,4.96119553674138E-30));
#3653=DIRECTION('center_axis',(-3.00769510307542E-15,-1.,-2.22044604925031E-16));
#3654=DIRECTION('ref_axis',(0.707106781186522,-2.04112019628896E-15,-0.707106781186573));
#3655=DIRECTION('center_axis',(4.21884749357585E-15,1.,2.2204460492503E-16));
#3656=DIRECTION('ref_axis',(1.,-4.21884749357585E-15,-2.22044604925032E-16));
#3657=DIRECTION('',(3.00769510307542E-15,1.,2.22044604925031E-16));
#3658=DIRECTION('',(-3.00769510307542E-15,-1.,-2.22044604925031E-16));
#3659=DIRECTION('center_axis',(1.,2.22044604925031E-16,-2.22044604925031E-16));
#3660=DIRECTION('ref_axis',(2.22044604925031E-16,-1.,-2.22044604925031E-16));
#3661=DIRECTION('center_axis',(2.22044604925031E-16,-2.22044604925031E-16,
1.));
#3662=DIRECTION('ref_axis',(0.707106781186537,-0.707106781186558,-3.14018491736755E-16));
#3663=DIRECTION('center_axis',(-2.22044604925031E-16,2.22044604925031E-16,
-1.));
#3664=DIRECTION('ref_axis',(0.707106781186536,-0.707106781186558,-3.14018491736755E-16));
#3665=DIRECTION('center_axis',(-1.,3.33066907387549E-15,2.22044604925032E-16));
#3666=DIRECTION('ref_axis',(1.35585468084858E-30,-0.707106781186551,-0.707106781186545));
#3667=DIRECTION('center_axis',(1.,2.22044604925031E-16,-2.22044604925031E-16));
#3668=DIRECTION('ref_axis',(2.22044604925031E-16,-1.,-2.22044604925031E-16));
#3669=DIRECTION('',(1.,-3.33066907387549E-15,-2.22044604925032E-16));
#3670=DIRECTION('',(-1.,3.33066907387549E-15,2.22044604925032E-16));
#3671=DIRECTION('center_axis',(-1.99840144432517E-15,-1.,-2.44249065417531E-15));
#3672=DIRECTION('ref_axis',(-1.,1.99840144432526E-15,-3.53050921830795E-14));
#3673=DIRECTION('center_axis',(2.22044604925031E-16,-2.22044604925031E-16,
1.));
#3674=DIRECTION('ref_axis',(-0.258819045102526,-0.965925826289067,-1.57009245868376E-16));
#3675=DIRECTION('center_axis',(-2.22044604925031E-16,2.22044604925031E-16,
-1.));
#3676=DIRECTION('ref_axis',(-0.258819045102526,-0.965925826289067,-1.57009245868376E-16));
#3677=DIRECTION('center_axis',(2.22044604925031E-16,-2.22044604925031E-16,
1.));
#3678=DIRECTION('ref_axis',(-0.707106781186543,-0.707106781186552,-2.12622665860345E-30));
#3679=DIRECTION('',(2.22044604925031E-16,-2.22044604925031E-16,1.));
#3680=DIRECTION('center_axis',(-2.22044604925031E-16,2.22044604925031E-16,
-1.));
#3681=DIRECTION('ref_axis',(-0.707106781186543,-0.707106781186552,-2.12622665860345E-30));
#3682=DIRECTION('',(-2.22044604925031E-16,2.22044604925031E-16,-1.));
#3683=DIRECTION('center_axis',(-3.33066907387549E-15,-1.,-2.22044604925031E-16));
#3684=DIRECTION('ref_axis',(1.,-3.33066907387549E-15,-2.22044604925032E-16));
#3685=DIRECTION('',(-2.22044604925031E-16,2.22044604925031E-16,-1.));
#3686=DIRECTION('',(1.,-3.33066907387549E-15,-2.22044604925032E-16));
#3687=DIRECTION('center_axis',(2.22044604925031E-16,-2.22044604925031E-16,
1.));
#3688=DIRECTION('ref_axis',(0.707106781186541,-0.707106781186555,-3.14018491736755E-16));
#3689=DIRECTION('',(2.22044604925031E-16,-2.22044604925031E-16,1.));
#3690=DIRECTION('center_axis',(-2.22044604925031E-16,2.22044604925031E-16,
-1.));
#3691=DIRECTION('ref_axis',(0.707106781186541,-0.707106781186555,-3.14018491736755E-16));
#3692=DIRECTION('center_axis',(1.,-3.00769510307542E-15,-2.22044604925032E-16));
#3693=DIRECTION('ref_axis',(3.00769510307542E-15,1.,2.22044604925031E-16));
#3694=DIRECTION('',(-2.22044604925031E-16,2.22044604925031E-16,-1.));
#3695=DIRECTION('',(3.00769510307542E-15,1.,2.22044604925031E-16));
#3696=DIRECTION('center_axis',(2.22044604925031E-16,-2.22044604925031E-16,
1.));
#3697=DIRECTION('ref_axis',(0.707106781186543,0.707106781186552,2.12622665860345E-30));
#3698=DIRECTION('',(2.22044604925031E-16,-2.22044604925031E-16,1.));
#3699=DIRECTION('center_axis',(-2.22044604925031E-16,2.22044604925031E-16,
-1.));
#3700=DIRECTION('ref_axis',(0.707106781186543,0.707106781186552,2.12622665860345E-30));
#3701=DIRECTION('center_axis',(3.03460960064209E-15,1.,2.22044604925031E-16));
#3702=DIRECTION('ref_axis',(-1.,3.03460960064209E-15,2.22044604925032E-16));
#3703=DIRECTION('',(-2.22044604925031E-16,2.22044604925031E-16,-1.));
#3704=DIRECTION('',(-1.,3.03460960064209E-15,2.22044604925032E-16));
#3705=DIRECTION('center_axis',(2.22044604925031E-16,-2.22044604925031E-16,
1.));
#3706=DIRECTION('ref_axis',(-0.707106781186543,0.707106781186552,3.14018491736755E-16));
#3707=DIRECTION('',(2.22044604925031E-16,-2.22044604925031E-16,1.));
#3708=DIRECTION('center_axis',(-2.22044604925031E-16,2.22044604925031E-16,
-1.));
#3709=DIRECTION('ref_axis',(-0.707106781186543,0.707106781186552,3.14018491736755E-16));
#3710=DIRECTION('center_axis',(2.22044604925031E-16,-1.,-2.22044604925031E-16));
#3711=DIRECTION('ref_axis',(-0.707106781186548,-3.0814879110196E-32,-0.707106781186547));
#3712=DIRECTION('',(-2.22044604925031E-16,1.,2.22044604925031E-16));
#3713=DIRECTION('',(2.22044604925031E-16,-1.,-2.22044604925031E-16));
#3714=DIRECTION('',(2.22044604925031E-16,-1.,-2.22044604925031E-16));
#3715=DIRECTION('center_axis',(-1.,-2.22044604925031E-16,2.22044604925031E-16));
#3716=DIRECTION('ref_axis',(2.22044604925031E-16,-1.,-2.22044604925031E-16));
#3717=DIRECTION('',(2.22044604925031E-16,-1.,-2.22044604925031E-16));
#3718=DIRECTION('center_axis',(2.22044604925031E-16,-1.,-2.22044604925031E-16));
#3719=DIRECTION('ref_axis',(-1.,-2.22044604925031E-16,2.22044604925031E-16));
#3720=DIRECTION('',(1.,2.22044604925031E-16,-2.22044604925031E-16));
#3721=DIRECTION('center_axis',(2.22044604925031E-16,-1.,-2.22044604925031E-16));
#3722=DIRECTION('ref_axis',(1.,2.22044604925031E-16,-2.22044604925031E-16));
#3723=DIRECTION('center_axis',(2.22044604925031E-16,-2.22044604925031E-16,
1.));
#3724=DIRECTION('ref_axis',(1.,2.22044604925031E-16,-2.22044604925031E-16));
#3725=DIRECTION('',(-1.,-2.22044604925031E-16,2.22044604925031E-16));
#3726=DIRECTION('center_axis',(-2.22044604925031E-16,1.,2.22044604925031E-16));
#3727=DIRECTION('ref_axis',(1.,2.22044604925031E-16,-2.22044604925031E-16));
#3728=DIRECTION('center_axis',(2.22044604925031E-16,-1.,-2.22044604925031E-16));
#3729=DIRECTION('ref_axis',(1.,2.22044604925031E-16,-2.22044604925031E-16));
#3730=DIRECTION('center_axis',(2.22044604925031E-16,-2.22044604925031E-16,
1.));
#3731=DIRECTION('ref_axis',(-2.22044604925031E-16,1.,2.22044604925031E-16));
#3732=DIRECTION('center_axis',(-2.22044604925031E-16,1.,2.22044604925031E-16));
#3733=DIRECTION('ref_axis',(-1.,-3.17206578464331E-16,0.));
#3734=DIRECTION('center_axis',(-2.22044604925031E-16,1.,2.22044604925031E-16));
#3735=DIRECTION('ref_axis',(-1.,-2.22044604925031E-16,2.22044604925031E-16));
#3736=DIRECTION('center_axis',(-2.22044604925031E-16,1.,2.22044604925031E-16));
#3737=DIRECTION('ref_axis',(-1.,-2.22044604925031E-16,2.22044604925031E-16));
#3738=DIRECTION('center_axis',(-3.96508223080413E-16,2.22044604925031E-16,
-1.));
#3739=DIRECTION('ref_axis',(1.,1.98254111540207E-16,-3.96508223080413E-16));
#3740=DIRECTION('center_axis',(2.22044604925031E-16,-1.,-2.22044604925031E-16));
#3741=DIRECTION('ref_axis',(-1.,-2.22044604925031E-16,2.22044604925031E-16));
#3742=DIRECTION('center_axis',(2.22044604925031E-16,-1.,-2.22044604925031E-16));
#3743=DIRECTION('ref_axis',(1.,2.22044604925031E-16,-2.22044604925031E-16));
#3744=DIRECTION('center_axis',(2.22044604925031E-16,-1.,-2.22044604925031E-16));
#3745=DIRECTION('ref_axis',(1.,2.22044604925031E-16,-2.22044604925031E-16));
#3746=DIRECTION('',(2.22044604925031E-16,-1.,-2.22044604925031E-16));
#3747=DIRECTION('center_axis',(-2.22044604925031E-16,1.,2.22044604925031E-16));
#3748=DIRECTION('ref_axis',(1.,2.22044604925031E-16,-2.22044604925031E-16));
#3749=DIRECTION('center_axis',(2.22044604925031E-16,-1.,-2.22044604925031E-16));
#3750=DIRECTION('ref_axis',(1.,2.22044604925031E-16,-2.22044604925031E-16));
#3751=DIRECTION('center_axis',(2.44327579452718E-16,-1.,-1.87731833160274E-16));
#3752=DIRECTION('ref_axis',(1.,2.22044604925031E-16,-2.22044604925031E-16));
#3753=DIRECTION('',(2.22044604925031E-16,-1.,-2.22044604925031E-16));
#3754=DIRECTION('center_axis',(-2.22044604925031E-16,1.,2.22044604925031E-16));
#3755=DIRECTION('ref_axis',(-1.,-2.22044604925031E-16,2.22044604925031E-16));
#3756=DIRECTION('center_axis',(2.22044604925031E-16,-1.,-2.22044604925031E-16));
#3757=DIRECTION('ref_axis',(1.,2.22044604925031E-16,-2.22044604925031E-16));
#3758=DIRECTION('',(-2.22044604925031E-16,1.,2.22044604925031E-16));
#3759=DIRECTION('center_axis',(2.44327579452718E-16,-1.,-1.87731833160274E-16));
#3760=DIRECTION('ref_axis',(1.,2.22044604925031E-16,-2.22044604925031E-16));
#3761=DIRECTION('center_axis',(2.44327579452718E-16,-1.,-1.87731833160274E-16));
#3762=DIRECTION('ref_axis',(1.,2.22044604925031E-16,-2.22044604925031E-16));
#3763=DIRECTION('center_axis',(2.22044604925031E-16,-1.,-2.22044604925031E-16));
#3764=DIRECTION('ref_axis',(1.,2.22044604925031E-16,-2.22044604925031E-16));
#3765=DIRECTION('',(2.22044604925031E-16,-1.,-2.22044604925031E-16));
#3766=DIRECTION('center_axis',(-2.22044604925031E-16,1.,2.22044604925031E-16));
#3767=DIRECTION('ref_axis',(1.,2.22044604925031E-16,-2.22044604925031E-16));
#3768=DIRECTION('center_axis',(-2.22044604925031E-16,1.,2.22044604925031E-16));
#3769=DIRECTION('ref_axis',(-1.,-2.22044604925031E-16,2.22044604925031E-16));
#3770=DIRECTION('',(-0.499999999999994,-3.03318571100871E-16,0.866025403784442));
#3771=DIRECTION('',(-1.,-2.22044604925031E-16,2.22044604925031E-16));
#3772=DIRECTION('',(-0.499999999999998,8.12739661758414E-17,-0.86602540378444));
#3773=DIRECTION('',(0.500000000000002,3.03318571100872E-16,-0.866025403784437));
#3774=DIRECTION('',(1.,2.22044604925031E-16,-2.22044604925031E-16));
#3775=DIRECTION('',(0.499999999999997,-8.12739661758419E-17,0.866025403784441));
#3776=DIRECTION('center_axis',(2.22044604925031E-16,-1.,-2.22044604925031E-16));
#3777=DIRECTION('ref_axis',(-0.544639035015031,6.528811556503E-17,-0.838670567945421));
#3778=DIRECTION('center_axis',(-2.22044604925031E-16,1.,2.22044604925031E-16));
#3779=DIRECTION('ref_axis',(1.,2.22044604925031E-16,-2.22044604925031E-16));
#3780=DIRECTION('center_axis',(2.22044604925031E-16,-1.,-2.22044604925031E-16));
#3781=DIRECTION('ref_axis',(1.,2.22044604925031E-16,-2.22044604925031E-16));
#3782=DIRECTION('center_axis',(2.44327579452718E-16,-1.,-1.87731833160274E-16));
#3783=DIRECTION('ref_axis',(2.22044604925031E-16,-1.87731833160274E-16,
1.));
#3784=DIRECTION('',(-0.838670567945426,-3.07156434278355E-16,0.544639035015024));
#3785=DIRECTION('center_axis',(-2.22044604925031E-16,1.,2.22044604925031E-16));
#3786=DIRECTION('ref_axis',(-1.,-2.22044604925031E-16,2.22044604925031E-16));
#3787=DIRECTION('',(0.838670567945426,3.07156434278355E-16,-0.544639035015024));
#3788=DIRECTION('center_axis',(0.544639035015024,-6.52881155650326E-17,
0.838670567945426));
#3789=DIRECTION('ref_axis',(0.838670567945426,3.07156434278355E-16,-0.544639035015024));
#3790=DIRECTION('center_axis',(-2.22044604925031E-16,1.,2.22044604925031E-16));
#3791=DIRECTION('ref_axis',(-1.,-2.22044604925031E-16,2.22044604925031E-16));
#3792=DIRECTION('',(0.838670567945426,3.07156434278355E-16,-0.544639035015024));
#3793=DIRECTION('center_axis',(2.22044604925031E-16,-1.,-2.22044604925031E-16));
#3794=DIRECTION('ref_axis',(1.,2.22044604925031E-16,-2.22044604925031E-16));
#3795=DIRECTION('',(-0.838670567945426,-3.07156434278355E-16,0.544639035015024));
#3796=DIRECTION('center_axis',(0.544639035015024,-6.52881155650326E-17,
0.838670567945426));
#3797=DIRECTION('ref_axis',(0.838670567945426,3.07156434278355E-16,-0.544639035015024));
#3798=DIRECTION('center_axis',(-2.22044604925031E-16,1.,2.22044604925031E-16));
#3799=DIRECTION('ref_axis',(-1.,-2.22044604925031E-16,2.22044604925031E-16));
#3800=DIRECTION('',(-1.,-2.22044604925031E-16,2.22044604925031E-16));
#3801=DIRECTION('',(-0.499999999999994,-3.03318571100871E-16,0.866025403784442));
#3802=DIRECTION('',(0.499999999999997,-8.12739661758419E-17,0.866025403784441));
#3803=DIRECTION('',(1.,2.22044604925031E-16,-2.22044604925031E-16));
#3804=DIRECTION('',(0.500000000000002,3.03318571100872E-16,-0.866025403784437));
#3805=DIRECTION('',(-0.499999999999998,8.12739661758414E-17,-0.86602540378444));
#3806=DIRECTION('center_axis',(-0.866025403784442,-8.1273966175843E-17,
-0.499999999999994));
#3807=DIRECTION('ref_axis',(-0.499999999999993,-3.03318571100871E-16,0.866025403784442));
#3808=DIRECTION('',(-2.22044604925031E-16,1.,2.22044604925031E-16));
#3809=DIRECTION('',(-2.22044604925031E-16,1.,2.22044604925031E-16));
#3810=DIRECTION('center_axis',(-2.22044604925031E-16,2.22044604925031E-16,
-1.));
#3811=DIRECTION('ref_axis',(2.22044604925031E-16,-1.,-2.22044604925031E-16));
#3812=DIRECTION('',(-2.22044604925031E-16,1.,2.22044604925031E-16));
#3813=DIRECTION('center_axis',(0.86602540378444,3.03318571100872E-16,-0.499999999999998));
#3814=DIRECTION('ref_axis',(-0.499999999999998,8.12739661758414E-17,-0.86602540378444));
#3815=DIRECTION('',(-2.22044604925031E-16,1.,2.22044604925031E-16));
#3816=DIRECTION('center_axis',(0.866025403784437,8.12739661758399E-17,0.500000000000002));
#3817=DIRECTION('ref_axis',(0.500000000000002,3.03318571100872E-16,-0.866025403784437));
#3818=DIRECTION('',(-2.22044604925031E-16,1.,2.22044604925031E-16));
#3819=DIRECTION('center_axis',(2.22044604925031E-16,-2.22044604925031E-16,
1.));
#3820=DIRECTION('ref_axis',(-2.22044604925031E-16,1.,2.22044604925031E-16));
#3821=DIRECTION('',(-2.22044604925031E-16,1.,2.22044604925031E-16));
#3822=DIRECTION('center_axis',(-0.866025403784441,-3.03318571100872E-16,
0.499999999999997));
#3823=DIRECTION('ref_axis',(0.499999999999997,-8.1273966175842E-17,0.866025403784441));
#3824=DIRECTION('center_axis',(0.,0.,1.));
#3825=DIRECTION('ref_axis',(2.22044604925031E-16,-1.,0.));
#3826=DIRECTION('center_axis',(-2.22044604925031E-16,2.22044604925031E-16,
-1.));
#3827=DIRECTION('ref_axis',(2.22044604925031E-16,-1.,-2.22044604925031E-16));
#3828=DIRECTION('',(0.,0.,1.));
#3829=DIRECTION('center_axis',(2.22044604925031E-16,-2.22044604925031E-16,
1.));
#3830=DIRECTION('ref_axis',(2.22044604925031E-16,-1.,-2.22044604925031E-16));
#3831=DIRECTION('',(0.,0.,1.));
#3832=DIRECTION('center_axis',(-6.03557607932592E-15,-1.,0.));
#3833=DIRECTION('ref_axis',(1.,-6.03557607932592E-15,-2.22044604925033E-16));
#3834=DIRECTION('',(-1.,6.03557607932592E-15,2.22044604925033E-16));
#3835=DIRECTION('',(1.,-6.03557607932592E-15,-2.22044604925033E-16));
#3836=DIRECTION('',(0.,0.,1.));
#3837=DIRECTION('center_axis',(0.,0.,1.));
#3838=DIRECTION('ref_axis',(-1.,-2.22044604925031E-16,0.));
#3839=DIRECTION('center_axis',(-2.22044604925031E-16,2.22044604925031E-16,
-1.));
#3840=DIRECTION('ref_axis',(-1.,-2.22044604925031E-16,2.22044604925031E-16));
#3841=DIRECTION('center_axis',(2.22044604925031E-16,-2.22044604925031E-16,
1.));
#3842=DIRECTION('ref_axis',(-1.,-2.22044604925031E-16,2.22044604925031E-16));
#3843=DIRECTION('',(0.,0.,1.));
#3844=DIRECTION('center_axis',(-1.,-2.22044604925031E-16,0.));
#3845=DIRECTION('ref_axis',(2.22044604925031E-16,-1.,-2.22044604925031E-16));
#3846=DIRECTION('',(-2.22044604925031E-16,1.,2.22044604925031E-16));
#3847=DIRECTION('',(2.22044604925031E-16,-1.,-2.22044604925031E-16));
#3848=DIRECTION('',(0.,0.,1.));
#3849=DIRECTION('center_axis',(0.,0.,1.));
#3850=DIRECTION('ref_axis',(-2.22044604925031E-16,1.,0.));
#3851=DIRECTION('center_axis',(-2.22044604925031E-16,2.22044604925031E-16,
-1.));
#3852=DIRECTION('ref_axis',(-2.22044604925031E-16,1.,2.22044604925031E-16));
#3853=DIRECTION('center_axis',(2.22044604925031E-16,-2.22044604925031E-16,
1.));
#3854=DIRECTION('ref_axis',(-2.22044604925031E-16,1.,2.22044604925031E-16));
#3855=DIRECTION('',(0.,0.,1.));
#3856=DIRECTION('center_axis',(6.23743481107587E-15,1.,0.));
#3857=DIRECTION('ref_axis',(-1.,6.23743481107587E-15,2.22044604925033E-16));
#3858=DIRECTION('',(1.,-6.23743481107587E-15,-2.22044604925033E-16));
#3859=DIRECTION('',(-1.,6.23743481107587E-15,2.22044604925033E-16));
#3860=DIRECTION('',(0.,0.,1.));
#3861=DIRECTION('center_axis',(0.,0.,1.));
#3862=DIRECTION('ref_axis',(1.,2.22044604925031E-16,0.));
#3863=DIRECTION('center_axis',(-2.22044604925031E-16,2.22044604925031E-16,
-1.));
#3864=DIRECTION('ref_axis',(1.,2.22044604925031E-16,-2.22044604925031E-16));
#3865=DIRECTION('center_axis',(2.22044604925031E-16,-2.22044604925031E-16,
1.));
#3866=DIRECTION('ref_axis',(1.,2.22044604925031E-16,-2.22044604925031E-16));
#3867=DIRECTION('',(0.,0.,1.));
#3868=DIRECTION('center_axis',(1.,-3.33066907387548E-15,0.));
#3869=DIRECTION('ref_axis',(3.33066907387548E-15,1.,2.22044604925031E-16));
#3870=DIRECTION('',(-3.33066907387548E-15,-1.,-2.22044604925031E-16));
#3871=DIRECTION('',(3.33066907387548E-15,1.,2.22044604925031E-16));
#3872=DIRECTION('center_axis',(2.22044604925031E-16,-2.22044604925031E-16,
1.));
#3873=DIRECTION('ref_axis',(1.,2.22044604925031E-16,-2.22044604925031E-16));
#3874=DIRECTION('center_axis',(2.22044604925031E-16,-2.22044604925031E-16,
1.));
#3875=DIRECTION('ref_axis',(1.,2.22044604925031E-16,-2.22044604925031E-16));
#3876=DIRECTION('center_axis',(0.,0.,1.));
#3877=DIRECTION('ref_axis',(-0.707106781186548,0.707106781186548,0.));
#3878=DIRECTION('center_axis',(0.,0.,-1.));
#3879=DIRECTION('ref_axis',(-0.707106781186548,0.707106781186548,0.));
#3880=DIRECTION('',(0.,0.,-1.));
#3881=DIRECTION('center_axis',(0.,0.,1.));
#3882=DIRECTION('ref_axis',(-0.707106781186548,0.707106781186548,0.));
#3883=DIRECTION('',(0.,0.,1.));
#3884=DIRECTION('center_axis',(-1.,0.,0.));
#3885=DIRECTION('ref_axis',(0.,-1.,0.));
#3886=DIRECTION('',(0.,1.,0.));
#3887=DIRECTION('',(0.,0.,-1.));
#3888=DIRECTION('',(0.,-1.,0.));
#3889=DIRECTION('center_axis',(0.,0.,1.));
#3890=DIRECTION('ref_axis',(1.,0.,0.));
#3891=DIRECTION('',(1.,0.,0.));
#3892=DIRECTION('center_axis',(0.,0.,1.));
#3893=DIRECTION('ref_axis',(0.707106781186548,0.707106781186548,0.));
#3894=DIRECTION('',(0.,-1.,0.));
#3895=DIRECTION('center_axis',(0.,0.,1.));
#3896=DIRECTION('ref_axis',(0.707106781186548,-0.707106781186548,0.));
#3897=DIRECTION('',(-1.,0.,0.));
#3898=DIRECTION('center_axis',(0.,0.,1.));
#3899=DIRECTION('ref_axis',(-0.707106781186548,-0.707106781186548,0.));
#3900=DIRECTION('center_axis',(0.,0.,1.));
#3901=DIRECTION('ref_axis',(0.707106781186548,0.707106781186548,0.));
#3902=DIRECTION('center_axis',(0.,0.,-1.));
#3903=DIRECTION('ref_axis',(0.707106781186548,0.707106781186548,0.));
#3904=DIRECTION('',(0.,0.,-1.));
#3905=DIRECTION('',(0.,0.,1.));
#3906=DIRECTION('center_axis',(1.,0.,0.));
#3907=DIRECTION('ref_axis',(0.,1.,0.));
#3908=DIRECTION('',(0.,1.,0.));
#3909=DIRECTION('',(0.,0.,1.));
#3910=DIRECTION('center_axis',(0.,0.,1.));
#3911=DIRECTION('ref_axis',(0.707106781186548,-0.707106781186548,0.));
#3912=DIRECTION('center_axis',(0.,0.,-1.));
#3913=DIRECTION('ref_axis',(0.707106781186548,-0.707106781186548,0.));
#3914=DIRECTION('',(0.,0.,-1.));
#3915=DIRECTION('center_axis',(0.,0.,1.));
#3916=DIRECTION('ref_axis',(-0.707106781186548,-0.707106781186548,0.));
#3917=DIRECTION('center_axis',(0.,0.,-1.));
#3918=DIRECTION('ref_axis',(-0.707106781186548,-0.707106781186548,0.));
#3919=DIRECTION('',(0.,0.,1.));
#3920=DIRECTION('center_axis',(0.,-1.,0.));
#3921=DIRECTION('ref_axis',(1.,0.,0.));
#3922=DIRECTION('',(1.,0.,0.));
#3923=DIRECTION('center_axis',(0.,1.,0.));
#3924=DIRECTION('ref_axis',(-1.,0.,0.));
#3925=DIRECTION('',(-1.,0.,0.));
#3926=DIRECTION('center_axis',(0.,0.,1.));
#3927=DIRECTION('ref_axis',(1.,0.,0.));
#3928=DIRECTION('center_axis',(0.,0.,1.));
#3929=DIRECTION('ref_axis',(-1.,0.,0.));
#3930=DIRECTION('center_axis',(0.,0.,1.));
#3931=DIRECTION('ref_axis',(-1.,0.,0.));
#3932=DIRECTION('',(0.,0.,-1.));
#3933=DIRECTION('center_axis',(0.,0.,-1.));
#3934=DIRECTION('ref_axis',(-1.,0.,0.));
#3935=DIRECTION('center_axis',(0.,0.,1.));
#3936=DIRECTION('ref_axis',(-1.,0.,0.));
#3937=DIRECTION('center_axis',(0.,0.,1.));
#3938=DIRECTION('ref_axis',(-1.,0.,0.));
#3939=DIRECTION('center_axis',(0.,0.,1.));
#3940=DIRECTION('ref_axis',(-1.,0.,0.));
#3941=DIRECTION('',(0.,0.,-1.));
#3942=DIRECTION('center_axis',(0.,0.,-1.));
#3943=DIRECTION('ref_axis',(-1.,0.,0.));
#3944=DIRECTION('center_axis',(0.,0.,-1.));
#3945=DIRECTION('ref_axis',(-1.,0.,0.));
#3946=DIRECTION('center_axis',(0.,0.,-1.));
#3947=DIRECTION('ref_axis',(-1.,0.,0.));
#3948=DIRECTION('center_axis',(0.,0.,-1.));
#3949=DIRECTION('ref_axis',(-1.,0.,0.));
#3950=DIRECTION('center_axis',(0.,0.,1.));
#3951=DIRECTION('ref_axis',(-1.,0.,0.));
#3952=DIRECTION('center_axis',(0.,0.,1.));
#3953=DIRECTION('ref_axis',(1.,0.,0.));
#3954=DIRECTION('',(1.,0.,0.));
#3955=DIRECTION('',(0.,1.,0.));
#3956=DIRECTION('center_axis',(0.,0.,1.));
#3957=DIRECTION('ref_axis',(1.,0.,0.));
#3958=DIRECTION('',(0.,-1.,0.));
#3959=DIRECTION('',(1.,0.,0.));
#3960=DIRECTION('center_axis',(0.,0.,1.));
#3961=DIRECTION('ref_axis',(1.,0.,0.));
#3962=DIRECTION('',(-1.,0.,0.));
#3963=DIRECTION('',(0.,-1.,0.));
#3964=DIRECTION('center_axis',(0.,0.,1.));
#3965=DIRECTION('ref_axis',(1.,0.,0.));
#3966=DIRECTION('',(0.,1.,0.));
#3967=DIRECTION('',(-1.,0.,0.));
#3968=DIRECTION('center_axis',(0.,1.,0.));
#3969=DIRECTION('ref_axis',(-1.,0.,0.));
#3970=DIRECTION('',(1.,0.,0.));
#3971=DIRECTION('',(0.,0.,1.));
#3972=DIRECTION('',(0.,0.,1.));
#3973=DIRECTION('center_axis',(1.,0.,0.));
#3974=DIRECTION('ref_axis',(0.,1.,0.));
#3975=DIRECTION('',(0.,1.,0.));
#3976=DIRECTION('',(0.,0.,1.));
#3977=DIRECTION('center_axis',(0.,-1.,0.));
#3978=DIRECTION('ref_axis',(1.,0.,0.));
#3979=DIRECTION('',(1.,0.,0.));
#3980=DIRECTION('',(0.,0.,1.));
#3981=DIRECTION('center_axis',(-1.,0.,0.));
#3982=DIRECTION('ref_axis',(0.,-1.,0.));
#3983=DIRECTION('',(0.,-1.,0.));
#3984=DIRECTION('center_axis',(0.,0.,1.));
#3985=DIRECTION('ref_axis',(-1.,0.,0.));
#3986=DIRECTION('center_axis',(0.,1.,0.));
#3987=DIRECTION('ref_axis',(-1.,0.,0.));
#3988=DIRECTION('',(1.,0.,0.));
#3989=DIRECTION('',(0.,0.,1.));
#3990=DIRECTION('',(-1.,0.,0.));
#3991=DIRECTION('',(0.,0.,1.));
#3992=DIRECTION('center_axis',(1.,0.,0.));
#3993=DIRECTION('ref_axis',(0.,1.,0.));
#3994=DIRECTION('',(0.,1.,0.));
#3995=DIRECTION('',(0.,1.,0.));
#3996=DIRECTION('',(0.,0.,1.));
#3997=DIRECTION('center_axis',(0.,-1.,0.));
#3998=DIRECTION('ref_axis',(1.,0.,0.));
#3999=DIRECTION('',(1.,0.,0.));
#4000=DIRECTION('',(1.,0.,0.));
#4001=DIRECTION('',(0.,0.,1.));
#4002=DIRECTION('center_axis',(-1.,0.,0.));
#4003=DIRECTION('ref_axis',(0.,-1.,0.));
#4004=DIRECTION('',(0.,-1.,0.));
#4005=DIRECTION('',(0.,-1.,0.));
#4006=DIRECTION('center_axis',(0.,0.,1.));
#4007=DIRECTION('ref_axis',(1.,0.,0.));
#4008=DIRECTION('center_axis',(0.,0.,1.));
#4009=DIRECTION('ref_axis',(-1.,0.,0.));
#4010=DIRECTION('center_axis',(-1.,0.,0.));
#4011=DIRECTION('ref_axis',(0.,-1.,0.));
#4012=DIRECTION('center_axis',(-1.,0.,0.));
#4013=DIRECTION('ref_axis',(0.,-1.,0.));
#4014=DIRECTION('',(1.,0.,0.));
#4015=DIRECTION('center_axis',(-1.,0.,0.));
#4016=DIRECTION('ref_axis',(0.,-1.,0.));
#4017=DIRECTION('center_axis',(-1.,0.,0.));
#4018=DIRECTION('ref_axis',(0.,-1.,0.));
#4019=DIRECTION('center_axis',(-1.,0.,0.));
#4020=DIRECTION('ref_axis',(0.,-1.,0.));
#4021=DIRECTION('center_axis',(1.,0.,0.));
#4022=DIRECTION('ref_axis',(0.,-0.54734266921672,0.836908598626347));
#4023=DIRECTION('center_axis',(-1.,0.,0.));
#4024=DIRECTION('ref_axis',(0.,-0.54734266921672,0.836908598626347));
#4025=DIRECTION('',(-1.,0.,0.));
#4026=DIRECTION('center_axis',(1.,0.,0.));
#4027=DIRECTION('ref_axis',(0.,-0.54734266921672,0.836908598626347));
#4028=DIRECTION('',(1.,0.,0.));
#4029=DIRECTION('center_axis',(1.,0.,0.));
#4030=DIRECTION('ref_axis',(0.,1.,0.));
#4031=DIRECTION('center_axis',(1.,0.,0.));
#4032=DIRECTION('ref_axis',(0.,1.,0.));
#4033=DIRECTION('',(1.,0.,0.));
#4034=DIRECTION('center_axis',(1.,0.,0.));
#4035=DIRECTION('ref_axis',(0.,1.,0.));
#4036=DIRECTION('center_axis',(1.,0.,0.));
#4037=DIRECTION('ref_axis',(0.,1.,0.));
#4038=DIRECTION('',(0.,-0.544639035015027,-0.838670567945424));
#4039=DIRECTION('center_axis',(-1.,0.,0.));
#4040=DIRECTION('ref_axis',(0.,-0.987178368626491,0.159621015270359));
#4041=DIRECTION('center_axis',(1.,0.,0.));
#4042=DIRECTION('ref_axis',(0.,1.,0.));
#4043=DIRECTION('',(0.,1.,0.));
#4044=DIRECTION('',(0.,-0.707106781186548,0.707106781186547));
#4045=DIRECTION('',(0.,0.,1.));
#4046=DIRECTION('',(0.,0.707106781186548,0.707106781186547));
#4047=DIRECTION('',(0.,-0.982368604783684,0.186954337567649));
#4048=DIRECTION('center_axis',(-1.,0.,0.));
#4049=DIRECTION('ref_axis',(0.,1.,0.));
#4050=DIRECTION('center_axis',(1.,0.,0.));
#4051=DIRECTION('ref_axis',(0.,-0.54734266921672,0.836908598626347));
#4052=DIRECTION('center_axis',(-1.,0.,0.));
#4053=DIRECTION('ref_axis',(0.,-0.54734266921672,0.836908598626347));
#4054=DIRECTION('',(-1.,0.,0.));
#4055=DIRECTION('center_axis',(1.,0.,0.));
#4056=DIRECTION('ref_axis',(0.,-0.54734266921672,0.836908598626347));
#4057=DIRECTION('',(1.,0.,0.));
#4058=DIRECTION('center_axis',(1.,0.,0.));
#4059=DIRECTION('ref_axis',(0.,1.,0.));
#4060=DIRECTION('center_axis',(1.,0.,0.));
#4061=DIRECTION('ref_axis',(0.,1.,0.));
#4062=DIRECTION('',(1.,0.,0.));
#4063=DIRECTION('center_axis',(1.,0.,0.));
#4064=DIRECTION('ref_axis',(0.,1.,0.));
#4065=DIRECTION('center_axis',(1.,0.,0.));
#4066=DIRECTION('ref_axis',(0.,1.,0.));
#4067=DIRECTION('',(0.,-0.544639035015027,-0.838670567945424));
#4068=DIRECTION('center_axis',(-1.,0.,0.));
#4069=DIRECTION('ref_axis',(0.,-0.987178368626491,0.159621015270359));
#4070=DIRECTION('center_axis',(1.,0.,0.));
#4071=DIRECTION('ref_axis',(0.,1.,0.));
#4072=DIRECTION('',(0.,1.,0.));
#4073=DIRECTION('',(0.,-0.707106781186548,0.707106781186547));
#4074=DIRECTION('',(0.,0.,1.));
#4075=DIRECTION('',(0.,0.707106781186548,0.707106781186547));
#4076=DIRECTION('',(0.,-0.982368604783684,0.186954337567649));
#4077=DIRECTION('center_axis',(-1.,0.,0.));
#4078=DIRECTION('ref_axis',(0.,1.,0.));
#4079=DIRECTION('center_axis',(-1.,0.,0.));
#4080=DIRECTION('ref_axis',(0.,-0.987178368626491,0.159621015270359));
#4081=DIRECTION('center_axis',(1.,0.,0.));
#4082=DIRECTION('ref_axis',(0.,-0.987178368626491,0.159621015270359));
#4083=DIRECTION('',(1.,0.,0.));
#4084=DIRECTION('',(-1.,0.,0.));
#4085=DIRECTION('center_axis',(1.,0.,0.));
#4086=DIRECTION('ref_axis',(0.,1.,0.));
#4087=DIRECTION('center_axis',(1.,0.,0.));
#4088=DIRECTION('ref_axis',(0.,1.,0.));
#4089=DIRECTION('',(1.,0.,0.));
#4090=DIRECTION('center_axis',(-1.,0.,0.));
#4091=DIRECTION('ref_axis',(0.,-0.987178368626491,0.159621015270359));
#4092=DIRECTION('center_axis',(1.,0.,0.));
#4093=DIRECTION('ref_axis',(0.,-0.987178368626491,0.159621015270359));
#4094=DIRECTION('',(1.,0.,0.));
#4095=DIRECTION('',(-1.,0.,0.));
#4096=DIRECTION('center_axis',(1.,0.,0.));
#4097=DIRECTION('ref_axis',(0.,1.,0.));
#4098=DIRECTION('center_axis',(1.,0.,0.));
#4099=DIRECTION('ref_axis',(0.,1.,0.));
#4100=DIRECTION('',(1.,0.,0.));
#4101=DIRECTION('center_axis',(1.,0.,0.));
#4102=DIRECTION('ref_axis',(0.,-1.,0.));
#4103=DIRECTION('center_axis',(0.,0.,1.));
#4104=DIRECTION('ref_axis',(-1.,0.,0.));
#4105=DIRECTION('',(-1.,0.,0.));
#4106=DIRECTION('',(0.,-1.,0.));
#4107=DIRECTION('',(-1.,0.,0.));
#4108=DIRECTION('',(0.,-1.,0.));
#4109=DIRECTION('',(1.,0.,0.));
#4110=DIRECTION('',(0.,-1.,0.));
#4111=DIRECTION('',(-0.707106781186547,-0.707106781186548,0.));
#4112=DIRECTION('',(-1.,0.,0.));
#4113=DIRECTION('',(0.,-1.,0.));
#4114=DIRECTION('',(1.,0.,0.));
#4115=DIRECTION('center_axis',(0.707106781186548,-0.707106781186547,0.));
#4116=DIRECTION('ref_axis',(0.,0.,-1.));
#4117=DIRECTION('',(-0.707106781186547,-0.707106781186548,0.));
#4118=DIRECTION('',(0.,0.,-1.));
#4119=DIRECTION('',(0.,0.,1.));
#4120=DIRECTION('center_axis',(0.,0.,1.));
#4121=DIRECTION('ref_axis',(1.,0.,0.));
#4122=DIRECTION('center_axis',(0.,0.,-1.));
#4123=DIRECTION('ref_axis',(-0.707106781186547,0.707106781186547,0.));
#4124=DIRECTION('',(0.,-1.,0.));
#4125=DIRECTION('center_axis',(0.,0.,-1.));
#4126=DIRECTION('ref_axis',(-0.707106781186547,-0.707106781186547,0.));
#4127=DIRECTION('',(1.,0.,0.));
#4128=DIRECTION('center_axis',(0.,0.,-1.));
#4129=DIRECTION('ref_axis',(0.707106781186547,-0.707106781186547,0.));
#4130=DIRECTION('',(0.,1.,0.));
#4131=DIRECTION('center_axis',(0.,0.,-1.));
#4132=DIRECTION('ref_axis',(0.707106781186547,0.707106781186547,0.));
#4133=DIRECTION('',(-1.,0.,0.));
#4134=DIRECTION('',(0.,1.,0.));
#4135=DIRECTION('',(1.,0.,0.));
#4136=DIRECTION('',(0.,-1.,0.));
#4137=DIRECTION('',(-0.707106781186547,0.707106781186548,0.));
#4138=DIRECTION('',(0.,1.,0.));
#4139=DIRECTION('',(0.707106781186547,0.707106781186548,0.));
#4140=DIRECTION('',(0.,-1.,0.));
#4141=DIRECTION('',(1.,0.,0.));
#4142=DIRECTION('',(0.,1.,0.));
#4143=DIRECTION('',(1.,0.,0.));
#4144=DIRECTION('center_axis',(1.,0.,0.));
#4145=DIRECTION('ref_axis',(0.,1.,0.));
#4146=DIRECTION('',(0.,0.,-1.));
#4147=DIRECTION('center_axis',(0.,-1.,0.));
#4148=DIRECTION('ref_axis',(1.,0.,0.));
#4149=DIRECTION('',(0.,0.,1.));
#4150=DIRECTION('center_axis',(1.,0.,0.));
#4151=DIRECTION('ref_axis',(0.,1.,0.));
#4152=DIRECTION('center_axis',(-1.,0.,0.));
#4153=DIRECTION('ref_axis',(0.,-1.,0.));
#4154=DIRECTION('center_axis',(-1.,0.,0.));
#4155=DIRECTION('ref_axis',(0.,-1.,0.));
#4156=DIRECTION('',(0.,0.,1.));
#4157=DIRECTION('center_axis',(0.,-1.,0.));
#4158=DIRECTION('ref_axis',(1.,0.,0.));
#4159=DIRECTION('',(0.,0.,-1.));
#4160=DIRECTION('',(-1.,0.,0.));
#4161=DIRECTION('',(0.,0.,1.));
#4162=DIRECTION('',(1.,0.,0.));
#4163=DIRECTION('',(0.,0.,1.));
#4164=DIRECTION('center_axis',(-0.707106781186548,-0.707106781186547,0.));
#4165=DIRECTION('ref_axis',(0.,0.,1.));
#4166=DIRECTION('',(0.,0.,-1.));
#4167=DIRECTION('',(-0.707106781186547,0.707106781186548,0.));
#4168=DIRECTION('',(0.,0.,-1.));
#4169=DIRECTION('center_axis',(-1.,0.,0.));
#4170=DIRECTION('ref_axis',(0.,-1.,0.));
#4171=DIRECTION('',(0.,1.,0.));
#4172=DIRECTION('center_axis',(-0.707106781186548,0.707106781186547,0.));
#4173=DIRECTION('ref_axis',(0.,0.,1.));
#4174=DIRECTION('',(0.,0.,1.));
#4175=DIRECTION('',(0.707106781186547,0.707106781186548,0.));
#4176=DIRECTION('',(0.,0.,1.));
#4177=DIRECTION('center_axis',(-1.,0.,0.));
#4178=DIRECTION('ref_axis',(0.,-1.,0.));
#4179=DIRECTION('',(0.,1.,0.));
#4180=DIRECTION('',(0.,0.,-1.));
#4181=DIRECTION('center_axis',(-1.,0.,0.));
#4182=DIRECTION('ref_axis',(0.,-1.,0.));
#4183=DIRECTION('',(0.,-1.,0.));
#4184=DIRECTION('center_axis',(0.,0.,1.));
#4185=DIRECTION('ref_axis',(-1.,0.,0.));
#4186=DIRECTION('',(0.,1.,0.));
#4187=DIRECTION('',(-1.,0.,0.));
#4188=DIRECTION('center_axis',(0.,0.,1.));
#4189=DIRECTION('ref_axis',(0.707106781186547,-0.707106781186547,0.));
#4190=DIRECTION('',(0.,0.,1.));
#4191=DIRECTION('center_axis',(0.,0.,1.));
#4192=DIRECTION('ref_axis',(0.707106781186547,-0.707106781186547,0.));
#4193=DIRECTION('',(0.,0.,-1.));
#4194=DIRECTION('center_axis',(0.,1.,0.));
#4195=DIRECTION('ref_axis',(-1.,0.,0.));
#4196=DIRECTION('',(0.,0.,-1.));
#4197=DIRECTION('',(-1.,0.,0.));
#4198=DIRECTION('',(0.,0.,1.));
#4199=DIRECTION('center_axis',(-1.,0.,0.));
#4200=DIRECTION('ref_axis',(0.,0.,1.));
#4201=DIRECTION('',(0.,1.,0.));
#4202=DIRECTION('center_axis',(0.,0.,-1.));
#4203=DIRECTION('ref_axis',(1.,0.,0.));
#4204=DIRECTION('',(0.,-1.,0.));
#4205=DIRECTION('center_axis',(1.,0.,0.));
#4206=DIRECTION('ref_axis',(0.,0.,-1.));
#4207=DIRECTION('center_axis',(0.,0.,1.));
#4208=DIRECTION('ref_axis',(-0.707106781186547,-0.707106781186547,0.));
#4209=DIRECTION('',(0.,0.,1.));
#4210=DIRECTION('center_axis',(0.,0.,1.));
#4211=DIRECTION('ref_axis',(-0.707106781186547,-0.707106781186547,0.));
#4212=DIRECTION('',(0.,0.,-1.));
#4213=DIRECTION('center_axis',(0.,0.838670567945424,-0.544639035015027));
#4214=DIRECTION('ref_axis',(0.,-0.544639035015027,-0.838670567945424));
#4215=DIRECTION('',(0.,0.544639035015027,0.838670567945424));
#4216=DIRECTION('center_axis',(0.,0.838670567945424,-0.544639035015027));
#4217=DIRECTION('ref_axis',(0.,-0.544639035015027,-0.838670567945424));
#4218=DIRECTION('',(0.,0.544639035015027,0.838670567945424));
#4219=DIRECTION('center_axis',(1.,0.,0.));
#4220=DIRECTION('ref_axis',(0.,1.,0.));
#4221=DIRECTION('',(0.,-0.982368604783684,0.186954337567649));
#4222=DIRECTION('',(0.,-0.707106781186548,-0.707106781186547));
#4223=DIRECTION('',(0.,0.,-1.));
#4224=DIRECTION('',(0.,0.707106781186548,-0.707106781186547));
#4225=DIRECTION('',(0.,1.,0.));
#4226=DIRECTION('center_axis',(1.,0.,0.));
#4227=DIRECTION('ref_axis',(0.,1.,0.));
#4228=DIRECTION('center_axis',(1.,0.,0.));
#4229=DIRECTION('ref_axis',(0.,1.,0.));
#4230=DIRECTION('',(0.,-0.982368604783684,0.186954337567649));
#4231=DIRECTION('',(0.,-0.707106781186548,-0.707106781186547));
#4232=DIRECTION('',(0.,0.,-1.));
#4233=DIRECTION('',(0.,0.707106781186548,-0.707106781186547));
#4234=DIRECTION('',(0.,1.,0.));
#4235=DIRECTION('center_axis',(1.,0.,0.));
#4236=DIRECTION('ref_axis',(0.,1.,0.));
#4237=DIRECTION('center_axis',(-1.,0.,0.));
#4238=DIRECTION('ref_axis',(0.,1.,0.));
#4239=DIRECTION('',(-1.,0.,0.));
#4240=DIRECTION('center_axis',(-1.,0.,0.));
#4241=DIRECTION('ref_axis',(0.,1.,0.));
#4242=DIRECTION('',(-1.,0.,0.));
#4243=DIRECTION('center_axis',(0.,-0.707106781186547,-0.707106781186548));
#4244=DIRECTION('ref_axis',(-1.,0.,0.));
#4245=DIRECTION('',(1.,0.,0.));
#4246=DIRECTION('',(1.96261557335472E-15,-0.707106781186548,0.707106781186547));
#4247=DIRECTION('',(-1.,0.,0.));
#4248=DIRECTION('center_axis',(0.,-0.707106781186547,-0.707106781186548));
#4249=DIRECTION('ref_axis',(-1.,0.,0.));
#4250=DIRECTION('',(1.,0.,0.));
#4251=DIRECTION('',(-1.,0.,0.));
#4252=DIRECTION('center_axis',(0.,-0.707106781186547,-0.707106781186548));
#4253=DIRECTION('ref_axis',(-1.,0.,0.));
#4254=DIRECTION('',(-1.,0.,0.));
#4255=DIRECTION('',(0.,-0.707106781186547,0.707106781186547));
#4256=DIRECTION('',(1.,0.,0.));
#4257=DIRECTION('center_axis',(0.,-1.,0.));
#4258=DIRECTION('ref_axis',(1.,0.,0.));
#4259=DIRECTION('',(0.,0.,-1.));
#4260=DIRECTION('',(1.,0.,0.));
#4261=DIRECTION('center_axis',(0.,-1.,0.));
#4262=DIRECTION('ref_axis',(1.,0.,0.));
#4263=DIRECTION('',(1.,0.,0.));
#4264=DIRECTION('center_axis',(0.,-1.,0.));
#4265=DIRECTION('ref_axis',(1.,0.,0.));
#4266=DIRECTION('',(1.,0.,0.));
#4267=DIRECTION('',(0.,0.,1.));
#4268=DIRECTION('center_axis',(0.,-0.707106781186547,0.707106781186548));
#4269=DIRECTION('ref_axis',(1.,0.,0.));
#4270=DIRECTION('',(-1.,0.,0.));
#4271=DIRECTION('',(-1.,0.,0.));
#4272=DIRECTION('',(0.,-0.707106781186549,-0.707106781186546));
#4273=DIRECTION('',(-1.,0.,0.));
#4274=DIRECTION('',(0.,-0.707106781186548,-0.707106781186547));
#4275=DIRECTION('center_axis',(1.,0.,0.));
#4276=DIRECTION('ref_axis',(0.,0.,-1.));
#4277=DIRECTION('center_axis',(-1.,0.,0.));
#4278=DIRECTION('ref_axis',(0.,1.,0.));
#4279=DIRECTION('center_axis',(0.,-1.,0.));
#4280=DIRECTION('ref_axis',(0.,0.,1.));
#4281=DIRECTION('center_axis',(1.,0.,0.));
#4282=DIRECTION('ref_axis',(0.,1.,0.));
#4283=DIRECTION('center_axis',(-1.,0.,0.));
#4284=DIRECTION('ref_axis',(0.,1.,0.));
#4285=DIRECTION('center_axis',(1.,0.,0.));
#4286=DIRECTION('ref_axis',(0.,1.,0.));
#4287=DIRECTION('',(0.993883734673619,-0.110431526074846,1.35239614932518E-17));
#4288=DIRECTION('center_axis',(1.,0.,0.));
#4289=DIRECTION('ref_axis',(0.,1.,0.));
#4290=DIRECTION('center_axis',(-1.,0.,0.));
#4291=DIRECTION('ref_axis',(0.,-1.,0.));
#4292=DIRECTION('center_axis',(1.,0.,0.));
#4293=DIRECTION('ref_axis',(0.,-1.,0.));
#4294=DIRECTION('center_axis',(0.,1.,0.));
#4295=DIRECTION('ref_axis',(0.110431526074848,0.,0.993883734673619));
#4296=DIRECTION('center_axis',(2.22044604925031E-15,1.,-3.11811387705997E-16));
#4297=DIRECTION('ref_axis',(1.,-2.22044604925031E-15,-5.55111512312578E-16));
#4298=DIRECTION('center_axis',(1.,0.,0.));
#4299=DIRECTION('ref_axis',(0.,0.,-1.));
#4300=DIRECTION('center_axis',(-1.,0.,0.));
#4301=DIRECTION('ref_axis',(0.,1.,0.));
#4302=DIRECTION('center_axis',(0.,0.,1.));
#4303=DIRECTION('ref_axis',(-0.707106781186547,-0.707106781186548,0.));
#4304=DIRECTION('',(0.,0.,-1.));
#4305=DIRECTION('center_axis',(0.,0.,-1.));
#4306=DIRECTION('ref_axis',(-0.707106781186547,-0.707106781186548,0.));
#4307=DIRECTION('center_axis',(0.,0.,1.));
#4308=DIRECTION('ref_axis',(-0.707106781186547,-0.707106781186548,0.));
#4309=DIRECTION('',(0.,0.,-1.));
#4310=DIRECTION('center_axis',(-1.,0.,0.));
#4311=DIRECTION('ref_axis',(0.,-1.,0.));
#4312=DIRECTION('',(0.,-1.,0.));
#4313=DIRECTION('',(0.,0.,1.));
#4314=DIRECTION('',(0.,1.,0.));
#4315=DIRECTION('center_axis',(1.,0.,0.));
#4316=DIRECTION('ref_axis',(0.,-1.,0.));
#4317=DIRECTION('',(1.,0.,0.));
#4318=DIRECTION('center_axis',(0.,0.,1.));
#4319=DIRECTION('ref_axis',(-0.707106781186547,-0.707106781186548,0.));
#4320=DIRECTION('',(0.707106781186548,0.,-0.707106781186547));
#4321=DIRECTION('center_axis',(0.,0.,1.));
#4322=DIRECTION('ref_axis',(-0.707106781186547,-0.707106781186548,0.));
#4323=DIRECTION('center_axis',(0.,0.,1.));
#4324=DIRECTION('ref_axis',(0.707106781186547,-0.707106781186548,0.));
#4325=DIRECTION('',(0.707106781186548,0.,0.707106781186547));
#4326=DIRECTION('center_axis',(0.,0.,-1.));
#4327=DIRECTION('ref_axis',(0.707106781186547,-0.707106781186548,0.));
#4328=DIRECTION('center_axis',(0.,0.,1.));
#4329=DIRECTION('ref_axis',(0.707106781186547,-0.707106781186548,0.));
#4330=DIRECTION('center_axis',(0.707106781186547,0.,-0.707106781186548));
#4331=DIRECTION('ref_axis',(-0.707106781186548,0.,-0.707106781186547));
#4332=DIRECTION('',(0.,1.,0.));
#4333=DIRECTION('',(0.707106781186548,0.,0.707106781186547));
#4334=DIRECTION('',(0.,-1.,0.));
#4335=DIRECTION('center_axis',(0.,0.,1.));
#4336=DIRECTION('ref_axis',(0.707106781186547,0.707106781186548,0.));
#4337=DIRECTION('',(0.,0.707106781186547,0.707106781186547));
#4338=DIRECTION('center_axis',(0.,0.,-1.));
#4339=DIRECTION('ref_axis',(0.707106781186547,0.707106781186548,0.));
#4340=DIRECTION('center_axis',(0.,0.,1.));
#4341=DIRECTION('ref_axis',(0.707106781186547,0.707106781186548,0.));
#4342=DIRECTION('center_axis',(0.,0.707106781186547,-0.707106781186548));
#4343=DIRECTION('ref_axis',(-1.,0.,0.));
#4344=DIRECTION('',(-1.,0.,0.));
#4345=DIRECTION('',(-1.96261557335472E-15,0.707106781186548,0.707106781186547));
#4346=DIRECTION('',(1.,0.,0.));
#4347=DIRECTION('center_axis',(0.,0.,1.));
#4348=DIRECTION('ref_axis',(-0.707106781186547,0.707106781186548,0.));
#4349=DIRECTION('',(-0.707106781186548,0.,0.707106781186547));
#4350=DIRECTION('center_axis',(0.,0.,-1.));
#4351=DIRECTION('ref_axis',(-0.707106781186547,0.707106781186548,0.));
#4352=DIRECTION('center_axis',(0.,0.,1.));
#4353=DIRECTION('ref_axis',(-0.707106781186547,0.707106781186548,0.));
#4354=DIRECTION('center_axis',(-0.707106781186547,0.,-0.707106781186548));
#4355=DIRECTION('ref_axis',(-0.707106781186548,0.,0.707106781186547));
#4356=DIRECTION('',(0.,-1.,0.));
#4357=DIRECTION('center_axis',(0.,1.,0.));
#4358=DIRECTION('ref_axis',(-1.,0.,0.));
#4359=DIRECTION('',(0.,0.,-1.));
#4360=DIRECTION('',(-1.,0.,0.));
#4361=DIRECTION('',(0.,0.,1.));
#4362=DIRECTION('center_axis',(0.,0.,-1.));
#4363=DIRECTION('ref_axis',(-0.707106781186547,0.707106781186548,0.));
#4364=DIRECTION('center_axis',(0.,0.,1.));
#4365=DIRECTION('ref_axis',(-0.707106781186547,0.707106781186548,0.));
#4366=DIRECTION('center_axis',(0.,0.,-1.));
#4367=DIRECTION('ref_axis',(0.707106781186547,0.707106781186548,0.));
#4368=DIRECTION('',(0.707106781186547,4.9065389333868E-16,-0.707106781186548));
#4369=DIRECTION('center_axis',(0.,0.,1.));
#4370=DIRECTION('ref_axis',(0.707106781186547,0.707106781186548,0.));
#4371=DIRECTION('',(0.,-0.707106781186547,0.707106781186547));
#4372=DIRECTION('center_axis',(0.,0.,-1.));
#4373=DIRECTION('ref_axis',(0.707106781186547,0.707106781186548,0.));
#4374=DIRECTION('center_axis',(0.707106781186547,0.,0.707106781186548));
#4375=DIRECTION('ref_axis',(0.707106781186548,0.,-0.707106781186547));
#4376=DIRECTION('',(0.,-1.,0.));
#4377=DIRECTION('',(0.707106781186548,0.,-0.707106781186547));
#4378=DIRECTION('',(0.,1.,0.));
#4379=DIRECTION('center_axis',(0.,0.,-1.));
#4380=DIRECTION('ref_axis',(0.707106781186547,-0.707106781186548,0.));
#4381=DIRECTION('center_axis',(0.,0.,1.));
#4382=DIRECTION('ref_axis',(0.707106781186547,-0.707106781186548,0.));
#4383=DIRECTION('center_axis',(0.,0.,-1.));
#4384=DIRECTION('ref_axis',(0.707106781186547,-0.707106781186548,0.));
#4385=DIRECTION('center_axis',(0.,0.,-1.));
#4386=DIRECTION('ref_axis',(-0.707106781186547,-0.707106781186548,0.));
#4387=DIRECTION('',(-0.707106781186548,0.,-0.707106781186547));
#4388=DIRECTION('center_axis',(0.,0.,-1.));
#4389=DIRECTION('ref_axis',(-0.707106781186547,-0.707106781186548,0.));
#4390=DIRECTION('center_axis',(-0.707106781186547,0.,0.707106781186548));
#4391=DIRECTION('ref_axis',(0.707106781186548,0.,0.707106781186547));
#4392=DIRECTION('',(0.,1.,0.));
#4393=DIRECTION('',(-0.707106781186548,0.,-0.707106781186547));
#4394=DIRECTION('center_axis',(0.,0.,-1.));
#4395=DIRECTION('ref_axis',(-0.707106781186547,0.707106781186548,0.));
#4396=DIRECTION('',(0.,0.707106781186547,-0.707106781186548));
#4397=DIRECTION('center_axis',(0.,0.,-1.));
#4398=DIRECTION('ref_axis',(-0.707106781186547,0.707106781186548,0.));
#4399=DIRECTION('center_axis',(0.,0.707106781186547,0.707106781186548));
#4400=DIRECTION('ref_axis',(1.,0.,0.));
#4401=DIRECTION('',(1.,0.,0.));
#4402=DIRECTION('center_axis',(0.,0.,1.));
#4403=DIRECTION('ref_axis',(0.707106781186547,0.707106781186548,0.));
#4404=DIRECTION('',(0.,0.,-1.));
#4405=DIRECTION('center_axis',(0.,0.,1.));
#4406=DIRECTION('ref_axis',(1.,0.,0.));
#4407=DIRECTION('',(0.,-1.,0.));
#4408=DIRECTION('',(-1.,0.,0.));
#4409=DIRECTION('',(0.,1.,0.));
#4410=DIRECTION('center_axis',(0.,0.,1.));
#4411=DIRECTION('ref_axis',(-0.707106781186547,0.707106781186547,0.));
#4412=DIRECTION('',(1.,0.,0.));
#4413=DIRECTION('center_axis',(0.,0.,1.));
#4414=DIRECTION('ref_axis',(0.707106781186547,0.707106781186547,0.));
#4415=DIRECTION('center_axis',(0.,0.,1.));
#4416=DIRECTION('ref_axis',(0.707106781186547,0.707106781186547,0.));
#4417=DIRECTION('',(0.,0.,1.));
#4418=DIRECTION('',(0.,0.,-1.));
#4419=DIRECTION('center_axis',(-1.,0.,0.));
#4420=DIRECTION('ref_axis',(0.,-1.,0.));
#4421=DIRECTION('center_axis',(0.,0.,1.));
#4422=DIRECTION('ref_axis',(-0.707106781186547,0.707106781186547,0.));
#4423=DIRECTION('',(0.,0.,1.));
#4424=DIRECTION('',(0.,0.,-1.));
#4425=DIRECTION('center_axis',(1.,0.,0.));
#4426=DIRECTION('ref_axis',(0.,1.,0.));
#4427=DIRECTION('center_axis',(0.,-1.,0.));
#4428=DIRECTION('ref_axis',(1.,0.,0.));
#4429=DIRECTION('center_axis',(0.,1.,0.));
#4430=DIRECTION('ref_axis',(-1.,0.,0.));
#4431=DIRECTION('center_axis',(1.,0.,0.));
#4432=DIRECTION('ref_axis',(0.,1.,0.));
#4433=DIRECTION('',(0.,0.,1.));
#4434=DIRECTION('center_axis',(0.,0.,1.));
#4435=DIRECTION('ref_axis',(0.707106781186547,-0.707106781186548,0.));
#4436=DIRECTION('center_axis',(0.,0.186954337567649,0.982368604783684));
#4437=DIRECTION('ref_axis',(0.,-0.982368604783684,0.186954337567649));
#4438=DIRECTION('center_axis',(0.,0.186954337567649,0.982368604783684));
#4439=DIRECTION('ref_axis',(0.,-0.982368604783684,0.186954337567649));
#4440=DIRECTION('center_axis',(0.,0.,-1.));
#4441=DIRECTION('ref_axis',(0.,1.,0.));
#4442=DIRECTION('',(-6.93889390390713E-17,-1.,-1.47104550762833E-15));
#4443=DIRECTION('',(-1.04079254818278E-17,-1.42938530418723E-15,1.));
#4444=CARTESIAN_POINT('',(0.,0.,0.));
#4445=CARTESIAN_POINT('',(0.,0.,0.));
#4446=CARTESIAN_POINT('Origin',(5.50000000000003,19.9999999999999,4.71844785465692E-15));
#4447=CARTESIAN_POINT('',(5.50000000000003,21.2,4.9960036108132E-15));
#4448=CARTESIAN_POINT('',(6.70000000000007,19.9999999999999,4.5102810375397E-15));
#4449=CARTESIAN_POINT('Origin',(5.50000000000003,19.9999999999999,4.71844785465692E-15));
#4450=CARTESIAN_POINT('',(5.50000000000003,21.2,-0.799999999999978));
#4451=CARTESIAN_POINT('',(5.50000000000003,21.2,4.9960036108132E-15));
#4452=CARTESIAN_POINT('',(6.70000000000007,19.9999999999999,-0.799999999999979));
#4453=CARTESIAN_POINT('Origin',(5.50000000000003,19.9999999999999,-0.799999999999978));
#4454=CARTESIAN_POINT('',(6.70000000000007,19.9999999999999,4.5102810375397E-15));
#4455=CARTESIAN_POINT('Origin',(-5.49999999999999,21.2,7.42461647718073E-15));
#4456=CARTESIAN_POINT('',(-5.49999999999999,21.2,7.42461647718073E-15));
#4457=CARTESIAN_POINT('',(-2.74999999999993,21.2,6.86950496486816E-15));
#4458=CARTESIAN_POINT('',(-5.49999999999999,21.2,-0.799999999999975));
#4459=CARTESIAN_POINT('',(-5.49999999999999,21.2,7.42461647718073E-15));
#4460=CARTESIAN_POINT('',(5.50000000000003,21.2,-0.799999999999978));
#4461=CARTESIAN_POINT('Origin',(-5.49999999999999,20.,7.21644966006352E-15));
#4462=CARTESIAN_POINT('',(-6.70000000000003,20.,7.42461647718073E-15));
#4463=CARTESIAN_POINT('Origin',(-5.49999999999999,20.,7.21644966006352E-15));
#4464=CARTESIAN_POINT('',(-6.70000000000003,20.,-0.799999999999975));
#4465=CARTESIAN_POINT('',(-6.70000000000003,20.,7.42461647718073E-15));
#4466=CARTESIAN_POINT('Origin',(-5.49999999999999,20.,-0.799999999999976));
#4467=CARTESIAN_POINT('Origin',(-6.70000000000002,-19.9999999999999,-1.45716771982052E-15));
#4468=CARTESIAN_POINT('',(-6.70000000000002,-19.9999999999999,-1.45716771982052E-15));
#4469=CARTESIAN_POINT('',(-6.7000000000001,-9.99999999999995,7.63278329429795E-16));
#4470=CARTESIAN_POINT('',(-6.70000000000002,-19.9999999999999,-0.799999999999984));
#4471=CARTESIAN_POINT('',(-6.70000000000002,-19.9999999999999,-1.45716771982052E-15));
#4472=CARTESIAN_POINT('',(-6.70000000000003,20.,-0.799999999999975));
#4473=CARTESIAN_POINT('Origin',(-5.49999999999998,-19.9999999999999,-1.66533453693773E-15));
#4474=CARTESIAN_POINT('',(-5.49999999999998,-21.1999999999999,-1.94289029309402E-15));
#4475=CARTESIAN_POINT('Origin',(-5.49999999999998,-19.9999999999999,-1.66533453693773E-15));
#4476=CARTESIAN_POINT('',(-5.49999999999998,-21.1999999999999,-0.799999999999985));
#4477=CARTESIAN_POINT('',(-5.49999999999998,-21.1999999999999,-1.94289029309402E-15));
#4478=CARTESIAN_POINT('Origin',(-5.49999999999998,-19.9999999999999,-0.799999999999985));
#4479=CARTESIAN_POINT('Origin',(5.49999999999989,-21.2,-4.37150315946155E-15));
#4480=CARTESIAN_POINT('',(5.49999999999989,-21.2,-4.37150315946155E-15));
#4481=CARTESIAN_POINT('',(2.74999999999991,-21.2,-3.81639164714898E-15));
#4482=CARTESIAN_POINT('',(5.49999999999989,-21.2,-0.799999999999987));
#4483=CARTESIAN_POINT('',(5.49999999999989,-21.2,-4.37150315946155E-15));
#4484=CARTESIAN_POINT('',(-5.49999999999998,-21.1999999999999,-0.799999999999985));
#4485=CARTESIAN_POINT('Origin',(5.49999999999989,-19.9999999999999,-4.16333634234434E-15));
#4486=CARTESIAN_POINT('',(6.69999999999994,-19.9999999999999,-4.37150315946155E-15));
#4487=CARTESIAN_POINT('Origin',(5.49999999999989,-19.9999999999999,-4.16333634234434E-15));
#4488=CARTESIAN_POINT('',(6.69999999999994,-19.9999999999999,-0.799999999999987));
#4489=CARTESIAN_POINT('',(6.69999999999994,-19.9999999999999,-4.37150315946155E-15));
#4490=CARTESIAN_POINT('Origin',(5.49999999999989,-19.9999999999999,-0.799999999999987));
#4491=CARTESIAN_POINT('Origin',(6.70000000000007,19.9999999999999,4.5102810375397E-15));
#4492=CARTESIAN_POINT('',(6.70000000000007,9.99999999999997,2.28983498828939E-15));
#4493=CARTESIAN_POINT('',(6.69999999999994,-19.9999999999999,-0.799999999999987));
#4494=CARTESIAN_POINT('Origin',(5.99520433297585E-14,1.79717352111197E-14,
-0.799999999999981));
#4495=CARTESIAN_POINT('Origin',(-3.07062710611278,-6.49999999999999,-14.9073641485551));
#4496=CARTESIAN_POINT('',(-4.32802256299966,-7.49999999999995,-16.8435833582748));
#4497=CARTESIAN_POINT('',(-5.22878958241209,-6.49999999999998,-20.0667213908044));
#4498=CARTESIAN_POINT('Ctrl Pts',(-5.22878958241216,-6.49999999999998,-20.0667213908044));
#4499=CARTESIAN_POINT('Ctrl Pts',(-4.94229320416332,-6.72228817388618,-19.6255556556793));
#4500=CARTESIAN_POINT('Ctrl Pts',(-4.69777840863914,-6.96483159006004,-19.1056382255644));
#4501=CARTESIAN_POINT('Ctrl Pts',(-4.38224997372943,-7.35145643041344,-17.9991432691109));
#4502=CARTESIAN_POINT('Ctrl Pts',(-4.31036436173234,-7.49999999999996,-17.4143789440809));
#4503=CARTESIAN_POINT('Ctrl Pts',(-4.32802256299962,-7.49999999999994,-16.8435833582748));
#4504=CARTESIAN_POINT('',(5.8544688797626,-6.49999999999999,-3.00000000000001));
#4505=CARTESIAN_POINT('',(-2.23195653816739,-6.49999999999998,-15.4520031835701));
#4506=CARTESIAN_POINT('',(4.66210558692672,-7.49999999999995,-3.00000000000001));
#4507=CARTESIAN_POINT('Origin',(4.66210558692672,-6.49999999999999,-3.00000000000001));
#4508=CARTESIAN_POINT('',(-3.07062710611278,-7.49999999999995,-14.9073641485551));
#4509=CARTESIAN_POINT('Origin',(-1.95335601439959,7.50000000000005,-15.0229959981197));
#4510=CARTESIAN_POINT('',(-5.22878958241209,-4.59999999999995,-20.0667213908044));
#4511=CARTESIAN_POINT('',(-5.22878958241209,7.50000000000005,-20.0667213908044));
#4512=CARTESIAN_POINT('',(-2.50559440733697,-4.59999999999996,-15.8733685510773));
#4513=CARTESIAN_POINT('',(-2.22947521086831,-4.59999999999995,-15.4481822745985));
#4514=CARTESIAN_POINT('',(-2.50559440733697,-1.39999999999995,-15.8733685510773));
#4515=CARTESIAN_POINT('',(-2.50559440733697,7.50000000000005,-15.8733685510773));
#4516=CARTESIAN_POINT('',(-5.22878958241209,-1.39999999999995,-20.0667213908044));
#4517=CARTESIAN_POINT('',(-5.11606209644791,-1.39999999999995,-19.8931362847092));
#4518=CARTESIAN_POINT('',(-5.22878958241209,1.40000000000005,-20.0667213908044));
#4519=CARTESIAN_POINT('',(-5.22878958241209,7.50000000000005,-20.0667213908044));
#4520=CARTESIAN_POINT('',(-2.50559440733697,1.40000000000005,-15.8733685510773));
#4521=CARTESIAN_POINT('',(-2.22947521086832,1.40000000000004,-15.4481822745985));
#4522=CARTESIAN_POINT('',(-2.50559440733697,4.60000000000005,-15.8733685510773));
#4523=CARTESIAN_POINT('',(-2.50559440733697,7.50000000000005,-15.8733685510773));
#4524=CARTESIAN_POINT('',(-5.22878958241209,4.60000000000005,-20.0667213908044));
#4525=CARTESIAN_POINT('',(-5.11606209644791,4.60000000000005,-19.8931362847092));
#4526=CARTESIAN_POINT('',(-5.22878958241209,6.50000000000008,-20.0667213908044));
#4527=CARTESIAN_POINT('',(-5.22878958241209,7.50000000000005,-20.0667213908044));
#4528=CARTESIAN_POINT('',(5.85446887976259,6.50000000000008,-3.));
#4529=CARTESIAN_POINT('',(-2.22744700812969,6.50000000000008,-15.4450591162618));
#4530=CARTESIAN_POINT('',(5.8544688797626,-3.24999999999997,-3.00000000000001));
#4531=CARTESIAN_POINT('Origin',(-10.7863963312114,-6.49999999999999,-9.89668502641784));
#4532=CARTESIAN_POINT('',(-7.26715925112161,-6.49999999999999,-2.64145668865367));
#4533=CARTESIAN_POINT('',(-6.49999999055248,-7.48690061146471,-3.00000000000001));
#4534=CARTESIAN_POINT('Ctrl Pts',(-7.26715925112158,-6.49999999999999,-2.64145668865371));
#4535=CARTESIAN_POINT('Ctrl Pts',(-7.2671592511216,-6.65206108409576,-2.64145668865369));
#4536=CARTESIAN_POINT('Ctrl Pts',(-7.24373555691437,-6.81052354869181,-2.67237137912005));
#4537=CARTESIAN_POINT('Ctrl Pts',(-7.13929867217552,-7.09157905872041,-2.77234877411892));
#4538=CARTESIAN_POINT('Ctrl Pts',(-7.0570522095482,-7.21439761584788,-2.83947594182599));
#4539=CARTESIAN_POINT('Ctrl Pts',(-6.89272309627335,-7.34926498498312,-2.9216883323344));
#4540=CARTESIAN_POINT('Ctrl Pts',(-6.82571876356812,-7.39001850596705,-2.94849139381981));
#4541=CARTESIAN_POINT('Ctrl Pts',(-6.6792474686114,-7.4509962448891,-2.9867112065191));
#4542=CARTESIAN_POINT('Ctrl Pts',(-6.59977477041395,-7.47139413929826,-2.9978280981258));
#4543=CARTESIAN_POINT('Ctrl Pts',(-6.51658912690658,-7.48454141018327,-2.99989660747862));
#4544=CARTESIAN_POINT('Ctrl Pts',(-6.50830177115958,-7.48576245277861,-3.00000000007845));
#4545=CARTESIAN_POINT('Ctrl Pts',(-6.49999999055226,-7.48690061146474,-3.00000000000002));
#4546=CARTESIAN_POINT('',(-14.6218999434008,-6.49999999999999,-13.9667641986361));
#4547=CARTESIAN_POINT('',(-11.6250668991568,-6.49999999999999,-9.35204599140284));
#4548=CARTESIAN_POINT('',(-12.0437917880977,-7.49999999999996,-11.8329042361366));
#4549=CARTESIAN_POINT('Ctrl Pts',(-12.0437917880977,-7.49999999999996,-11.8329042361366));
#4550=CARTESIAN_POINT('Ctrl Pts',(-12.5724217402595,-7.49999999999996,-12.0489361470321));
#4551=CARTESIAN_POINT('Ctrl Pts',(-13.0773920206728,-7.35145643041347,-12.352451999895));
#4552=CARTESIAN_POINT('Ctrl Pts',(-13.9598884856353,-6.96483159006015,-13.0907536125321));
#4553=CARTESIAN_POINT('Ctrl Pts',(-14.3354035651521,-6.72228817388619,-13.5255984635111));
#4554=CARTESIAN_POINT('Ctrl Pts',(-14.6218999434009,-6.49999999999999,-13.9667641986361));
#4555=CARTESIAN_POINT('',(-6.30763670716413,-7.49999999999996,-3.00000000000001));
#4556=CARTESIAN_POINT('',(-10.7863963312114,-7.49999999999996,-9.89668502641784));
#4557=CARTESIAN_POINT('Origin',(-6.30763670716413,-6.49999999999999,-3.00000000000001));
#4558=CARTESIAN_POINT('Origin',(-11.3464663753897,7.50000000000004,-8.92303880595349));
#4559=CARTESIAN_POINT('',(-7.26715925112161,6.50000000000007,-2.64145668865367));
#4560=CARTESIAN_POINT('',(-7.26715925112161,11.,-2.64145668865367));
#4561=CARTESIAN_POINT('',(-14.6218999434008,6.50000000000008,-13.9667641986361));
#4562=CARTESIAN_POINT('',(-11.6205573691191,6.50000000000007,-9.34510192409451));
#4563=CARTESIAN_POINT('',(-14.6218999434008,4.60000000000004,-13.9667641986361));
#4564=CARTESIAN_POINT('',(-14.6218999434008,6.50000000000004,-13.9667641986361));
#4565=CARTESIAN_POINT('',(-11.8987047683258,4.60000000000004,-9.77341135890902));
#4566=CARTESIAN_POINT('',(-14.5091724574374,4.60000000000004,-13.793179092542));
#4567=CARTESIAN_POINT('',(-11.8987047683258,1.40000000000005,-9.77341135890903));
#4568=CARTESIAN_POINT('',(-11.8987047683258,4.70000000000005,-9.77341135890902));
#4569=CARTESIAN_POINT('',(-14.6218999434008,1.40000000000005,-13.9667641986361));
#4570=CARTESIAN_POINT('',(-11.6225855718577,1.40000000000004,-9.34822508243122));
#4571=CARTESIAN_POINT('',(-14.6218999434008,-1.39999999999996,-13.9667641986361));
#4572=CARTESIAN_POINT('',(-14.6218999434008,7.50000000000004,-13.9667641986361));
#4573=CARTESIAN_POINT('',(-11.8987047683258,-1.39999999999996,-9.77341135890903));
#4574=CARTESIAN_POINT('',(-14.5091724574374,-1.39999999999996,-13.793179092542));
#4575=CARTESIAN_POINT('',(-11.8987047683258,-4.59999999999996,-9.77341135890903));
#4576=CARTESIAN_POINT('',(-11.8987047683258,-1.29999999999995,-9.77341135890903));
#4577=CARTESIAN_POINT('',(-14.6218999434008,-4.59999999999996,-13.9667641986361));
#4578=CARTESIAN_POINT('',(-11.6225855718577,-4.59999999999996,-9.34822508243122));
#4579=CARTESIAN_POINT('',(-14.6218999434008,7.50000000000004,-13.9667641986361));
#4580=CARTESIAN_POINT('Origin',(-3.06611757607507,6.50000000000008,-14.9004200812468));
#4581=CARTESIAN_POINT('',(-6.06746015035755,7.50000000000005,-19.5220823557894));
#4582=CARTESIAN_POINT('Origin',(-6.06746015035755,6.50000000000008,-19.5220823557894));
#4583=CARTESIAN_POINT('',(4.66210558692671,7.50000000000005,-3.));
#4584=CARTESIAN_POINT('',(-3.06611757607507,7.50000000000005,-14.9004200812468));
#4585=CARTESIAN_POINT('Origin',(4.66210558692671,6.50000000000008,-3.));
#4586=CARTESIAN_POINT('Origin',(-9.92534476290645,6.50000000000008,-17.0167427947203));
#4587=CARTESIAN_POINT('',(-13.7832293754554,7.50000000000004,-14.5114032336511));
#4588=CARTESIAN_POINT('Origin',(-13.7832293754554,6.50000000000008,-14.5114032336511));
#4589=CARTESIAN_POINT('Origin',(-9.92534476290645,7.50000000000005,-17.0167427947203));
#4590=CARTESIAN_POINT('Origin',(-9.92534476290645,6.50000000000008,-17.0167427947203));
#4591=CARTESIAN_POINT('Origin',(-10.7818868011737,6.50000000000007,-9.8897409591095));
#4592=CARTESIAN_POINT('',(-6.30763670716414,7.50000000000004,-3.));
#4593=CARTESIAN_POINT('',(-6.49999999055248,7.4869006114648,-3.));
#4594=CARTESIAN_POINT('Origin',(-6.30763670716414,6.50000000000007,-3.));
#4595=CARTESIAN_POINT('',(-10.7818868011737,7.50000000000004,-9.8897409591095));
#4596=CARTESIAN_POINT('Ctrl Pts',(-6.49999999055284,7.48690061146475,-3.00000000000002));
#4597=CARTESIAN_POINT('Ctrl Pts',(-6.50830177115994,7.48576245277864,-3.00000000007845));
#4598=CARTESIAN_POINT('Ctrl Pts',(-6.51658912690672,7.48454141018333,-2.99989660747865));
#4599=CARTESIAN_POINT('Ctrl Pts',(-6.59977477041396,7.47139413929835,-2.9978280981258));
#4600=CARTESIAN_POINT('Ctrl Pts',(-6.67924746861141,7.45099624488918,-2.9867112065191));
#4601=CARTESIAN_POINT('Ctrl Pts',(-6.82571876356812,7.39001850596714,-2.9484913938198));
#4602=CARTESIAN_POINT('Ctrl Pts',(-6.89272309627336,7.34926498498321,-2.92168833233439));
#4603=CARTESIAN_POINT('Ctrl Pts',(-7.05705220954821,7.21439761584797,-2.83947594182599));
#4604=CARTESIAN_POINT('Ctrl Pts',(-7.13929867217553,7.0915790587205,-2.77234877411892));
#4605=CARTESIAN_POINT('Ctrl Pts',(-7.24373555691438,6.8105235486919,-2.67237137912005));
#4606=CARTESIAN_POINT('Ctrl Pts',(-7.26715925112159,6.65206108409584,-2.6414566886537));
#4607=CARTESIAN_POINT('Ctrl Pts',(-7.26715925112161,6.50000000000008,-2.64145668865369));
#4608=CARTESIAN_POINT('Origin',(-9.92534476290645,7.50000000000005,-17.0167427947203));
#4609=CARTESIAN_POINT('Origin',(-9.92534476290645,4.60000000000005,-17.0167427947203));
#4610=CARTESIAN_POINT('Ctrl Pts',(-5.49999999999999,21.,-3.00000000000001));
#4611=CARTESIAN_POINT('Ctrl Pts',(-6.5,21.,-3.00000000000001));
#4612=CARTESIAN_POINT('Ctrl Pts',(-6.5,20.,-3.00000000000001));
#4613=CARTESIAN_POINT('Ctrl Pts',(-5.49999999999999,22.,-3.00000000000003));
#4614=CARTESIAN_POINT('Ctrl Pts',(-7.50000000000005,22.,-3.00000000000003));
#4615=CARTESIAN_POINT('Ctrl Pts',(-7.50000000000005,20.,-3.00000000000003));
#4616=CARTESIAN_POINT('Ctrl Pts',(-5.49999999999999,22.,-1.99999999999999));
#4617=CARTESIAN_POINT('Ctrl Pts',(-7.50000000000005,22.,-1.99999999999998));
#4618=CARTESIAN_POINT('Ctrl Pts',(-7.50000000000005,20.,-1.99999999999999));
#4619=CARTESIAN_POINT('',(-5.49999999999999,22.,-1.99999999999999));
#4620=CARTESIAN_POINT('',(-5.49999999999999,21.,-3.));
#4621=CARTESIAN_POINT('Origin',(-5.49999999999999,21.,-1.99999999999999));
#4622=CARTESIAN_POINT('',(-6.5,20.,-3.));
#4623=CARTESIAN_POINT('Origin',(-5.49999999999999,20.,-3.));
#4624=CARTESIAN_POINT('',(-7.50000000000002,20.,-2.00000000000002));
#4625=CARTESIAN_POINT('Origin',(-6.5,20.,-1.99999999999999));
#4626=CARTESIAN_POINT('Origin',(-5.49999999999999,20.,-1.99999999999999));
#4627=CARTESIAN_POINT('Origin',(3.75000000000006,21.,-1.99999999999999));
#4628=CARTESIAN_POINT('',(5.50000000000003,22.,-1.99999999999999));
#4629=CARTESIAN_POINT('',(5.50000000000003,21.,-3.));
#4630=CARTESIAN_POINT('Origin',(5.50000000000003,21.,-1.99999999999999));
#4631=CARTESIAN_POINT('',(3.75000000000006,21.,-3.));
#4632=CARTESIAN_POINT('',(3.75000000000006,22.,-1.99999999999999));
#4633=CARTESIAN_POINT('Ctrl Pts',(6.50000000000004,19.9999999999999,-3.00000000000001));
#4634=CARTESIAN_POINT('Ctrl Pts',(6.50000000000004,21.,-3.00000000000001));
#4635=CARTESIAN_POINT('Ctrl Pts',(5.50000000000003,21.,-3.00000000000001));
#4636=CARTESIAN_POINT('Ctrl Pts',(7.50000000000008,19.9999999999999,-3.00000000000003));
#4637=CARTESIAN_POINT('Ctrl Pts',(7.50000000000009,22.,-3.00000000000003));
#4638=CARTESIAN_POINT('Ctrl Pts',(5.50000000000003,22.,-3.00000000000003));
#4639=CARTESIAN_POINT('Ctrl Pts',(7.50000000000008,19.9999999999999,-1.99999999999999));
#4640=CARTESIAN_POINT('Ctrl Pts',(7.50000000000009,22.,-1.99999999999999));
#4641=CARTESIAN_POINT('Ctrl Pts',(5.50000000000003,22.,-1.99999999999999));
#4642=CARTESIAN_POINT('',(7.50000000000006,19.9999999999999,-1.99999999999999));
#4643=CARTESIAN_POINT('',(6.50000000000004,19.9999999999999,-3.));
#4644=CARTESIAN_POINT('Origin',(6.50000000000004,19.9999999999999,-1.99999999999999));
#4645=CARTESIAN_POINT('Origin',(5.50000000000003,19.9999999999999,-3.));
#4646=CARTESIAN_POINT('Origin',(5.50000000000003,19.9999999999999,-1.99999999999999));
#4647=CARTESIAN_POINT('Origin',(6.49999999999998,-11.,-2.));
#4648=CARTESIAN_POINT('',(7.49999999999992,-20.,-2.));
#4649=CARTESIAN_POINT('',(6.49999999999998,-19.9999999999999,-3.00000000000001));
#4650=CARTESIAN_POINT('Origin',(6.49999999999998,-19.9999999999999,-2.));
#4651=CARTESIAN_POINT('',(6.49999999999998,-11.,-3.00000000000001));
#4652=CARTESIAN_POINT('',(7.49999999999992,-11.,-2.));
#4653=CARTESIAN_POINT('Ctrl Pts',(5.49999999999989,-21.,-3.00000000000002));
#4654=CARTESIAN_POINT('Ctrl Pts',(6.49999999999993,-21.,-3.00000000000002));
#4655=CARTESIAN_POINT('Ctrl Pts',(6.49999999999993,-19.9999999999999,-3.00000000000002));
#4656=CARTESIAN_POINT('Ctrl Pts',(5.49999999999989,-22.,-3.00000000000002));
#4657=CARTESIAN_POINT('Ctrl Pts',(7.49999999999995,-22.,-3.00000000000002));
#4658=CARTESIAN_POINT('Ctrl Pts',(7.49999999999995,-19.9999999999999,-3.00000000000002));
#4659=CARTESIAN_POINT('Ctrl Pts',(5.49999999999989,-22.,-2.));
#4660=CARTESIAN_POINT('Ctrl Pts',(7.49999999999995,-22.,-2.));
#4661=CARTESIAN_POINT('Ctrl Pts',(7.49999999999995,-19.9999999999999,-2.));
#4662=CARTESIAN_POINT('',(5.49999999999989,-22.,-2.));
#4663=CARTESIAN_POINT('',(5.49999999999989,-21.,-3.00000000000001));
#4664=CARTESIAN_POINT('Origin',(5.49999999999989,-21.,-2.));
#4665=CARTESIAN_POINT('Origin',(5.49999999999989,-19.9999999999999,-3.00000000000001));
#4666=CARTESIAN_POINT('Origin',(5.49999999999989,-19.9999999999999,-2.));
#4667=CARTESIAN_POINT('Origin',(-3.75000000000001,-20.9999999999999,-2.));
#4668=CARTESIAN_POINT('',(-5.49999999999998,-22.,-2.));
#4669=CARTESIAN_POINT('',(-5.49999999999998,-20.9999999999999,-3.00000000000001));
#4670=CARTESIAN_POINT('Origin',(-5.49999999999998,-20.9999999999999,-2.));
#4671=CARTESIAN_POINT('',(-3.75000000000001,-20.9999999999999,-3.00000000000001));
#4672=CARTESIAN_POINT('',(-3.75000000000001,-22.,-2.));
#4673=CARTESIAN_POINT('Ctrl Pts',(-6.49999999999999,-19.9999999999999,-3.00000000000002));
#4674=CARTESIAN_POINT('Ctrl Pts',(-6.49999999999999,-20.9999999999999,-3.00000000000002));
#4675=CARTESIAN_POINT('Ctrl Pts',(-5.49999999999998,-20.9999999999999,-3.00000000000002));
#4676=CARTESIAN_POINT('Ctrl Pts',(-7.50000000000004,-19.9999999999999,-3.00000000000004));
#4677=CARTESIAN_POINT('Ctrl Pts',(-7.50000000000004,-22.,-3.00000000000004));
#4678=CARTESIAN_POINT('Ctrl Pts',(-5.49999999999998,-22.,-3.00000000000004));
#4679=CARTESIAN_POINT('Ctrl Pts',(-7.50000000000004,-19.9999999999999,-1.99999999999999));
#4680=CARTESIAN_POINT('Ctrl Pts',(-7.50000000000004,-22.,-1.99999999999999));
#4681=CARTESIAN_POINT('Ctrl Pts',(-5.49999999999998,-22.,-2.));
#4682=CARTESIAN_POINT('',(-7.50000000000001,-19.9999999999999,-2.00000000000003));
#4683=CARTESIAN_POINT('',(-6.49999999999999,-19.9999999999999,-3.00000000000001));
#4684=CARTESIAN_POINT('Origin',(-6.49999999999999,-19.9999999999999,-1.99999999999999));
#4685=CARTESIAN_POINT('Origin',(-5.49999999999998,-19.9999999999999,-3.00000000000001));
#4686=CARTESIAN_POINT('Origin',(-5.49999999999998,-19.9999999999999,-1.99999999999999));
#4687=CARTESIAN_POINT('Origin',(-5.49999999999998,-19.9999999999999,-3.00000000000001));
#4688=CARTESIAN_POINT('',(-5.49999999999998,-22.,-2.15105711021124E-15));
#4689=CARTESIAN_POINT('',(-5.49999999999998,-22.,-3.00000000000001));
#4690=CARTESIAN_POINT('',(-7.50000000000001,-19.9999999999999,-1.2490009027033E-15));
#4691=CARTESIAN_POINT('Origin',(-5.49999999999998,-19.9999999999999,-1.66533453693773E-15));
#4692=CARTESIAN_POINT('',(-7.50000000000001,-19.9999999999999,-3.00000000000001));
#4693=CARTESIAN_POINT('Origin',(-7.50000000000001,-22.,-3.00000000000001));
#4694=CARTESIAN_POINT('',(5.49999999999989,-22.,-4.57966997657877E-15));
#4695=CARTESIAN_POINT('',(5.49999999999989,-22.,-3.00000000000001));
#4696=CARTESIAN_POINT('',(7.49999999999992,-22.,-4.9960036108132E-15));
#4697=CARTESIAN_POINT('Origin',(5.49999999999989,-19.9999999999999,-3.00000000000001));
#4698=CARTESIAN_POINT('',(7.49999999999992,-19.9999999999999,-4.57966997657877E-15));
#4699=CARTESIAN_POINT('',(7.49999999999992,-19.9999999999999,-3.00000000000001));
#4700=CARTESIAN_POINT('Origin',(5.49999999999989,-19.9999999999999,-4.16333634234434E-15));
#4701=CARTESIAN_POINT('Origin',(7.49999999999992,-22.,-3.00000000000001));
#4702=CARTESIAN_POINT('',(7.50000000000006,19.9999999999999,4.30211422042248E-15));
#4703=CARTESIAN_POINT('',(7.50000000000005,19.9999999999999,-3.));
#4704=CARTESIAN_POINT('',(7.50000000000006,22.,4.71844785465692E-15));
#4705=CARTESIAN_POINT('Origin',(5.50000000000003,19.9999999999999,-3.));
#4706=CARTESIAN_POINT('',(5.50000000000003,22.,5.20417042793042E-15));
#4707=CARTESIAN_POINT('',(5.50000000000003,22.,-3.));
#4708=CARTESIAN_POINT('Origin',(5.50000000000003,19.9999999999999,4.71844785465692E-15));
#4709=CARTESIAN_POINT('Origin',(7.50000000000005,22.,-3.));
#4710=CARTESIAN_POINT('',(-5.49999999999999,22.,7.63278329429795E-15));
#4711=CARTESIAN_POINT('',(-5.49999999999999,22.,-3.));
#4712=CARTESIAN_POINT('',(-7.49999999999994,22.,8.04911692853238E-15));
#4713=CARTESIAN_POINT('Origin',(-5.49999999999999,20.,-3.));
#4714=CARTESIAN_POINT('',(-7.50000000000002,20.,7.63278329429795E-15));
#4715=CARTESIAN_POINT('',(-7.50000000000002,20.,-3.));
#4716=CARTESIAN_POINT('Origin',(-5.49999999999999,20.,7.21644966006352E-15));
#4717=CARTESIAN_POINT('Origin',(-6.5,11.,-2.00000000000002));
#4718=CARTESIAN_POINT('',(-7.50000000000002,11.,-2.00000000000002));
#4719=CARTESIAN_POINT('',(-6.5,11.,-3.));
#4720=CARTESIAN_POINT('',(-6.5,11.,-3.));
#4721=CARTESIAN_POINT('Origin',(-7.50000000000002,22.,-3.));
#4722=CARTESIAN_POINT('',(-7.50000000000001,4.27435864480685E-14,3.19189119579733E-15));
#4723=CARTESIAN_POINT('Origin',(-6.49869088211824,-7.49999999999995,-13.2910859835058));
#4724=CARTESIAN_POINT('',(-3.24934544105909,-7.49999999999996,-3.00000000000001));
#4725=CARTESIAN_POINT('Origin',(-9.92534476290644,-7.49999999999995,-17.0167427947203));
#4726=CARTESIAN_POINT('Origin',(5.99520433297585E-14,1.84574577843932E-14,
-3.00000000000001));
#4727=CARTESIAN_POINT('',(-3.02767940839027,7.50000000000004,-3.));
#4728=CARTESIAN_POINT('Origin',(-6.0553588167806,7.50000000000005,-13.5592440123309));
#4729=CARTESIAN_POINT('',(-12.1253447629064,7.50000000000005,-17.0167427947203));
#4730=CARTESIAN_POINT('Origin',(-9.92534476290645,7.50000000000005,-17.0167427947203));
#4731=CARTESIAN_POINT('Origin',(5.99520433297585E-14,1.77635683940025E-14,
1.52655665885959E-15));
#4732=CARTESIAN_POINT('Origin',(-9.92534476290644,-9.49999999999996,-17.0167427947203));
#4733=CARTESIAN_POINT('',(-15.5253447629065,-9.49999999999996,-17.0167427947203));
#4734=CARTESIAN_POINT('',(-4.32534476290645,-9.49999999999996,-17.0167427947203));
#4735=CARTESIAN_POINT('Origin',(-9.92534476290644,-9.49999999999996,-17.0167427947203));
#4736=CARTESIAN_POINT('Origin',(-9.92534476290644,-9.49999999999996,-17.0167427947203));
#4737=CARTESIAN_POINT('',(-5.32534476290645,-10.5,-17.0167427947203));
#4738=CARTESIAN_POINT('Origin',(-5.32534476290645,-9.49999999999996,-17.0167427947203));
#4739=CARTESIAN_POINT('Origin',(-9.92534476290644,-10.5,-17.0167427947203));
#4740=CARTESIAN_POINT('Origin',(-9.92534476290645,7.50000000000005,-17.0167427947203));
#4741=CARTESIAN_POINT('',(-12.1253447629064,1.40000000000005,-17.0167427947203));
#4742=CARTESIAN_POINT('Origin',(-9.92534476290645,1.40000000000005,-17.0167427947203));
#4743=CARTESIAN_POINT('',(-12.1253447629064,-1.39999999999996,-17.0167427947203));
#4744=CARTESIAN_POINT('',(-12.1253447629064,7.50000000000005,-17.0167427947203));
#4745=CARTESIAN_POINT('Origin',(-9.92534476290645,-1.39999999999996,-17.0167427947203));
#4746=CARTESIAN_POINT('Origin',(-9.92534476290645,7.50000000000005,-17.0167427947203));
#4747=CARTESIAN_POINT('',(-12.1253447629064,-4.59999999999995,-17.0167427947203));
#4748=CARTESIAN_POINT('Origin',(-9.92534476290645,-4.59999999999995,-17.0167427947203));
#4749=CARTESIAN_POINT('',(-12.1253447629064,-7.49999999999995,-17.0167427947203));
#4750=CARTESIAN_POINT('',(-12.1253447629064,7.50000000000005,-17.0167427947203));
#4751=CARTESIAN_POINT('Origin',(-9.92534476290644,-7.49999999999995,-17.0167427947203));
#4752=CARTESIAN_POINT('Origin',(-9.92534476290645,7.50000000000005,-17.0167427947203));
#4753=CARTESIAN_POINT('',(-15.5253447629064,-4.59999999999995,-17.0167427947203));
#4754=CARTESIAN_POINT('',(-15.5253447629064,7.50000000000004,-17.0167427947203));
#4755=CARTESIAN_POINT('Origin',(-9.92534476290645,-4.59999999999995,-17.0167427947203));
#4756=CARTESIAN_POINT('Origin',(-9.92534476290645,-4.59999999999995,-17.0167427947203));
#4757=CARTESIAN_POINT('Origin',(-9.92534476290645,7.50000000000005,-17.0167427947203));
#4758=CARTESIAN_POINT('',(-12.1253447629064,4.60000000000004,-17.0167427947203));
#4759=CARTESIAN_POINT('',(-12.1253447629064,7.50000000000005,-17.0167427947203));
#4760=CARTESIAN_POINT('Origin',(-9.92534476290645,4.60000000000005,-17.0167427947203));
#4761=CARTESIAN_POINT('Origin',(433.592584676076,-7.49999999999979,-297.869837068867));
#4762=CARTESIAN_POINT('',(-11.9460707050702,-7.49999999999995,-20.5167427947202));
#4763=CARTESIAN_POINT('',(-13.9667966472338,-7.49999999999995,-17.0167427947203));
#4764=CARTESIAN_POINT('',(-11.9460707050702,-7.49999999999995,-20.5167427947202));
#4765=CARTESIAN_POINT('',(-7.90461882074277,-7.49999999999995,-20.5167427947202));
#4766=CARTESIAN_POINT('',(-7.90461882074277,-7.49999999999995,-20.5167427947202));
#4767=CARTESIAN_POINT('',(-5.88389287857909,-7.49999999999995,-17.0167427947203));
#4768=CARTESIAN_POINT('',(-5.88389287857909,-7.49999999999995,-17.0167427947203));
#4769=CARTESIAN_POINT('',(-7.90461882074277,-7.49999999999995,-13.5167427947202));
#4770=CARTESIAN_POINT('',(-7.90461882074277,-7.49999999999995,-13.5167427947202));
#4771=CARTESIAN_POINT('',(-11.9460707050701,-7.49999999999996,-13.5167427947202));
#4772=CARTESIAN_POINT('',(-11.9460707050701,-7.49999999999996,-13.5167427947202));
#4773=CARTESIAN_POINT('',(-13.9667966472339,-7.49999999999995,-17.0167427947203));
#4774=CARTESIAN_POINT('Origin',(-9.92534476290645,7.50000000000005,-17.0167427947203));
#4775=CARTESIAN_POINT('Origin',(-9.92534476290645,-1.39999999999996,-17.0167427947203));
#4776=CARTESIAN_POINT('Origin',(-9.92534476290645,1.40000000000005,-17.0167427947203));
#4777=CARTESIAN_POINT('Origin',(0.804444153736612,-4.59999999999995,-18.022932726415));
#4778=CARTESIAN_POINT('',(0.804444153736612,-4.59999999999995,-18.022932726415));
#4779=CARTESIAN_POINT('Origin',(-4.96872961742264,-1.39999999999995,-26.9128407466366));
#4780=CARTESIAN_POINT('',(0.80444415373661,-1.39999999999995,-18.022932726415));
#4781=CARTESIAN_POINT('Origin',(0.80444415373661,-1.29999999999995,-18.022932726415));
#4782=CARTESIAN_POINT('Origin',(-4.96872961742264,4.60000000000005,-26.9128407466366));
#4783=CARTESIAN_POINT('',(0.80444415373661,4.60000000000005,-18.022932726415));
#4784=CARTESIAN_POINT('Origin',(0.80444415373661,1.40000000000005,-18.022932726415));
#4785=CARTESIAN_POINT('',(0.80444415373661,1.40000000000005,-18.022932726415));
#4786=CARTESIAN_POINT('Origin',(0.80444415373661,4.70000000000005,-18.022932726415));
#4787=CARTESIAN_POINT('Origin',(-9.92534476290644,-10.5,-17.0167427947203));
#4788=CARTESIAN_POINT('',(-7.90461882074277,-10.5,-20.5167427947202));
#4789=CARTESIAN_POINT('',(-11.9460707050702,-10.5,-20.5167427947202));
#4790=CARTESIAN_POINT('',(-7.90461882074277,-10.5,-20.5167427947202));
#4791=CARTESIAN_POINT('',(-13.9667966472339,-10.5,-17.0167427947203));
#4792=CARTESIAN_POINT('',(-11.9460707050702,-10.5,-20.5167427947202));
#4793=CARTESIAN_POINT('',(-11.9460707050701,-10.5,-13.5167427947202));
#4794=CARTESIAN_POINT('',(-13.9667966472339,-10.5,-17.0167427947203));
#4795=CARTESIAN_POINT('',(-7.90461882074277,-10.5,-13.5167427947202));
#4796=CARTESIAN_POINT('',(-11.9460707050701,-10.5,-13.5167427947202));
#4797=CARTESIAN_POINT('',(-5.88389287857909,-10.5,-17.0167427947203));
#4798=CARTESIAN_POINT('',(-7.90461882074277,-10.5,-13.5167427947202));
#4799=CARTESIAN_POINT('',(-5.88389287857909,-10.5,-17.0167427947203));
#4800=CARTESIAN_POINT('Origin',(-11.9460707050702,-10.5,-20.5167427947202));
#4801=CARTESIAN_POINT('',(-13.9667966472339,-10.5,-17.0167427947203));
#4802=CARTESIAN_POINT('',(-11.9460707050702,-10.5,-20.5167427947202));
#4803=CARTESIAN_POINT('Origin',(-7.90461882074277,-10.5,-20.5167427947202));
#4804=CARTESIAN_POINT('',(-7.90461882074277,-10.5,-20.5167427947202));
#4805=CARTESIAN_POINT('Origin',(-5.88389287857909,-10.5,-17.0167427947203));
#4806=CARTESIAN_POINT('',(-5.88389287857909,-10.5,-17.0167427947203));
#4807=CARTESIAN_POINT('Origin',(-7.90461882074277,-10.5,-13.5167427947202));
#4808=CARTESIAN_POINT('',(-7.90461882074277,-10.5,-13.5167427947202));
#4809=CARTESIAN_POINT('Origin',(-11.9460707050701,-10.5,-13.5167427947202));
#4810=CARTESIAN_POINT('',(-11.9460707050701,-10.5,-13.5167427947202));
#4811=CARTESIAN_POINT('Origin',(-13.9667966472339,-10.5,-17.0167427947203));
#4812=CARTESIAN_POINT('Origin',(5.49999999999989,-19.9999999999999,-0.799999999999987));
#4813=CARTESIAN_POINT('',(6.69999999999994,-19.9999999999999,-0.799999999999987));
#4814=CARTESIAN_POINT('',(5.49999999999989,-21.2,-0.799999999999987));
#4815=CARTESIAN_POINT('Origin',(5.49999999999989,-19.9999999999999,-0.799999999999987));
#4816=CARTESIAN_POINT('',(6.69999999999994,-19.9999999999999,0.200000000000013));
#4817=CARTESIAN_POINT('',(6.69999999999994,-19.9999999999999,-0.799999999999987));
#4818=CARTESIAN_POINT('',(5.49999999999989,-21.2,0.200000000000013));
#4819=CARTESIAN_POINT('Origin',(5.49999999999989,-19.9999999999999,0.200000000000013));
#4820=CARTESIAN_POINT('',(5.49999999999989,-21.2,-0.799999999999987));
#4821=CARTESIAN_POINT('Origin',(-5.49999999999998,-21.1999999999999,-0.799999999999985));
#4822=CARTESIAN_POINT('',(-5.49999999999998,-21.1999999999999,-0.799999999999985));
#4823=CARTESIAN_POINT('',(-5.49999999999998,-21.1999999999999,-0.799999999999985));
#4824=CARTESIAN_POINT('',(-5.49999999999998,-21.1999999999999,0.200000000000015));
#4825=CARTESIAN_POINT('',(-5.49999999999998,-21.1999999999999,0.200000000000015));
#4826=CARTESIAN_POINT('',(-5.49999999999998,-21.1999999999999,-0.799999999999985));
#4827=CARTESIAN_POINT('Origin',(-5.49999999999998,-19.9999999999999,-0.799999999999985));
#4828=CARTESIAN_POINT('',(-6.70000000000002,-19.9999999999999,-0.799999999999984));
#4829=CARTESIAN_POINT('Origin',(-5.49999999999998,-19.9999999999999,-0.799999999999985));
#4830=CARTESIAN_POINT('',(-6.70000000000002,-19.9999999999999,0.200000000000016));
#4831=CARTESIAN_POINT('Origin',(-5.49999999999998,-19.9999999999999,0.200000000000015));
#4832=CARTESIAN_POINT('',(-6.70000000000002,-19.9999999999999,-0.799999999999984));
#4833=CARTESIAN_POINT('Origin',(-6.70000000000003,20.,-0.799999999999975));
#4834=CARTESIAN_POINT('',(-6.70000000000003,20.,-0.799999999999975));
#4835=CARTESIAN_POINT('',(-6.70000000000003,20.,-0.799999999999975));
#4836=CARTESIAN_POINT('',(-6.70000000000003,20.,0.200000000000025));
#4837=CARTESIAN_POINT('',(-6.70000000000003,20.,0.200000000000025));
#4838=CARTESIAN_POINT('',(-6.70000000000003,20.,-0.799999999999975));
#4839=CARTESIAN_POINT('Origin',(-5.49999999999999,20.,-0.799999999999976));
#4840=CARTESIAN_POINT('',(-5.49999999999999,21.2,-0.799999999999975));
#4841=CARTESIAN_POINT('Origin',(-5.49999999999999,20.,-0.799999999999976));
#4842=CARTESIAN_POINT('',(-5.49999999999999,21.2,0.200000000000025));
#4843=CARTESIAN_POINT('Origin',(-5.49999999999999,20.,0.200000000000024));
#4844=CARTESIAN_POINT('',(-5.49999999999999,21.2,-0.799999999999975));
#4845=CARTESIAN_POINT('Origin',(5.50000000000003,21.2,-0.799999999999978));
#4846=CARTESIAN_POINT('',(5.50000000000003,21.2,-0.799999999999978));
#4847=CARTESIAN_POINT('',(5.50000000000003,21.2,-0.799999999999978));
#4848=CARTESIAN_POINT('',(5.50000000000003,21.2,0.200000000000022));
#4849=CARTESIAN_POINT('',(5.50000000000003,21.2,0.200000000000022));
#4850=CARTESIAN_POINT('',(5.50000000000003,21.2,-0.799999999999978));
#4851=CARTESIAN_POINT('Origin',(5.50000000000003,19.9999999999999,-0.799999999999978));
#4852=CARTESIAN_POINT('',(6.70000000000007,19.9999999999999,-0.799999999999979));
#4853=CARTESIAN_POINT('Origin',(5.50000000000003,19.9999999999999,-0.799999999999978));
#4854=CARTESIAN_POINT('',(6.70000000000007,19.9999999999999,0.200000000000022));
#4855=CARTESIAN_POINT('Origin',(5.50000000000003,19.9999999999999,0.200000000000022));
#4856=CARTESIAN_POINT('',(6.70000000000007,19.9999999999999,-0.799999999999979));
#4857=CARTESIAN_POINT('Origin',(6.69999999999994,-19.9999999999999,-0.799999999999987));
#4858=CARTESIAN_POINT('',(6.69999999999994,-19.9999999999999,-0.799999999999987));
#4859=CARTESIAN_POINT('',(6.69999999999994,-19.9999999999999,0.200000000000013));
#4860=CARTESIAN_POINT('Origin',(5.99520433297585E-14,1.79717352111197E-14,
0.200000000000019));
#4861=CARTESIAN_POINT('Origin',(5.99520433297585E-14,1.79717352111197E-14,
-0.799999999999981));
#4862=CARTESIAN_POINT('Origin',(-11.65,5.,0.));
#4863=CARTESIAN_POINT('',(-12.65,5.,1.));
#4864=CARTESIAN_POINT('',(-11.65,6.,1.));
#4865=CARTESIAN_POINT('Origin',(-11.65,5.,1.));
#4866=CARTESIAN_POINT('',(-11.65,6.,0.));
#4867=CARTESIAN_POINT('',(-11.65,6.,0.));
#4868=CARTESIAN_POINT('',(-12.65,5.,0.));
#4869=CARTESIAN_POINT('Origin',(-11.65,5.,0.));
#4870=CARTESIAN_POINT('',(-12.65,5.,0.));
#4871=CARTESIAN_POINT('Origin',(-12.65,6.,0.));
#4872=CARTESIAN_POINT('',(-12.65,-5.,0.));
#4873=CARTESIAN_POINT('',(-12.65,-6.,0.));
#4874=CARTESIAN_POINT('',(-12.65,-5.,1.));
#4875=CARTESIAN_POINT('',(-12.65,-5.,0.));
#4876=CARTESIAN_POINT('',(-12.65,-6.,1.));
#4877=CARTESIAN_POINT('Origin',(0.,0.,0.));
#4878=CARTESIAN_POINT('',(11.65,6.,0.));
#4879=CARTESIAN_POINT('',(-12.65,6.,0.));
#4880=CARTESIAN_POINT('',(12.65,5.,0.));
#4881=CARTESIAN_POINT('Origin',(11.65,5.,0.));
#4882=CARTESIAN_POINT('',(12.65,-5.,0.));
#4883=CARTESIAN_POINT('',(12.65,6.,0.));
#4884=CARTESIAN_POINT('',(11.65,-6.,0.));
#4885=CARTESIAN_POINT('Origin',(11.65,-5.,0.));
#4886=CARTESIAN_POINT('',(-11.65,-6.,0.));
#4887=CARTESIAN_POINT('',(12.65,-6.,0.));
#4888=CARTESIAN_POINT('Origin',(-11.65,-5.,0.));
#4889=CARTESIAN_POINT('Origin',(11.65,5.,0.));
#4890=CARTESIAN_POINT('',(11.65,6.,1.));
#4891=CARTESIAN_POINT('',(12.65,5.,1.));
#4892=CARTESIAN_POINT('Origin',(11.65,5.,1.));
#4893=CARTESIAN_POINT('',(12.65,5.,0.));
#4894=CARTESIAN_POINT('',(11.65,6.,0.));
#4895=CARTESIAN_POINT('Origin',(12.65,-6.,0.));
#4896=CARTESIAN_POINT('',(12.65,-5.,1.));
#4897=CARTESIAN_POINT('',(12.65,6.,1.));
#4898=CARTESIAN_POINT('',(12.65,-5.,0.));
#4899=CARTESIAN_POINT('Origin',(11.65,-5.,0.));
#4900=CARTESIAN_POINT('',(11.65,-6.,1.));
#4901=CARTESIAN_POINT('Origin',(11.65,-5.,1.));
#4902=CARTESIAN_POINT('',(11.65,-6.,0.));
#4903=CARTESIAN_POINT('Origin',(-11.65,-5.,0.));
#4904=CARTESIAN_POINT('',(-11.65,-6.,1.));
#4905=CARTESIAN_POINT('Origin',(-11.65,-5.,1.));
#4906=CARTESIAN_POINT('',(-11.65,-6.,0.));
#4907=CARTESIAN_POINT('Origin',(-12.65,-6.,0.));
#4908=CARTESIAN_POINT('',(12.65,-6.,1.));
#4909=CARTESIAN_POINT('Origin',(12.65,6.,0.));
#4910=CARTESIAN_POINT('',(-12.65,6.,1.));
#4911=CARTESIAN_POINT('Origin',(0.,0.,1.));
#4912=CARTESIAN_POINT('Origin',(-3.65,1.11022302462516E-15,4.2));
#4913=CARTESIAN_POINT('',(-1.15,1.41638472441199E-15,5.2));
#4914=CARTESIAN_POINT('Origin',(-3.65,1.11022302462516E-15,5.2));
#4915=CARTESIAN_POINT('',(-1.15,1.41638472441199E-15,4.2));
#4916=CARTESIAN_POINT('',(-1.15,1.41638472441199E-15,4.2));
#4917=CARTESIAN_POINT('Origin',(-3.65,1.11022302462516E-15,4.2));
#4918=CARTESIAN_POINT('Origin',(-3.65,1.11022302462516E-15,5.2));
#4919=CARTESIAN_POINT('Origin',(-3.65,1.11022302462516E-15,2.4));
#4920=CARTESIAN_POINT('',(0.349999999999997,1.6000817442841E-15,4.2));
#4921=CARTESIAN_POINT('Origin',(-3.65,1.11022302462516E-15,4.2));
#4922=CARTESIAN_POINT('',(0.349999999999997,1.6000817442841E-15,2.4));
#4923=CARTESIAN_POINT('',(0.349999999999997,1.6000817442841E-15,2.4));
#4924=CARTESIAN_POINT('',(-3.65,4.,2.4));
#4925=CARTESIAN_POINT('Origin',(-3.65,1.11022302462516E-15,2.4));
#4926=CARTESIAN_POINT('',(-7.65,1.11022302462516E-15,2.4));
#4927=CARTESIAN_POINT('Origin',(-3.65,1.11022302462516E-15,2.4));
#4928=CARTESIAN_POINT('',(-3.65,-4.,2.4));
#4929=CARTESIAN_POINT('Origin',(-3.65,1.11022302462516E-15,2.4));
#4930=CARTESIAN_POINT('Origin',(-3.65,1.11022302462516E-15,2.4));
#4931=CARTESIAN_POINT('Origin',(-3.65,1.11022302462516E-15,4.2));
#4932=CARTESIAN_POINT('Origin',(-3.65,1.11022302462516E-15,2.4));
#4933=CARTESIAN_POINT('',(0.349999999999997,-4.,2.4));
#4934=CARTESIAN_POINT('',(-7.65,-4.,2.4));
#4935=CARTESIAN_POINT('',(0.349999999999997,-4.,2.4));
#4936=CARTESIAN_POINT('Origin',(-3.65,1.11022302462516E-15,2.4));
#4937=CARTESIAN_POINT('',(-7.65,-4.,2.4));
#4938=CARTESIAN_POINT('',(-7.65,1.11022302462516E-15,2.4));
#4939=CARTESIAN_POINT('',(-7.65,-4.,2.4));
#4940=CARTESIAN_POINT('Origin',(-3.65,1.11022302462516E-15,2.4));
#4941=CARTESIAN_POINT('',(-7.65,4.,2.4));
#4942=CARTESIAN_POINT('',(-7.65,4.,2.4));
#4943=CARTESIAN_POINT('',(-7.65,1.11022302462516E-15,2.4));
#4944=CARTESIAN_POINT('Origin',(-3.65,1.11022302462516E-15,2.4));
#4945=CARTESIAN_POINT('',(0.349999999999997,4.,2.4));
#4946=CARTESIAN_POINT('',(0.349999999999997,-4.,2.4));
#4947=CARTESIAN_POINT('',(-7.65,4.,2.4));
#4948=CARTESIAN_POINT('Origin',(0.349999999999997,4.,1.));
#4949=CARTESIAN_POINT('',(-7.65,4.,1.));
#4950=CARTESIAN_POINT('',(0.349999999999997,4.,1.));
#4951=CARTESIAN_POINT('',(-7.65,4.,1.));
#4952=CARTESIAN_POINT('',(-7.65,4.,1.));
#4953=CARTESIAN_POINT('',(0.349999999999997,4.,1.));
#4954=CARTESIAN_POINT('Origin',(0.349999999999997,-4.,1.));
#4955=CARTESIAN_POINT('',(0.349999999999997,-4.,1.));
#4956=CARTESIAN_POINT('',(0.349999999999997,-4.,1.));
#4957=CARTESIAN_POINT('',(0.349999999999997,-4.,1.));
#4958=CARTESIAN_POINT('Origin',(-7.65,-4.,1.));
#4959=CARTESIAN_POINT('',(-7.65,-4.,1.));
#4960=CARTESIAN_POINT('',(-7.65,-4.,1.));
#4961=CARTESIAN_POINT('',(-7.65,-4.,1.));
#4962=CARTESIAN_POINT('Origin',(-7.65,4.,1.));
#4963=CARTESIAN_POINT('',(-7.65,1.11022302462516E-15,1.));
#4964=CARTESIAN_POINT('Origin',(-3.65,1.11022302462516E-15,1.));
#4965=CARTESIAN_POINT('Origin',(12.65,2.7,1.));
#4966=CARTESIAN_POINT('',(8.95,2.7,1.));
#4967=CARTESIAN_POINT('',(12.65,2.7,1.));
#4968=CARTESIAN_POINT('',(8.95,2.7,1.));
#4969=CARTESIAN_POINT('',(8.95,2.7,3.));
#4970=CARTESIAN_POINT('',(8.95,2.7,1.));
#4971=CARTESIAN_POINT('',(12.65,2.7,3.));
#4972=CARTESIAN_POINT('',(8.95,2.7,3.));
#4973=CARTESIAN_POINT('',(12.65,2.7,1.));
#4974=CARTESIAN_POINT('Origin',(12.65,-2.7,1.));
#4975=CARTESIAN_POINT('',(12.65,-2.7,1.));
#4976=CARTESIAN_POINT('',(12.65,-2.7,1.));
#4977=CARTESIAN_POINT('',(12.65,-2.7,3.));
#4978=CARTESIAN_POINT('',(12.65,-2.7,3.));
#4979=CARTESIAN_POINT('',(12.65,-2.7,1.));
#4980=CARTESIAN_POINT('Origin',(8.95,-2.7,1.));
#4981=CARTESIAN_POINT('',(8.95,-2.7,1.));
#4982=CARTESIAN_POINT('',(8.95,-2.7,1.));
#4983=CARTESIAN_POINT('',(8.95,-2.7,3.));
#4984=CARTESIAN_POINT('',(8.95,-2.7,3.));
#4985=CARTESIAN_POINT('',(8.95,-2.7,1.));
#4986=CARTESIAN_POINT('Origin',(8.95,2.7,1.));
#4987=CARTESIAN_POINT('',(8.95,-1.11022302462516E-15,1.));
#4988=CARTESIAN_POINT('',(8.95,-1.11022302462516E-15,3.));
#4989=CARTESIAN_POINT('Origin',(10.8,-1.11022302462516E-15,3.));
#4990=CARTESIAN_POINT('Origin',(10.8,-1.11022302462516E-15,1.));
#4991=CARTESIAN_POINT('Origin',(-23.95,-5.,1.45));
#4992=CARTESIAN_POINT('',(-123.95,-3.3,1.45));
#4993=CARTESIAN_POINT('Origin',(-123.95,-5.,1.45));
#4994=CARTESIAN_POINT('',(-23.95,-3.3,1.45));
#4995=CARTESIAN_POINT('',(-23.95,-3.3,1.45));
#4996=CARTESIAN_POINT('Origin',(-23.95,-5.,1.45));
#4997=CARTESIAN_POINT('Origin',(-123.95,-5.,1.45));
#4998=CARTESIAN_POINT('Origin',(-23.95,-5.,1.45));
#4999=CARTESIAN_POINT('Origin',(-8.25,-16.34890695346,6.63862741188061));
#5000=CARTESIAN_POINT('',(-5.05,-17.1875775214054,7.18326644689563));
#5001=CARTESIAN_POINT('',(-5.05,-16.5117128566395,7.62528552789137));
#5002=CARTESIAN_POINT('Origin',(-5.05,-16.34890695346,6.63862741188061));
#5003=CARTESIAN_POINT('',(-8.25,-16.5117128566395,7.62528552789137));
#5004=CARTESIAN_POINT('',(-8.25,-16.5117128566395,7.62528552789137));
#5005=CARTESIAN_POINT('',(-8.25,-17.1875775214054,7.18326644689563));
#5006=CARTESIAN_POINT('Origin',(-8.25,-16.34890695346,6.63862741188061));
#5007=CARTESIAN_POINT('',(-8.25,-17.1875775214054,7.18326644689563));
#5008=CARTESIAN_POINT('Origin',(-8.25,-15.5999997988343,2.1000000782311));
#5009=CARTESIAN_POINT('',(-5.05,-14.5530555084555,7.60126426501972));
#5010=CARTESIAN_POINT('Origin',(-5.05,-15.5999997988343,2.1000000782311));
#5011=CARTESIAN_POINT('',(-8.25,-14.5530555084555,7.60126426501972));
#5012=CARTESIAN_POINT('',(-8.25,-14.5530555084555,7.60126426501972));
#5013=CARTESIAN_POINT('Origin',(-8.25,-15.5999997988343,2.1000000782311));
#5014=CARTESIAN_POINT('Origin',(-5.05,-14.699999807775,2.10000007823109));
#5015=CARTESIAN_POINT('',(-5.05,-20.8895207334157,1.48277379668978));
#5016=CARTESIAN_POINT('',(-5.05,-17.8663167180003,6.13809973849157));
#5017=CARTESIAN_POINT('',(-5.05,-21.0184263321303,0.685555345032071));
#5018=CARTESIAN_POINT('Origin',(-5.05,-20.0508501654703,0.938134761674754));
#5019=CARTESIAN_POINT('',(-5.05,-15.5999997988343,-3.4999999217689));
#5020=CARTESIAN_POINT('Origin',(-5.05,-15.5999997988343,2.1000000782311));
#5021=CARTESIAN_POINT('',(-5.05,-8.19999981671572,-3.4999999217689));
#5022=CARTESIAN_POINT('',(-5.05,-9.99999979883432,-3.4999999217689));
#5023=CARTESIAN_POINT('',(-5.05,-9.,-2.7));
#5024=CARTESIAN_POINT('',(-5.05,-11.4249999715015,-0.275000028498473));
#5025=CARTESIAN_POINT('',(-5.05,-9.,5.6));
#5026=CARTESIAN_POINT('',(-5.05,-9.,1.55000003911555));
#5027=CARTESIAN_POINT('',(-5.05,-8.20653966824127,6.39346033175873));
#5028=CARTESIAN_POINT('',(-5.05,-11.099999932386,3.50000006761402));
#5029=CARTESIAN_POINT('',(-5.05,-8.19999981671572,6.39221573415678));
#5030=CARTESIAN_POINT('',(-5.05,-17.7999997988343,2.1000000782311));
#5031=CARTESIAN_POINT('Origin',(-5.05,-15.5999997988343,2.1000000782311));
#5032=CARTESIAN_POINT('Origin',(-2.25,-16.34890695346,6.63862741188061));
#5033=CARTESIAN_POINT('',(0.949999999999998,-17.1875775214054,7.18326644689563));
#5034=CARTESIAN_POINT('',(0.949999999999998,-16.5117128566395,7.62528552789137));
#5035=CARTESIAN_POINT('Origin',(0.949999999999998,-16.34890695346,6.63862741188061));
#5036=CARTESIAN_POINT('',(-2.25,-16.5117128566395,7.62528552789137));
#5037=CARTESIAN_POINT('',(-2.25,-16.5117128566395,7.62528552789137));
#5038=CARTESIAN_POINT('',(-2.25,-17.1875775214054,7.18326644689563));
#5039=CARTESIAN_POINT('Origin',(-2.25,-16.34890695346,6.63862741188061));
#5040=CARTESIAN_POINT('',(-2.25,-17.1875775214054,7.18326644689563));
#5041=CARTESIAN_POINT('Origin',(-2.25,-15.5999997988343,2.1000000782311));
#5042=CARTESIAN_POINT('',(0.949999999999998,-14.5530555084555,7.60126426501972));
#5043=CARTESIAN_POINT('Origin',(0.949999999999998,-15.5999997988343,2.1000000782311));
#5044=CARTESIAN_POINT('',(-2.25,-14.5530555084555,7.60126426501972));
#5045=CARTESIAN_POINT('',(-2.25,-14.5530555084555,7.60126426501972));
#5046=CARTESIAN_POINT('Origin',(-2.25,-15.5999997988343,2.1000000782311));
#5047=CARTESIAN_POINT('Origin',(0.949999999999998,-14.699999807775,2.10000007823109));
#5048=CARTESIAN_POINT('',(0.949999999999998,-20.8895207334157,1.48277379668978));
#5049=CARTESIAN_POINT('',(0.949999999999998,-17.8663167180003,6.13809973849157));
#5050=CARTESIAN_POINT('',(0.949999999999998,-21.0184263321303,0.685555345032071));
#5051=CARTESIAN_POINT('Origin',(0.949999999999998,-20.0508501654703,0.938134761674754));
#5052=CARTESIAN_POINT('',(0.949999999999998,-15.5999997988343,-3.4999999217689));
#5053=CARTESIAN_POINT('Origin',(0.949999999999998,-15.5999997988343,2.1000000782311));
#5054=CARTESIAN_POINT('',(0.949999999999998,-8.19999981671572,-3.4999999217689));
#5055=CARTESIAN_POINT('',(0.949999999999998,-9.99999979883432,-3.4999999217689));
#5056=CARTESIAN_POINT('',(0.949999999999998,-9.,-2.7));
#5057=CARTESIAN_POINT('',(0.949999999999999,-11.4249999715015,-0.275000028498473));
#5058=CARTESIAN_POINT('',(0.949999999999998,-9.,5.6));
#5059=CARTESIAN_POINT('',(0.949999999999999,-9.,1.55000003911555));
#5060=CARTESIAN_POINT('',(0.949999999999998,-8.20653966824127,6.39346033175873));
#5061=CARTESIAN_POINT('',(0.949999999999998,-11.099999932386,3.50000006761402));
#5062=CARTESIAN_POINT('',(0.949999999999998,-8.19999981671572,6.39221573415678));
#5063=CARTESIAN_POINT('',(0.949999999999998,-17.7999997988343,2.1000000782311));
#5064=CARTESIAN_POINT('Origin',(0.949999999999998,-15.5999997988343,2.1000000782311));
#5065=CARTESIAN_POINT('Origin',(-8.25,-20.0508501654703,0.938134761674754));
#5066=CARTESIAN_POINT('',(-8.25,-20.8895207334157,1.48277379668978));
#5067=CARTESIAN_POINT('',(-8.25,-21.0184263321303,0.685555345032071));
#5068=CARTESIAN_POINT('Origin',(-8.25,-20.0508501654703,0.938134761674754));
#5069=CARTESIAN_POINT('',(-8.25,-21.0184263321303,0.685555345032071));
#5070=CARTESIAN_POINT('',(-8.25,-20.8895207334157,1.48277379668978));
#5071=CARTESIAN_POINT('Origin',(-8.25,-15.5999997988343,2.1000000782311));
#5072=CARTESIAN_POINT('',(-8.25,-15.5999997988343,-3.4999999217689));
#5073=CARTESIAN_POINT('Origin',(-8.25,-15.5999997988343,2.1000000782311));
#5074=CARTESIAN_POINT('',(-8.25,-15.5999997988343,-3.4999999217689));
#5075=CARTESIAN_POINT('Origin',(-2.25,-20.0508501654703,0.938134761674754));
#5076=CARTESIAN_POINT('',(-2.25,-20.8895207334157,1.48277379668978));
#5077=CARTESIAN_POINT('',(-2.25,-21.0184263321303,0.685555345032071));
#5078=CARTESIAN_POINT('Origin',(-2.25,-20.0508501654703,0.938134761674754));
#5079=CARTESIAN_POINT('',(-2.25,-21.0184263321303,0.685555345032071));
#5080=CARTESIAN_POINT('',(-2.25,-20.8895207334157,1.48277379668978));
#5081=CARTESIAN_POINT('Origin',(-2.25,-15.5999997988343,2.1000000782311));
#5082=CARTESIAN_POINT('',(-2.25,-15.5999997988343,-3.4999999217689));
#5083=CARTESIAN_POINT('Origin',(-2.25,-15.5999997988343,2.1000000782311));
#5084=CARTESIAN_POINT('',(-2.25,-15.5999997988343,-3.4999999217689));
#5085=CARTESIAN_POINT('Ctrl Pts',(-14.45,-4.40842104691258,-0.143750289130963));
#5086=CARTESIAN_POINT('Ctrl Pts',(-14.45,-4.40842503644931,-0.143750000000001));
#5087=CARTESIAN_POINT('Ctrl Pts',(-14.45,-4.42042178129541,-0.14825609994183));
#5088=CARTESIAN_POINT('Ctrl Pts',(-14.45,-4.48834301400101,-0.172205429442848));
#5089=CARTESIAN_POINT('Ctrl Pts',(-14.45,-4.6383414548817,-0.215903874777845));
#5090=CARTESIAN_POINT('Ctrl Pts',(-14.45,-4.87370777135507,-0.251525969214047));
#5091=CARTESIAN_POINT('Ctrl Pts',(-14.45,-5.1263077937936,-0.251404629874657));
#5092=CARTESIAN_POINT('Ctrl Pts',(-14.45,-5.36186780391263,-0.215898804331713));
#5093=CARTESIAN_POINT('Ctrl Pts',(-14.45,-5.51177866359877,-0.172153173744076));
#5094=CARTESIAN_POINT('Ctrl Pts',(-14.45,-5.57958928399964,-0.148257471216969));
#5095=CARTESIAN_POINT('Ctrl Pts',(-14.45,-5.59157496355069,-0.143750000000001));
#5096=CARTESIAN_POINT('Ctrl Pts',(-14.45,-5.59157895308742,-0.143750289130963));
#5097=CARTESIAN_POINT('Ctrl Pts',(-14.45,-4.15296604773446,-0.048927636431259));
#5098=CARTESIAN_POINT('Ctrl Pts',(-14.4208218396452,-4.15296604773446,-0.0489276364312591));
#5099=CARTESIAN_POINT('Ctrl Pts',(-14.3621378166837,-4.17177629523484,-0.050492634723694));
#5100=CARTESIAN_POINT('Ctrl Pts',(-14.2591854144824,-4.27680161990285,-0.0588020940748925));
#5101=CARTESIAN_POINT('Ctrl Pts',(-14.1716439467438,-4.49939809660134,-0.0741140863299969));
#5102=CARTESIAN_POINT('Ctrl Pts',(-14.1267221465648,-4.82771968885754,-0.0867759682939443));
#5103=CARTESIAN_POINT('Ctrl Pts',(-14.1265987484422,-5.17235373989355,-0.0867369839918124));
#5104=CARTESIAN_POINT('Ctrl Pts',(-14.1717977675695,-5.50088649207789,-0.0741121979537755));
#5105=CARTESIAN_POINT('Ctrl Pts',(-14.2592516345706,-5.72337968653561,-0.0587832053617048));
#5106=CARTESIAN_POINT('Ctrl Pts',(-14.3621631628183,-5.82823903513916,-0.0504931380173443));
#5107=CARTESIAN_POINT('Ctrl Pts',(-14.4208247239026,-5.84703395226554,-0.048927636431259));
#5108=CARTESIAN_POINT('Ctrl Pts',(-14.45,-5.84703395226554,-0.048927636431259));
#5109=CARTESIAN_POINT('Ctrl Pts',(-14.45,-3.880548497255,-1.11022302462516E-15));
#5110=CARTESIAN_POINT('Ctrl Pts',(-14.3897032906861,-3.880548497255,-1.2189068644101E-15));
#5111=CARTESIAN_POINT('Ctrl Pts',(-14.2684078869323,-3.90605149187959,7.19247427340567E-7));
#5112=CARTESIAN_POINT('Ctrl Pts',(-14.0536312792249,-4.04793779402038,3.44363345806382E-5));
#5113=CARTESIAN_POINT('Ctrl Pts',(-13.8653006544066,-4.3453141547637,0.000106939971572183));
#5114=CARTESIAN_POINT('Ctrl Pts',(-13.7639475522982,-4.77578845719018,0.000193033558985794));
#5115=CARTESIAN_POINT('Ctrl Pts',(-13.7637460663061,-5.22433235069571,0.000186668722681573));
#5116=CARTESIAN_POINT('Ctrl Pts',(-13.86559616304,-5.65505685973766,0.00010752088088489));
#5117=CARTESIAN_POINT('Ctrl Pts',(-14.0537758180594,-5.95230411364777,3.45780830403699E-5));
#5118=CARTESIAN_POINT('Ctrl Pts',(-14.268454448572,-6.09396869146064,8.01588801855267E-7));
#5119=CARTESIAN_POINT('Ctrl Pts',(-14.3897092510081,-6.119451502745,-1.09161967993124E-15));
#5120=CARTESIAN_POINT('Ctrl Pts',(-14.45,-6.119451502745,-1.11022302462516E-15));
#5121=CARTESIAN_POINT('Ctrl Pts',(-14.45,-3.60805890929249,-1.11022302462516E-15));
#5122=CARTESIAN_POINT('Ctrl Pts',(-14.3585753420195,-3.6080589092925,-1.21876048911646E-15));
#5123=CARTESIAN_POINT('Ctrl Pts',(-14.1746504367068,-3.64025037441625,-1.00641851990911E-15));
#5124=CARTESIAN_POINT('Ctrl Pts',(-13.8479978176003,-3.81898128777496,-1.1471057559211E-15));
#5125=CARTESIAN_POINT('Ctrl Pts',(-13.5587657171009,-4.19112107898763,-8.53744868053372E-16));
#5126=CARTESIAN_POINT('Ctrl Pts',(-13.4008397514325,-4.72380445002185,-9.83301577854004E-16));
#5127=CARTESIAN_POINT('Ctrl Pts',(-13.4005621892648,-5.276362864391,-1.06347964600099E-15));
#5128=CARTESIAN_POINT('Ctrl Pts',(-13.5592027761087,-5.80933745062088,-1.06632064892868E-15));
#5129=CARTESIAN_POINT('Ctrl Pts',(-13.8482208536719,-6.18132083628392,-1.07537120005125E-15));
#5130=CARTESIAN_POINT('Ctrl Pts',(-14.1747181820658,-6.35977483121065,-8.34762285308665E-16));
#5131=CARTESIAN_POINT('Ctrl Pts',(-14.3585843793354,-6.3919410907075,-1.0916357117338E-15));
#5132=CARTESIAN_POINT('Ctrl Pts',(-14.45,-6.3919410907075,-1.11022302462516E-15));
#5133=CARTESIAN_POINT('',(-13.6424498604815,-5.88741196988667,-8.32667268468867E-16));
#5134=CARTESIAN_POINT('',(-14.45,-5.59157496355069,-0.143750000000001));
#5135=CARTESIAN_POINT('Ctrl Pts',(-13.6424498589942,-5.88741196746494,-8.77661658627016E-16));
#5136=CARTESIAN_POINT('Ctrl Pts',(-13.8309159410839,-5.88741196746494,-9.88820081215945E-16));
#5137=CARTESIAN_POINT('Ctrl Pts',(-14.0033647999023,-5.8601956527744,-0.0172598506345508));
#5138=CARTESIAN_POINT('Ctrl Pts',(-14.2254723427967,-5.78621401871661,-0.0575998984604321));
#5139=CARTESIAN_POINT('Ctrl Pts',(-14.2934546250777,-5.75276124707436,-0.074765843248091));
#5140=CARTESIAN_POINT('Ctrl Pts',(-14.3679721481225,-5.70088347334778,-0.0988951268360899));
#5141=CARTESIAN_POINT('Ctrl Pts',(-14.3903733967617,-5.68250195904143,-0.107136909729589));
#5142=CARTESIAN_POINT('Ctrl Pts',(-14.4198794462242,-5.65060069607005,-0.120629898544015));
#5143=CARTESIAN_POINT('Ctrl Pts',(-14.4300337123774,-5.63768344779815,-0.125934620433788));
#5144=CARTESIAN_POINT('Ctrl Pts',(-14.441335436638,-5.61806499522115,-0.133679000554363));
#5145=CARTESIAN_POINT('Ctrl Pts',(-14.4445611152105,-5.61147950030584,-0.136235259166488));
#5146=CARTESIAN_POINT('Ctrl Pts',(-14.447890060563,-5.60207304654016,-0.139816730006598));
#5147=CARTESIAN_POINT('Ctrl Pts',(-14.448781879091,-5.59907751632378,-0.140948046475442));
#5148=CARTESIAN_POINT('Ctrl Pts',(-14.4497183816723,-5.59449859071834,-0.142662757276141));
#5149=CARTESIAN_POINT('Ctrl Pts',(-14.4498867613601,-5.59321216218937,-0.143141626304042));
#5150=CARTESIAN_POINT('Ctrl Pts',(-14.4499736850177,-5.59214565676651,-0.143538061929555));
#5151=CARTESIAN_POINT('Ctrl Pts',(-14.4499858920094,-5.59196594393914,-0.14360482986148));
#5152=CARTESIAN_POINT('Ctrl Pts',(-14.4499967079914,-5.59172291505413,-0.143695076863005));
#5153=CARTESIAN_POINT('Ctrl Pts',(-14.45,-5.59150097610565,-0.143777462977321));
#5154=CARTESIAN_POINT('Ctrl Pts',(-14.45,-5.59157496355069,-0.143750000000001));
#5155=CARTESIAN_POINT('',(-13.6424498600659,-4.11258803079005,-8.32667268468867E-16));
#5156=CARTESIAN_POINT('Ctrl Pts',(-13.6426614637493,-5.88730985626614,-1.06852591355573E-15));
#5157=CARTESIAN_POINT('Ctrl Pts',(-13.6241341890177,-5.85716211432501,-1.06858518631525E-15));
#5158=CARTESIAN_POINT('Ctrl Pts',(-13.516493774167,-5.66585076104794,-1.0655557980039E-15));
#5159=CARTESIAN_POINT('Ctrl Pts',(-13.4005621892648,-5.276362864391,-1.06347964600099E-15));
#5160=CARTESIAN_POINT('Ctrl Pts',(-13.4008397514325,-4.72380445002185,-9.83301577854004E-16));
#5161=CARTESIAN_POINT('Ctrl Pts',(-13.516318169718,-4.33429641140594,-8.88567289779649E-16));
#5162=CARTESIAN_POINT('Ctrl Pts',(-13.6240724939484,-4.14279929904355,-9.51381281278122E-16));
#5163=CARTESIAN_POINT('Ctrl Pts',(-13.642738273282,-4.11245329913785,-9.63090561272969E-16));
#5164=CARTESIAN_POINT('',(-14.45,-4.40842503644931,-0.143750000000001));
#5165=CARTESIAN_POINT('Ctrl Pts',(-14.45,-4.40842503644931,-0.143750000000001));
#5166=CARTESIAN_POINT('Ctrl Pts',(-14.45,-4.4083635119908,-0.143727163087499));
#5167=CARTESIAN_POINT('Ctrl Pts',(-14.4499961218329,-4.40826379962586,-0.143690143492783));
#5168=CARTESIAN_POINT('Ctrl Pts',(-14.4499857119815,-4.40803033480161,-0.143603447896413));
#5169=CARTESIAN_POINT('Ctrl Pts',(-14.449973211368,-4.40784739321486,-0.143535479714756));
#5170=CARTESIAN_POINT('Ctrl Pts',(-14.4498852440714,-4.40677526551387,-0.143136946582984));
#5171=CARTESIAN_POINT('Ctrl Pts',(-14.4497160795975,-4.40548778021512,-0.142657668878353));
#5172=CARTESIAN_POINT('Ctrl Pts',(-14.4487781143333,-4.40090818573501,-0.140942665534768));
#5173=CARTESIAN_POINT('Ctrl Pts',(-14.4478852667136,-4.39791155101925,-0.139810899473054));
#5174=CARTESIAN_POINT('Ctrl Pts',(-14.4445548888848,-4.38850722869623,-0.136230127396465));
#5175=CARTESIAN_POINT('Ctrl Pts',(-14.4413303808133,-4.38192554696217,-0.133675295624448));
#5176=CARTESIAN_POINT('Ctrl Pts',(-14.4300330161555,-4.36231684229863,-0.125934672186062));
#5177=CARTESIAN_POINT('Ctrl Pts',(-14.4198843512679,-4.3494058970024,-0.120632585395088));
#5178=CARTESIAN_POINT('Ctrl Pts',(-14.3903808126508,-4.31750381176306,-0.107139527835373));
#5179=CARTESIAN_POINT('Ctrl Pts',(-14.3679737692332,-4.29911731578594,-0.0988955310841991));
#5180=CARTESIAN_POINT('Ctrl Pts',(-14.2934543667448,-4.24723932993484,-0.0747660286659399));
#5181=CARTESIAN_POINT('Ctrl Pts',(-14.2254791732983,-4.21378969002658,-0.0576017884228922));
#5182=CARTESIAN_POINT('Ctrl Pts',(-14.0033786210179,-4.13980654510965,-0.0172612711122579));
#5183=CARTESIAN_POINT('Ctrl Pts',(-13.8309235914886,-4.11258803253506,-5.03149982606216E-16));
#5184=CARTESIAN_POINT('Ctrl Pts',(-13.6424498589942,-4.11258803253506,-5.55111512312578E-16));
#5185=CARTESIAN_POINT('Origin',(-14.45,-5.,1.45));
#5186=CARTESIAN_POINT('Origin',(-16.8249998580664,-0.249999999999999,-8.32667268468867E-16));
#5187=CARTESIAN_POINT('',(-19.95,-5.88741196746494,-8.32667268468867E-16));
#5188=CARTESIAN_POINT('',(-23.95,-5.88741196746494,-8.32667268468867E-16));
#5189=CARTESIAN_POINT('',(-19.95,-6.99999984353781,-8.32667268468867E-16));
#5190=CARTESIAN_POINT('',(-19.95,-3.6249999217689,-8.32667268468867E-16));
#5191=CARTESIAN_POINT('',(-11.6499997161329,-7.,-8.32667268468867E-16));
#5192=CARTESIAN_POINT('',(0.725000141933562,-7.,-8.32667268468867E-16));
#5193=CARTESIAN_POINT('',(-11.6499997161329,6.5,-8.32667268468867E-16));
#5194=CARTESIAN_POINT('',(-11.6499997161329,-7.25594077983976,-8.32667268468867E-16));
#5195=CARTESIAN_POINT('',(-13.95,6.5,-8.32667268468867E-16));
#5196=CARTESIAN_POINT('',(-12.4249998580664,6.5,-8.32667268468867E-16));
#5197=CARTESIAN_POINT('',(-13.95,-0.0562940162675268,-8.32667268468867E-16));
#5198=CARTESIAN_POINT('',(-13.95,-1.15314700813376,-8.32667268468867E-16));
#5199=CARTESIAN_POINT('',(-15.95,-2.05629401626753,-8.32667268468867E-16));
#5200=CARTESIAN_POINT('',(-15.2171764604497,-1.32347047671725,-8.32667268468867E-16));
#5201=CARTESIAN_POINT('',(-19.95,-2.05629401626753,-8.32667268468867E-16));
#5202=CARTESIAN_POINT('',(-18.3874999290332,-2.05629401626753,-8.32667268468867E-16));
#5203=CARTESIAN_POINT('',(-19.95,-4.11258803253506,-8.32667268468867E-16));
#5204=CARTESIAN_POINT('',(-19.95,-3.6249999217689,-8.32667268468867E-16));
#5205=CARTESIAN_POINT('',(-23.95,-4.11258803253506,-8.32667268468867E-16));
#5206=CARTESIAN_POINT('Origin',(-14.95,-1.05629401626753,-8.32667268468867E-16));
#5207=CARTESIAN_POINT('',(-13.95,-0.0562940162675268,5.2));
#5208=CARTESIAN_POINT('',(-15.95,-2.05629401626753,5.2));
#5209=CARTESIAN_POINT('',(-10.9484264959331,2.94527948779935,5.2));
#5210=CARTESIAN_POINT('',(-15.95,-2.05629401626753,-8.32667268468867E-16));
#5211=CARTESIAN_POINT('',(-13.95,-0.0562940162675268,-8.32667268468867E-16));
#5212=CARTESIAN_POINT('Origin',(0.,0.,5.2));
#5213=CARTESIAN_POINT('',(-22.45,4.5,5.2));
#5214=CARTESIAN_POINT('',(-19.95,7.,5.2));
#5215=CARTESIAN_POINT('Origin',(-19.95,4.5,5.2));
#5216=CARTESIAN_POINT('',(-22.45,-5.,5.2));
#5217=CARTESIAN_POINT('',(-22.45,-3.75,5.2));
#5218=CARTESIAN_POINT('',(-19.95,-7.5,5.2));
#5219=CARTESIAN_POINT('Origin',(-19.95,-5.,5.2));
#5220=CARTESIAN_POINT('',(12.65,-7.5,5.2));
#5221=CARTESIAN_POINT('',(7.575,-7.5,5.2));
#5222=CARTESIAN_POINT('',(15.15,-5.,5.2));
#5223=CARTESIAN_POINT('Origin',(12.65,-5.,5.2));
#5224=CARTESIAN_POINT('',(15.15,4.5,5.2));
#5225=CARTESIAN_POINT('',(15.15,3.5,5.2));
#5226=CARTESIAN_POINT('',(12.65,7.,5.2));
#5227=CARTESIAN_POINT('Origin',(12.65,4.5,5.2));
#5228=CARTESIAN_POINT('',(-11.225,7.,5.2));
#5229=CARTESIAN_POINT('',(-13.95,6.5,5.2));
#5230=CARTESIAN_POINT('',(-13.95,0.943705983732473,5.2));
#5231=CARTESIAN_POINT('',(13.1499998586252,6.5,5.2));
#5232=CARTESIAN_POINT('',(13.15,6.5,5.2));
#5233=CARTESIAN_POINT('',(13.1499998586252,5.,5.2));
#5234=CARTESIAN_POINT('',(13.1499998586252,6.5,5.2));
#5235=CARTESIAN_POINT('',(14.65,3.5,5.2));
#5236=CARTESIAN_POINT('',(11.4874998939689,6.66249996465631,5.2));
#5237=CARTESIAN_POINT('',(14.65,-4.,5.2));
#5238=CARTESIAN_POINT('',(14.65,3.25,5.2));
#5239=CARTESIAN_POINT('',(13.1499998586252,-5.5,5.2));
#5240=CARTESIAN_POINT('',(11.6124998939689,-7.03749996465631,5.2));
#5241=CARTESIAN_POINT('',(13.1499998586252,-7.,5.2));
#5242=CARTESIAN_POINT('',(13.1499998586252,-7.,5.2));
#5243=CARTESIAN_POINT('',(-19.95,-6.99999984353781,5.2));
#5244=CARTESIAN_POINT('',(6.575,-7.,5.2));
#5245=CARTESIAN_POINT('',(-19.95,-2.05629401626753,5.2));
#5246=CARTESIAN_POINT('',(-19.95,0.943705983732473,5.2));
#5247=CARTESIAN_POINT('',(-13.95,-2.05629401626753,5.2));
#5248=CARTESIAN_POINT('Origin',(-13.95,-2.05629401626753,-8.32667268468867E-16));
#5249=CARTESIAN_POINT('',(-13.95,6.5,0.5));
#5250=CARTESIAN_POINT('Origin',(-19.95,-2.05629401626753,-8.32667268468867E-16));
#5251=CARTESIAN_POINT('',(-19.95,-2.05629401626753,-8.32667268468867E-16));
#5252=CARTESIAN_POINT('Origin',(-19.95,-6.99999984353781,-8.32667268468867E-16));
#5253=CARTESIAN_POINT('',(-19.95,-3.3,1.45));
#5254=CARTESIAN_POINT('Origin',(-19.95,-5.,1.45));
#5255=CARTESIAN_POINT('Origin',(-19.95,-5.,1.45));
#5256=CARTESIAN_POINT('',(-19.95,-7.,0.5));
#5257=CARTESIAN_POINT('Origin',(-13.15,6.5,1.));
#5258=CARTESIAN_POINT('',(-11.6499997161329,6.5,-2.));
#5259=CARTESIAN_POINT('',(-11.6499997161329,6.5,-0.5));
#5260=CARTESIAN_POINT('',(11.6499997172505,6.5,-2.));
#5261=CARTESIAN_POINT('',(13.15,6.5,-2.));
#5262=CARTESIAN_POINT('',(11.6499997172505,6.5,-8.32667268468867E-16));
#5263=CARTESIAN_POINT('',(11.6499997172505,6.5,-0.5));
#5264=CARTESIAN_POINT('',(13.1499998586252,6.5,-8.32667268468867E-16));
#5265=CARTESIAN_POINT('',(-0.250000141374768,6.5,-8.32667268468867E-16));
#5266=CARTESIAN_POINT('',(13.1499998586252,6.5,0.5));
#5267=CARTESIAN_POINT('Origin',(13.8999998586252,4.25,-8.32667268468867E-16));
#5268=CARTESIAN_POINT('',(13.1499998586252,5.,-8.32667268468867E-16));
#5269=CARTESIAN_POINT('',(13.1499998586252,5.,-8.32667268468867E-16));
#5270=CARTESIAN_POINT('',(14.65,3.5,-8.32667268468867E-16));
#5271=CARTESIAN_POINT('',(14.9624998586252,3.1875,-8.32667268468867E-16));
#5272=CARTESIAN_POINT('',(14.65,3.5,0.5));
#5273=CARTESIAN_POINT('Origin',(13.1499998586252,6.5,-8.32667268468867E-16));
#5274=CARTESIAN_POINT('',(13.1499998586252,3.125,-8.32667268468867E-16));
#5275=CARTESIAN_POINT('Origin',(13.8999998586252,-4.75,-8.32667268468867E-16));
#5276=CARTESIAN_POINT('',(14.65,-4.,-8.32667268468867E-16));
#5277=CARTESIAN_POINT('',(14.65,-4.,0.5));
#5278=CARTESIAN_POINT('',(13.1499998586252,-5.5,-8.32667268468867E-16));
#5279=CARTESIAN_POINT('',(14.9624998586252,-3.6875,-8.32667268468867E-16));
#5280=CARTESIAN_POINT('',(13.1499998586252,-5.5,-8.32667268468867E-16));
#5281=CARTESIAN_POINT('Origin',(13.1499998586252,-4.,-8.32667268468867E-16));
#5282=CARTESIAN_POINT('',(13.1499998586252,-7.,-8.32667268468867E-16));
#5283=CARTESIAN_POINT('',(13.1499998586252,-2.125,-8.32667268468867E-16));
#5284=CARTESIAN_POINT('',(13.1499998586252,-7.,0.5));
#5285=CARTESIAN_POINT('Origin',(14.65,6.5,1.));
#5286=CARTESIAN_POINT('',(14.65,3.125,-8.32667268468867E-16));
#5287=CARTESIAN_POINT('Origin',(13.6499998586252,-0.250000000000001,-8.32667268468867E-16));
#5288=CARTESIAN_POINT('',(11.6499997172505,-7.,-8.32667268468867E-16));
#5289=CARTESIAN_POINT('',(11.6499997172505,7.14040647277008,-8.32667268468867E-16));
#5290=CARTESIAN_POINT('',(12.8999998586252,-7.,-8.32667268468867E-16));
#5291=CARTESIAN_POINT('Origin',(12.65,-5.,5.2));
#5292=CARTESIAN_POINT('',(12.65,-7.5,6.4));
#5293=CARTESIAN_POINT('',(12.65,-7.5,5.2));
#5294=CARTESIAN_POINT('',(15.15,-5.,6.4));
#5295=CARTESIAN_POINT('Origin',(12.65,-5.,6.4));
#5296=CARTESIAN_POINT('',(15.15,-5.,5.2));
#5297=CARTESIAN_POINT('Origin',(13.15,-7.,1.));
#5298=CARTESIAN_POINT('',(11.6499997172505,-7.,-2.));
#5299=CARTESIAN_POINT('',(11.6499997172505,-7.,-0.5));
#5300=CARTESIAN_POINT('',(-11.6499997161329,-7.,-2.));
#5301=CARTESIAN_POINT('',(6.575,-7.,-2.));
#5302=CARTESIAN_POINT('',(-11.6499997161329,-7.,-0.5));
#5303=CARTESIAN_POINT('Origin',(11.6499997172505,6.5,-2.));
#5304=CARTESIAN_POINT('',(11.6499997172505,3.125,-2.));
#5305=CARTESIAN_POINT('Origin',(-3.65,-0.25,-2.));
#5306=CARTESIAN_POINT('',(-11.6499997161329,-3.625,-2.));
#5307=CARTESIAN_POINT('Origin',(-11.6499997161329,-7.,-2.));
#5308=CARTESIAN_POINT('Origin',(-19.95,-5.,5.2));
#5309=CARTESIAN_POINT('',(-22.45,-5.,6.4));
#5310=CARTESIAN_POINT('',(-22.45,-5.,5.2));
#5311=CARTESIAN_POINT('',(-19.95,-7.5,6.4));
#5312=CARTESIAN_POINT('Origin',(-19.95,-5.,6.4));
#5313=CARTESIAN_POINT('',(-19.95,-7.5,5.2));
#5314=CARTESIAN_POINT('Origin',(0.949999999999998,-16.9610528165538,7.53208390333512));
#5315=CARTESIAN_POINT('',(-8.25,-17.8663167180003,6.13809973849157));
#5316=CARTESIAN_POINT('Origin',(0.949999999999998,-16.9610528165538,7.53208390333512));
#5317=CARTESIAN_POINT('',(-2.25,-17.8663167180003,6.13809973849157));
#5318=CARTESIAN_POINT('Origin',(-2.25,-14.699999807775,2.10000007823109));
#5319=CARTESIAN_POINT('',(-2.25,-8.20653966824127,6.39346033175873));
#5320=CARTESIAN_POINT('',(-2.25,-8.19999981671572,6.39221573415678));
#5321=CARTESIAN_POINT('',(-2.25,-9.,5.6));
#5322=CARTESIAN_POINT('',(-2.25,-11.099999932386,3.50000006761402));
#5323=CARTESIAN_POINT('',(-2.25,-9.,-2.7));
#5324=CARTESIAN_POINT('',(-2.25,-9.,1.55000003911555));
#5325=CARTESIAN_POINT('',(-2.25,-8.19999981671572,-3.4999999217689));
#5326=CARTESIAN_POINT('',(-2.25,-11.4249999715015,-0.275000028498473));
#5327=CARTESIAN_POINT('',(-2.25,-9.99999979883432,-3.4999999217689));
#5328=CARTESIAN_POINT('',(-2.25,-17.7999997988343,2.1000000782311));
#5329=CARTESIAN_POINT('Origin',(-2.25,-15.5999997988343,2.1000000782311));
#5330=CARTESIAN_POINT('Origin',(-8.25,-14.699999807775,2.10000007823109));
#5331=CARTESIAN_POINT('',(-8.25,-8.20653966824127,6.39346033175873));
#5332=CARTESIAN_POINT('',(-8.25,-8.19999981671572,6.39221573415678));
#5333=CARTESIAN_POINT('',(-8.25,-9.,5.6));
#5334=CARTESIAN_POINT('',(-8.25,-11.099999932386,3.50000006761402));
#5335=CARTESIAN_POINT('',(-8.25,-9.,-2.7));
#5336=CARTESIAN_POINT('',(-8.25,-9.,1.55000003911555));
#5337=CARTESIAN_POINT('',(-8.25,-8.19999981671572,-3.4999999217689));
#5338=CARTESIAN_POINT('',(-8.25,-11.4249999715015,-0.275000028498473));
#5339=CARTESIAN_POINT('',(-8.25,-9.99999979883432,-3.4999999217689));
#5340=CARTESIAN_POINT('',(-8.25,-17.7999997988343,2.1000000782311));
#5341=CARTESIAN_POINT('Origin',(-8.25,-15.5999997988343,2.1000000782311));
#5342=CARTESIAN_POINT('Origin',(0.949999999999998,-15.5999997988343,2.1000000782311));
#5343=CARTESIAN_POINT('',(0.949999999999998,-17.7999997988343,2.1000000782311));
#5344=CARTESIAN_POINT('Origin',(0.949999999999998,-15.5999997988343,2.1000000782311));
#5345=CARTESIAN_POINT('',(0.949999999999998,-17.7999997988343,2.1000000782311));
#5346=CARTESIAN_POINT('Origin',(-9.4,-8.6,-3.1));
#5347=CARTESIAN_POINT('',(12.65,-8.2,-3.5));
#5348=CARTESIAN_POINT('',(-9.4,-8.2,-3.5));
#5349=CARTESIAN_POINT('',(12.65,-9.,-2.7));
#5350=CARTESIAN_POINT('',(12.65,-8.2,-3.5));
#5351=CARTESIAN_POINT('',(-9.4,-9.,-2.7));
#5352=CARTESIAN_POINT('Origin',(-9.4,-8.6,-3.1));
#5353=CARTESIAN_POINT('',(-9.4,-8.2,-3.5));
#5354=CARTESIAN_POINT('',(-9.4,-9.,-2.7));
#5355=CARTESIAN_POINT('Origin',(-9.4,-8.6,-3.1));
#5356=CARTESIAN_POINT('',(-19.95,-9.,-2.7));
#5357=CARTESIAN_POINT('',(-9.4,-9.,-2.7));
#5358=CARTESIAN_POINT('',(-19.95,-8.2,-3.5));
#5359=CARTESIAN_POINT('',(-19.95,-8.2,-3.5));
#5360=CARTESIAN_POINT('',(-9.4,-8.2,-3.5));
#5361=CARTESIAN_POINT('Origin',(-15.15,-9.,1.));
#5362=CARTESIAN_POINT('',(12.65,-9.,5.6));
#5363=CARTESIAN_POINT('',(12.65,-9.,1.));
#5364=CARTESIAN_POINT('',(-9.4,-9.,5.6));
#5365=CARTESIAN_POINT('Origin',(-15.15,-9.,1.));
#5366=CARTESIAN_POINT('',(-9.4,-9.,5.6));
#5367=CARTESIAN_POINT('Origin',(-15.15,-9.,1.));
#5368=CARTESIAN_POINT('',(-19.95,-9.,5.6));
#5369=CARTESIAN_POINT('',(-9.4,-9.,5.6));
#5370=CARTESIAN_POINT('',(-19.95,-9.,1.));
#5371=CARTESIAN_POINT('Origin',(-9.4,-8.6,6.));
#5372=CARTESIAN_POINT('',(-8.825,-8.20653966824127,6.39346033175874));
#5373=CARTESIAN_POINT('',(-5.825,-8.20653966824127,6.39346033175874));
#5374=CARTESIAN_POINT('',(12.65,-8.2,6.4));
#5375=CARTESIAN_POINT('',(12.65,-8.2,6.4));
#5376=CARTESIAN_POINT('',(-19.95,-8.2,6.4));
#5377=CARTESIAN_POINT('',(-9.4,-8.2,6.4));
#5378=CARTESIAN_POINT('',(-19.95,-8.2,6.4));
#5379=CARTESIAN_POINT('Origin',(-26.75,-5.,1.45));
#5380=CARTESIAN_POINT('',(-26.772086305215,-7.21976818830945,1.45));
#5381=CARTESIAN_POINT('',(-26.772086305215,-5.,3.66976818830945));
#5382=CARTESIAN_POINT('Origin',(-26.772086305215,-5.,1.45));
#5383=CARTESIAN_POINT('',(-26.95,-5.,3.47099144137472));
#5384=CARTESIAN_POINT('Origin',(-26.75,-5.,3.47099144137472));
#5385=CARTESIAN_POINT('Origin',(-26.95,-5.,1.45));
#5386=CARTESIAN_POINT('Origin',(-26.772086305215,-5.,1.45));
#5387=CARTESIAN_POINT('Origin',(-24.7,-5.,1.45));
#5388=CARTESIAN_POINT('',(-23.3142356536594,-7.6014401155283,1.45001106885532));
#5389=CARTESIAN_POINT('',(-24.7,-7.45,1.45));
#5390=CARTESIAN_POINT('',(-24.8395684739252,-5.,3.88449239178609));
#5391=CARTESIAN_POINT('Ctrl Pts',(-24.8395684739252,-5.,3.88449239178609));
#5392=CARTESIAN_POINT('Ctrl Pts',(-24.8395684739252,-5.38988943241972,3.88449239178609));
#5393=CARTESIAN_POINT('Ctrl Pts',(-24.6439155588624,-6.1649472800607,3.70945813051496));
#5394=CARTESIAN_POINT('Ctrl Pts',(-24.1026277277235,-6.90696292014794,3.15923704479697));
#5395=CARTESIAN_POINT('Ctrl Pts',(-23.7132206471571,-7.27960427810895,2.64210272012397));
#5396=CARTESIAN_POINT('Ctrl Pts',(-23.5252879853242,-7.44004306152027,2.3062411243074));
#5397=CARTESIAN_POINT('Ctrl Pts',(-23.3590835072831,-7.56716375295729,1.94614816091862));
#5398=CARTESIAN_POINT('Ctrl Pts',(-23.31525905461,-7.60269927682836,1.64843767245997));
#5399=CARTESIAN_POINT('Ctrl Pts',(-23.3177835141736,-7.60162091841062,1.45001000483009));
#5400=CARTESIAN_POINT('',(-24.8395684739252,-5.,-0.984492391786095));
#5401=CARTESIAN_POINT('Origin',(-24.8395684739252,-5.,1.45));
#5402=CARTESIAN_POINT('Ctrl Pts',(-23.3111023874604,-7.60237001712244,1.45000767921891));
#5403=CARTESIAN_POINT('Ctrl Pts',(-23.311078787309,-7.60217458407088,1.40027691908219));
#5404=CARTESIAN_POINT('Ctrl Pts',(-23.3134735514955,-7.60037498361352,1.35054934945763));
#5405=CARTESIAN_POINT('Ctrl Pts',(-23.3180696980982,-7.59701938816404,1.30104214069704));
#5406=CARTESIAN_POINT('Ctrl Pts',(-23.3227718456331,-7.59358640261438,1.25039314714645));
#5407=CARTESIAN_POINT('Ctrl Pts',(-23.3297788308258,-7.58852569419354,1.19997479638411));
#5408=CARTESIAN_POINT('Ctrl Pts',(-23.3388834166342,-7.58188383516277,1.14997092772109));
#5409=CARTESIAN_POINT('Ctrl Pts',(-23.348256396091,-7.5750461810882,1.09849299741205));
#5410=CARTESIAN_POINT('Ctrl Pts',(-23.3598533020243,-7.56653371856742,1.04745404381234));
#5411=CARTESIAN_POINT('Ctrl Pts',(-23.373462192413,-7.55637801971652,0.997005749277752));
#5412=CARTESIAN_POINT('Ctrl Pts',(-23.3754111798393,-7.55492357862691,0.989780833144519));
#5413=CARTESIAN_POINT('Ctrl Pts',(-23.3774014441893,-7.55343538896979,0.982567957776115));
#5414=CARTESIAN_POINT('Ctrl Pts',(-23.3794323698932,-7.55191349499995,0.975367497709539));
#5415=CARTESIAN_POINT('Ctrl Pts',(-23.3898023230082,-7.5441426695665,0.938601783851028));
#5416=CARTESIAN_POINT('Ctrl Pts',(-23.4011854932456,-7.53550198589058,0.902179904443255));
#5417=CARTESIAN_POINT('Ctrl Pts',(-23.4135577369493,-7.52600212020532,0.866200630339917));
#5418=CARTESIAN_POINT('Ctrl Pts',(-23.4369239336461,-7.50806069134971,0.798250239462001));
#5419=CARTESIAN_POINT('Ctrl Pts',(-23.4638213213484,-7.4870529154482,0.731878517060538));
#5420=CARTESIAN_POINT('Ctrl Pts',(-23.4935011639106,-7.46322744199483,0.667163950893362));
#5421=CARTESIAN_POINT('Ctrl Pts',(-23.5258607769916,-7.43725078457799,0.596606355532481));
#5422=CARTESIAN_POINT('Ctrl Pts',(-23.5615259865543,-7.40792396756741,0.528018865405277));
#5423=CARTESIAN_POINT('Ctrl Pts',(-23.5994735786141,-7.37561145511633,0.461506504213701));
#5424=CARTESIAN_POINT('Ctrl Pts',(-23.638444753747,-7.34242735796119,0.393200065364653));
#5425=CARTESIAN_POINT('Ctrl Pts',(-23.6798198660849,-7.30609429633286,0.327082666197183));
#5426=CARTESIAN_POINT('Ctrl Pts',(-23.7224794859539,-7.26705489552403,0.263266321989449));
#5427=CARTESIAN_POINT('Ctrl Pts',(-23.7424059826075,-7.24881941916571,0.23345742605447));
#5428=CARTESIAN_POINT('Ctrl Pts',(-23.7626128939556,-7.229994128984,0.204150521916629));
#5429=CARTESIAN_POINT('Ctrl Pts',(-23.7829884014859,-7.21062745798408,0.175356412307219));
#5430=CARTESIAN_POINT('Ctrl Pts',(-23.8442526593114,-7.15239652932647,0.0887794398150734));
#5431=CARTESIAN_POINT('Ctrl Pts',(-23.9079144709263,-7.08888307024061,0.00635841206910147));
#5432=CARTESIAN_POINT('Ctrl Pts',(-23.9712571619616,-7.02093556876148,-0.0719142180257775));
#5433=CARTESIAN_POINT('Ctrl Pts',(-23.9788822972106,-7.01275611064022,-0.0813366056922115));
#5434=CARTESIAN_POINT('Ctrl Pts',(-23.9865027730035,-7.00451234520274,-0.0906988795502908));
#5435=CARTESIAN_POINT('Ctrl Pts',(-23.994113810775,-6.99620570992391,-0.100001052475382));
#5436=CARTESIAN_POINT('Ctrl Pts',(-24.0500000554663,-6.93521183948323,-0.168304945828654));
#5437=CARTESIAN_POINT('Ctrl Pts',(-24.1053798574581,-6.87083120690678,-0.233369353254615));
#5438=CARTESIAN_POINT('Ctrl Pts',(-24.1595678504334,-6.80307698248801,-0.295001761805061));
#5439=CARTESIAN_POINT('Ctrl Pts',(-24.2092349539747,-6.74097547448223,-0.351492195366133));
#5440=CARTESIAN_POINT('Ctrl Pts',(-24.2579012922644,-6.67603951847271,-0.405099952088674));
#5441=CARTESIAN_POINT('Ctrl Pts',(-24.305008909214,-6.60825106959778,-0.455661410905765));
#5442=CARTESIAN_POINT('Ctrl Pts',(-24.3292329000563,-6.57339244436703,-0.481661459192415));
#5443=CARTESIAN_POINT('Ctrl Pts',(-24.3530441691291,-6.5377790857381,-0.50685567019228));
#5444=CARTESIAN_POINT('Ctrl Pts',(-24.3763628012101,-6.50140570463892,-0.53121939776751));
#5445=CARTESIAN_POINT('Ctrl Pts',(-24.4310082075106,-6.41616750619803,-0.588313904328626));
#5446=CARTESIAN_POINT('Ctrl Pts',(-24.4824535464238,-6.32709514208387,-0.640654012136437));
#5447=CARTESIAN_POINT('Ctrl Pts',(-24.5297101771676,-6.23436875129678,-0.687907774616942));
#5448=CARTESIAN_POINT('Ctrl Pts',(-24.5490065543865,-6.19650563269058,-0.707202980633282));
#5449=CARTESIAN_POINT('Ctrl Pts',(-24.5676049689834,-6.15803360232045,-0.725650279226605));
#5450=CARTESIAN_POINT('Ctrl Pts',(-24.5854401182518,-6.1189662601398,-0.743227954384237));
#5451=CARTESIAN_POINT('Ctrl Pts',(-24.6269970175358,-6.0279371591292,-0.784184924532259));
#5452=CARTESIAN_POINT('Ctrl Pts',(-24.6644072279799,-5.93367607181101,-0.820418710538014));
#5453=CARTESIAN_POINT('Ctrl Pts',(-24.6969214285388,-5.83710471217898,-0.851529646538367));
#5454=CARTESIAN_POINT('Ctrl Pts',(-24.7171799962823,-5.77693415908017,-0.870913884615741));
#5455=CARTESIAN_POINT('Ctrl Pts',(-24.7355386575411,-5.71586686226753,-0.888309855952122));
#5456=CARTESIAN_POINT('Ctrl Pts',(-24.7518246688992,-5.65412438113439,-0.903626752348695));
#5457=CARTESIAN_POINT('Ctrl Pts',(-24.7806314603305,-5.54491392208852,-0.930719367610152));
#5458=CARTESIAN_POINT('Ctrl Pts',(-24.8030818476511,-5.43322072972697,-0.951393348123594));
#5459=CARTESIAN_POINT('Ctrl Pts',(-24.8180569107851,-5.32023978546356,-0.965050094310291));
#5460=CARTESIAN_POINT('Ctrl Pts',(-24.8320997254724,-5.21429228799449,-0.977856661749464));
#5461=CARTESIAN_POINT('Ctrl Pts',(-24.8395684739252,-5.10721335780654,-0.984492391786094));
#5462=CARTESIAN_POINT('Ctrl Pts',(-24.8395684739252,-5.,-0.984492391786093));
#5463=CARTESIAN_POINT('Origin',(-26.95,-1.6,1.45));
#5464=CARTESIAN_POINT('',(-26.95,-3.3,1.45));
#5465=CARTESIAN_POINT('Origin',(-26.95,-5.,1.45));
#5466=CARTESIAN_POINT('Ctrl Pts',(-23.95,-5.,4.87837612645971));
#5467=CARTESIAN_POINT('Ctrl Pts',(-23.95,-5.43924971844683,4.87837612645971));
#5468=CARTESIAN_POINT('Ctrl Pts',(-23.7934776679498,-6.31169960121239,4.62212390528027));
#5469=CARTESIAN_POINT('Ctrl Pts',(-23.3604474030387,-7.12935920976499,3.83220911208359));
#5470=CARTESIAN_POINT('Ctrl Pts',(-23.0489217385856,-7.53189393116045,3.10455401342018));
#5471=CARTESIAN_POINT('Ctrl Pts',(-22.8985756091193,-7.70390944583546,2.63582057263281));
#5472=CARTESIAN_POINT('Ctrl Pts',(-22.6991143636891,-7.90661957325787,1.88529260954689));
#5473=CARTESIAN_POINT('Ctrl Pts',(-22.7232935066759,-7.89358770930755,0.579022132023471));
#5474=CARTESIAN_POINT('Ctrl Pts',(-23.2848223902135,-7.28664238395761,-0.775649412377498));
#5475=CARTESIAN_POINT('Ctrl Pts',(-23.7920249489856,-6.31251770266475,-1.72175214675772));
#5476=CARTESIAN_POINT('Ctrl Pts',(-23.95,-5.43924971844683,-1.97837612645971));
#5477=CARTESIAN_POINT('Ctrl Pts',(-23.95,-5.,-1.97837612645971));
#5478=CARTESIAN_POINT('Ctrl Pts',(-23.95,-5.,4.60025439205571));
#5479=CARTESIAN_POINT('Ctrl Pts',(-23.95,-5.3977037520272,4.60025439205571));
#5480=CARTESIAN_POINT('Ctrl Pts',(-23.8255227056105,-6.19600646983851,4.38665875133633));
#5481=CARTESIAN_POINT('Ctrl Pts',(-23.4343464689111,-7.01278953910229,3.67921469092011));
#5482=CARTESIAN_POINT('Ctrl Pts',(-23.1339002296711,-7.42836066044699,3.00465155319715));
#5483=CARTESIAN_POINT('Ctrl Pts',(-22.9872876763614,-7.60798281703126,2.56659401837189));
#5484=CARTESIAN_POINT('Ctrl Pts',(-22.7900250732944,-7.82137667743921,1.86166381563936));
#5485=CARTESIAN_POINT('Ctrl Pts',(-22.8147538901071,-7.80716412717113,0.62620592908332));
#5486=CARTESIAN_POINT('Ctrl Pts',(-23.3675332463075,-7.1695493892188,-0.639167703329934));
#5487=CARTESIAN_POINT('Ctrl Pts',(-23.8239892447199,-6.1967973703784,-1.48622168865018));
#5488=CARTESIAN_POINT('Ctrl Pts',(-23.95,-5.39770375202717,-1.70025439205571));
#5489=CARTESIAN_POINT('Ctrl Pts',(-23.95,-5.,-1.70025439205571));
#5490=CARTESIAN_POINT('Ctrl Pts',(-24.1651893226929,-5.,4.11742385364139));
#5491=CARTESIAN_POINT('Ctrl Pts',(-24.1651893226929,-5.35043262829121,4.11742385364139));
#5492=CARTESIAN_POINT('Ctrl Pts',(-24.0519418110263,-6.06315524765395,3.97719819655259));
#5493=CARTESIAN_POINT('Ctrl Pts',(-23.6535120272691,-6.87061761331276,3.41157892760584));
#5494=CARTESIAN_POINT('Ctrl Pts',(-23.3380850442688,-7.29404742959434,2.82980586607003));
#5495=CARTESIAN_POINT('Ctrl Pts',(-23.1833860485295,-7.47900435000653,2.445267668242));
#5496=CARTESIAN_POINT('Ctrl Pts',(-22.9741440589077,-7.70024498837127,1.82025383911928));
#5497=CARTESIAN_POINT('Ctrl Pts',(-23.000781372173,-7.6850791797668,0.708824342761759));
#5498=CARTESIAN_POINT('Ctrl Pts',(-23.5858145194759,-7.02524261403171,-0.399844486762063));
#5499=CARTESIAN_POINT('Ctrl Pts',(-24.0499950269798,-6.06380394150237,-1.07640299066636));
#5500=CARTESIAN_POINT('Ctrl Pts',(-24.1651893226929,-5.35043262829112,-1.21742385364139));
#5501=CARTESIAN_POINT('Ctrl Pts',(-24.1651893226929,-5.,-1.21742385364139));
#5502=CARTESIAN_POINT('Ctrl Pts',(-24.6322529728626,-5.,3.90752744745971));
#5503=CARTESIAN_POINT('Ctrl Pts',(-24.6322529728626,-5.37047276178403,3.90752744745971));
#5504=CARTESIAN_POINT('Ctrl Pts',(-24.4621203253969,-6.11322038316593,3.75490708065224));
#5505=CARTESIAN_POINT('Ctrl Pts',(-23.9652482479684,-6.87695575557445,3.21980164505651));
#5506=CARTESIAN_POINT('Ctrl Pts',(-23.5988848447778,-7.2694110913519,2.69106482196776));
#5507=CARTESIAN_POINT('Ctrl Pts',(-23.4212992021219,-7.43964818947402,2.34386280001083));
#5508=CARTESIAN_POINT('Ctrl Pts',(-23.1844467295254,-7.64284370883904,1.78173751849665));
#5509=CARTESIAN_POINT('Ctrl Pts',(-23.2135676995594,-7.62885289009799,0.786031376907596));
#5510=CARTESIAN_POINT('Ctrl Pts',(-23.8790630416119,-7.02320005513588,-0.214164323778634));
#5511=CARTESIAN_POINT('Ctrl Pts',(-24.4602598965322,-6.11401531941972,-0.854355749065304));
#5512=CARTESIAN_POINT('Ctrl Pts',(-24.6322529728626,-5.37047276178392,-1.00752744745971));
#5513=CARTESIAN_POINT('Ctrl Pts',(-24.6322529728626,-5.,-1.00752744745971));
#5514=CARTESIAN_POINT('Ctrl Pts',(-24.8395684739252,-5.,3.88449239178609));
#5515=CARTESIAN_POINT('Ctrl Pts',(-24.8395684739252,-5.38988943241972,3.88449239178609));
#5516=CARTESIAN_POINT('Ctrl Pts',(-24.6439155588624,-6.1649472800607,3.70945813051496));
#5517=CARTESIAN_POINT('Ctrl Pts',(-24.1026277277235,-6.90696292014794,3.15923704479697));
#5518=CARTESIAN_POINT('Ctrl Pts',(-23.7132206471571,-7.27960427810895,2.64210272012397));
#5519=CARTESIAN_POINT('Ctrl Pts',(-23.5252879853242,-7.44004306152027,2.3062411243074));
#5520=CARTESIAN_POINT('Ctrl Pts',(-23.2759614285366,-7.63073927299423,1.76605869514958));
#5521=CARTESIAN_POINT('Ctrl Pts',(-23.3061853572701,-7.61770780281262,0.817516063285595));
#5522=CARTESIAN_POINT('Ctrl Pts',(-24.008096461692,-7.04915855142878,-0.150436739967383));
#5523=CARTESIAN_POINT('Ctrl Pts',(-24.6420996601571,-6.16579378567495,-0.809050644739207));
#5524=CARTESIAN_POINT('Ctrl Pts',(-24.8395684739252,-5.38988943241961,-0.984492391786093));
#5525=CARTESIAN_POINT('Ctrl Pts',(-24.8395684739252,-5.,-0.984492391786093));
#5526=CARTESIAN_POINT('',(-23.95,-5.,-1.97837612645971));
#5527=CARTESIAN_POINT('Origin',(-24.95,-5.,-1.97837612645971));
#5528=CARTESIAN_POINT('',(-23.95,-5.,4.87837612645971));
#5529=CARTESIAN_POINT('Ctrl Pts',(-23.95,-5.,-1.97837612645971));
#5530=CARTESIAN_POINT('Ctrl Pts',(-23.95,-5.43924971844683,-1.97837612645971));
#5531=CARTESIAN_POINT('Ctrl Pts',(-23.7920249489856,-6.31251770266475,-1.72175214675772));
#5532=CARTESIAN_POINT('Ctrl Pts',(-23.2848223902135,-7.28664238395761,-0.775649412377498));
#5533=CARTESIAN_POINT('Ctrl Pts',(-22.7232935066759,-7.89358770930755,0.579022132023471));
#5534=CARTESIAN_POINT('Ctrl Pts',(-22.6991143636891,-7.90661957325787,1.88529260954689));
#5535=CARTESIAN_POINT('Ctrl Pts',(-22.8985756091193,-7.70390944583546,2.63582057263281));
#5536=CARTESIAN_POINT('Ctrl Pts',(-23.0489217385856,-7.53189393116045,3.10455401342018));
#5537=CARTESIAN_POINT('Ctrl Pts',(-23.3604474030387,-7.12935920976499,3.83220911208359));
#5538=CARTESIAN_POINT('Ctrl Pts',(-23.7934776679498,-6.31169960121239,4.62212390528027));
#5539=CARTESIAN_POINT('Ctrl Pts',(-23.95,-5.43924971844683,4.87837612645971));
#5540=CARTESIAN_POINT('Ctrl Pts',(-23.95,-5.,4.87837612645971));
#5541=CARTESIAN_POINT('Origin',(-24.95,-5.,4.87837612645971));
#5542=CARTESIAN_POINT('Origin',(-24.95,-5.,1.45));
#5543=CARTESIAN_POINT('Origin',(-23.95,-5.,1.45));
#5544=CARTESIAN_POINT('Origin',(-19.95,-5.,1.));
#5545=CARTESIAN_POINT('',(-23.95,-5.,-2.7));
#5546=CARTESIAN_POINT('',(-23.95,-5.,1.));
#5547=CARTESIAN_POINT('Origin',(-19.95,-5.,-2.7));
#5548=CARTESIAN_POINT('',(-23.95,-5.,5.6));
#5549=CARTESIAN_POINT('Origin',(-19.95,-5.,5.6));
#5550=CARTESIAN_POINT('',(-23.95,-5.,1.));
#5551=CARTESIAN_POINT('Origin',(-23.95,8.5,1.));
#5552=CARTESIAN_POINT('',(-23.95,4.5,5.6));
#5553=CARTESIAN_POINT('',(-23.95,4.125,5.6));
#5554=CARTESIAN_POINT('',(-23.95,4.5,-2.7));
#5555=CARTESIAN_POINT('',(-23.95,4.5,1.));
#5556=CARTESIAN_POINT('',(-23.95,4.125,-2.7));
#5557=CARTESIAN_POINT('Origin',(-23.95,-5.,1.45));
#5558=CARTESIAN_POINT('',(-23.95,-3.3,1.45));
#5559=CARTESIAN_POINT('Origin',(-19.95,-5.,-3.1));
#5560=CARTESIAN_POINT('',(-23.15,-5.,-3.5));
#5561=CARTESIAN_POINT('',(-23.95,-5.,-2.7));
#5562=CARTESIAN_POINT('Origin',(-19.95,-5.,-3.5));
#5563=CARTESIAN_POINT('Origin',(12.65,-5.,-3.1));
#5564=CARTESIAN_POINT('',(15.85,-5.,-3.5));
#5565=CARTESIAN_POINT('',(16.65,-5.,-2.7));
#5566=CARTESIAN_POINT('',(15.85,-5.,-3.5));
#5567=CARTESIAN_POINT('Origin',(12.65,-5.,-2.7));
#5568=CARTESIAN_POINT('Origin',(12.65,-5.,-3.5));
#5569=CARTESIAN_POINT('Origin',(16.25,-4.375,-3.1));
#5570=CARTESIAN_POINT('',(15.85,4.5,-3.5));
#5571=CARTESIAN_POINT('',(15.85,-4.375,-3.5));
#5572=CARTESIAN_POINT('',(16.65,4.5,-2.7));
#5573=CARTESIAN_POINT('',(15.85,4.5,-3.5));
#5574=CARTESIAN_POINT('',(16.65,-4.375,-2.7));
#5575=CARTESIAN_POINT('Origin',(12.65,4.5,-3.1));
#5576=CARTESIAN_POINT('',(12.65,7.7,-3.5));
#5577=CARTESIAN_POINT('',(12.65,8.5,-2.7));
#5578=CARTESIAN_POINT('',(12.65,7.7,-3.5));
#5579=CARTESIAN_POINT('Origin',(12.65,4.5,-2.7));
#5580=CARTESIAN_POINT('Origin',(12.65,4.5,-3.5));
#5581=CARTESIAN_POINT('Origin',(5.75,8.1,-3.1));
#5582=CARTESIAN_POINT('',(-19.95,7.7,-3.5));
#5583=CARTESIAN_POINT('',(5.75,7.7,-3.5));
#5584=CARTESIAN_POINT('',(-19.95,8.5,-2.7));
#5585=CARTESIAN_POINT('',(-19.95,7.7,-3.5));
#5586=CARTESIAN_POINT('',(5.75,8.5,-2.7));
#5587=CARTESIAN_POINT('Origin',(-19.95,4.5,-3.1));
#5588=CARTESIAN_POINT('',(-23.15,4.5,-3.5));
#5589=CARTESIAN_POINT('',(-23.15,4.5,-3.5));
#5590=CARTESIAN_POINT('Origin',(-19.95,4.5,-2.7));
#5591=CARTESIAN_POINT('Origin',(-19.95,4.5,-3.5));
#5592=CARTESIAN_POINT('Origin',(-23.55,4.125,-3.1));
#5593=CARTESIAN_POINT('',(-23.15,4.125,-3.5));
#5594=CARTESIAN_POINT('Origin',(15.15,8.5,1.));
#5595=CARTESIAN_POINT('',(-19.95,8.5,5.6));
#5596=CARTESIAN_POINT('',(-19.95,8.5,1.));
#5597=CARTESIAN_POINT('',(12.65,8.5,5.6));
#5598=CARTESIAN_POINT('',(5.75,8.5,5.6));
#5599=CARTESIAN_POINT('',(12.65,8.5,1.));
#5600=CARTESIAN_POINT('Origin',(-19.95,4.5,1.));
#5601=CARTESIAN_POINT('Origin',(-19.95,4.5,5.6));
#5602=CARTESIAN_POINT('Origin',(12.65,4.5,6.));
#5603=CARTESIAN_POINT('',(15.85,4.5,6.4));
#5604=CARTESIAN_POINT('',(16.65,4.5,5.6));
#5605=CARTESIAN_POINT('',(15.85,4.5,6.4));
#5606=CARTESIAN_POINT('Origin',(12.65,4.5,5.6));
#5607=CARTESIAN_POINT('',(12.65,7.7,6.4));
#5608=CARTESIAN_POINT('',(12.65,8.5,5.6));
#5609=CARTESIAN_POINT('Origin',(12.65,4.5,6.4));
#5610=CARTESIAN_POINT('Origin',(16.25,-4.375,6.));
#5611=CARTESIAN_POINT('',(15.85,-5.,6.4));
#5612=CARTESIAN_POINT('',(15.85,-4.375,6.4));
#5613=CARTESIAN_POINT('',(16.65,-5.,5.6));
#5614=CARTESIAN_POINT('',(15.85,-5.,6.4));
#5615=CARTESIAN_POINT('',(16.65,-4.375,5.6));
#5616=CARTESIAN_POINT('Origin',(12.65,-5.,6.));
#5617=CARTESIAN_POINT('Origin',(12.65,-5.,5.6));
#5618=CARTESIAN_POINT('Origin',(12.65,-5.,6.4));
#5619=CARTESIAN_POINT('Origin',(-19.95,-5.,6.));
#5620=CARTESIAN_POINT('',(-23.15,-5.,6.4));
#5621=CARTESIAN_POINT('',(-23.15,-5.,6.4));
#5622=CARTESIAN_POINT('Origin',(-19.95,-5.,6.4));
#5623=CARTESIAN_POINT('Origin',(-23.55,4.125,6.));
#5624=CARTESIAN_POINT('',(-23.15,4.5,6.4));
#5625=CARTESIAN_POINT('',(-23.15,4.125,6.4));
#5626=CARTESIAN_POINT('',(-23.15,4.5,6.4));
#5627=CARTESIAN_POINT('Origin',(-19.95,4.5,6.));
#5628=CARTESIAN_POINT('',(-19.95,7.7,6.4));
#5629=CARTESIAN_POINT('',(-19.95,7.7,6.4));
#5630=CARTESIAN_POINT('Origin',(-19.95,4.5,6.4));
#5631=CARTESIAN_POINT('Origin',(5.75,8.1,6.));
#5632=CARTESIAN_POINT('',(5.75,7.7,6.4));
#5633=CARTESIAN_POINT('Origin',(12.65,4.5,1.));
#5634=CARTESIAN_POINT('',(16.65,4.5,1.));
#5635=CARTESIAN_POINT('Origin',(-3.65,-0.25,6.4));
#5636=CARTESIAN_POINT('',(15.15,4.5,6.4));
#5637=CARTESIAN_POINT('',(15.15,-7.5,6.4));
#5638=CARTESIAN_POINT('',(-22.45,-7.5,6.4));
#5639=CARTESIAN_POINT('',(-22.45,4.5,6.4));
#5640=CARTESIAN_POINT('',(-22.45,7.,6.4));
#5641=CARTESIAN_POINT('',(-19.95,7.,6.4));
#5642=CARTESIAN_POINT('Origin',(-19.95,4.5,6.4));
#5643=CARTESIAN_POINT('',(12.65,7.,6.4));
#5644=CARTESIAN_POINT('',(15.15,7.,6.4));
#5645=CARTESIAN_POINT('Origin',(12.65,4.5,6.4));
#5646=CARTESIAN_POINT('Origin',(12.65,4.5,5.2));
#5647=CARTESIAN_POINT('',(15.15,4.5,5.2));
#5648=CARTESIAN_POINT('',(12.65,7.,5.2));
#5649=CARTESIAN_POINT('Origin',(15.15,7.,5.2));
#5650=CARTESIAN_POINT('Origin',(-19.95,4.5,5.2));
#5651=CARTESIAN_POINT('',(-19.95,7.,5.2));
#5652=CARTESIAN_POINT('',(-22.45,4.5,5.2));
#5653=CARTESIAN_POINT('Origin',(-22.45,-7.5,5.2));
#5654=CARTESIAN_POINT('Origin',(-22.45,7.,5.2));
#5655=CARTESIAN_POINT('Origin',(15.15,-7.5,5.2));
#5656=CARTESIAN_POINT('Origin',(16.65,-8.5,1.));
#5657=CARTESIAN_POINT('',(16.65,-5.,1.));
#5658=CARTESIAN_POINT('Origin',(12.65,-5.,1.));
#5659=CARTESIAN_POINT('Origin',(-2.25,-8.19999981671572,6.39221573415678));
#5660=CARTESIAN_POINT('Origin',(-8.25,-8.19999981671572,6.39221573415678));
#5661=CARTESIAN_POINT('Origin',(-8.25,-15.5999997988343,-3.4999999217689));
#5662=CARTESIAN_POINT('',(-3.64999999999996,-32.6167425935546,12.0253448411375));
#5663=UNCERTAINTY_MEASURE_WITH_UNIT(LENGTH_MEASURE(0.01),#5669,
'DISTANCE_ACCURACY_VALUE',
'Maximum model space distance between geometric entities at asserted c
onnectivities');
#5664=UNCERTAINTY_MEASURE_WITH_UNIT(LENGTH_MEASURE(0.01),#5669,
'DISTANCE_ACCURACY_VALUE',
'Maximum model space distance between geometric entities at asserted c
onnectivities');
#5665=UNCERTAINTY_MEASURE_WITH_UNIT(LENGTH_MEASURE(0.01),#5669,
'DISTANCE_ACCURACY_VALUE',
'Maximum model space distance between geometric entities at asserted c
onnectivities');
#5666=(
GEOMETRIC_REPRESENTATION_CONTEXT(3)
GLOBAL_UNCERTAINTY_ASSIGNED_CONTEXT((#5663))
GLOBAL_UNIT_ASSIGNED_CONTEXT((#5669,#5671,#5672))
REPRESENTATION_CONTEXT('','3D')
);
#5667=(
GEOMETRIC_REPRESENTATION_CONTEXT(3)
GLOBAL_UNCERTAINTY_ASSIGNED_CONTEXT((#5664))
GLOBAL_UNIT_ASSIGNED_CONTEXT((#5669,#5671,#5672))
REPRESENTATION_CONTEXT('','3D')
);
#5668=(
GEOMETRIC_REPRESENTATION_CONTEXT(3)
GLOBAL_UNCERTAINTY_ASSIGNED_CONTEXT((#5665))
GLOBAL_UNIT_ASSIGNED_CONTEXT((#5669,#5671,#5672))
REPRESENTATION_CONTEXT('','3D')
);
#5669=(
LENGTH_UNIT()
NAMED_UNIT(*)
SI_UNIT(.MILLI.,.METRE.)
);
#5670=(
LENGTH_UNIT()
NAMED_UNIT(*)
SI_UNIT($,.METRE.)
);
#5671=(
NAMED_UNIT(*)
PLANE_ANGLE_UNIT()
SI_UNIT($,.RADIAN.)
);
#5672=(
NAMED_UNIT(*)
SI_UNIT($,.STERADIAN.)
SOLID_ANGLE_UNIT()
);
#5673=SHAPE_DEFINITION_REPRESENTATION(#5675,#5678);
#5674=SHAPE_DEFINITION_REPRESENTATION(#5676,#5679);
#5675=PRODUCT_DEFINITION_SHAPE('',$,#5681);
#5676=PRODUCT_DEFINITION_SHAPE('',$,#5682);
#5677=PRODUCT_DEFINITION_SHAPE($,$,#14);
#5678=SHAPE_REPRESENTATION('',(#3208,#3516),#5666);
#5679=SHAPE_REPRESENTATION('',(#3209),#5667);
#5680=PRODUCT_DEFINITION_CONTEXT('part definition',#5688,'design');
#5681=PRODUCT_DEFINITION('FlowLip','FlowLip v13',#5683,#5680);
#5682=PRODUCT_DEFINITION('Valve_Index_Facial_Tracker v10',
'Valve_Index_Facial_Tracker v10',#5684,#5680);
#5683=PRODUCT_DEFINITION_FORMATION('',$,#5690);
#5684=PRODUCT_DEFINITION_FORMATION('',$,#5691);
#5685=PRODUCT_RELATED_PRODUCT_CATEGORY('FlowLip v13','FlowLip v13',(#5690));
#5686=PRODUCT_RELATED_PRODUCT_CATEGORY('Valve_Index_Facial_Tracker v10',
'Valve_Index_Facial_Tracker v10',(#5691));
#5687=APPLICATION_PROTOCOL_DEFINITION('international standard',
'automotive_design',2009,#5688);
#5688=APPLICATION_CONTEXT(
'Core Data for Automotive Mechanical Design Process');
#5689=PRODUCT_CONTEXT('part definition',#5688,'mechanical');
#5690=PRODUCT('FlowLip','FlowLip v13',$,(#5689));
#5691=PRODUCT('Valve_Index_Facial_Tracker v10',
'Valve_Index_Facial_Tracker v10',$,(#5689));
#5692=PRESENTATION_STYLE_ASSIGNMENT((#5701));
#5693=PRESENTATION_STYLE_ASSIGNMENT((#5702));
#5694=PRESENTATION_STYLE_ASSIGNMENT((#5703));
#5695=PRESENTATION_STYLE_ASSIGNMENT((#5704));
#5696=PRESENTATION_STYLE_ASSIGNMENT((#5705));
#5697=PRESENTATION_STYLE_ASSIGNMENT((#5706));
#5698=PRESENTATION_STYLE_ASSIGNMENT((#5707));
#5699=PRESENTATION_STYLE_ASSIGNMENT((#5708));
#5700=PRESENTATION_STYLE_ASSIGNMENT((#5709));
#5701=SURFACE_STYLE_USAGE(.BOTH.,#5710);
#5702=SURFACE_STYLE_USAGE(.BOTH.,#5711);
#5703=SURFACE_STYLE_USAGE(.BOTH.,#5712);
#5704=SURFACE_STYLE_USAGE(.BOTH.,#5713);
#5705=SURFACE_STYLE_USAGE(.BOTH.,#5714);
#5706=SURFACE_STYLE_USAGE(.BOTH.,#5715);
#5707=SURFACE_STYLE_USAGE(.BOTH.,#5716);
#5708=SURFACE_STYLE_USAGE(.BOTH.,#5717);
#5709=SURFACE_STYLE_USAGE(.BOTH.,#5718);
#5710=SURFACE_SIDE_STYLE('',(#5719));
#5711=SURFACE_SIDE_STYLE('',(#5720));
#5712=SURFACE_SIDE_STYLE('',(#5721));
#5713=SURFACE_SIDE_STYLE('',(#5722));
#5714=SURFACE_SIDE_STYLE('',(#5723));
#5715=SURFACE_SIDE_STYLE('',(#5724));
#5716=SURFACE_SIDE_STYLE('',(#5725));
#5717=SURFACE_SIDE_STYLE('',(#5726));
#5718=SURFACE_SIDE_STYLE('',(#5727));
#5719=SURFACE_STYLE_FILL_AREA(#5728);
#5720=SURFACE_STYLE_FILL_AREA(#5729);
#5721=SURFACE_STYLE_FILL_AREA(#5730);
#5722=SURFACE_STYLE_FILL_AREA(#5731);
#5723=SURFACE_STYLE_FILL_AREA(#5732);
#5724=SURFACE_STYLE_FILL_AREA(#5733);
#5725=SURFACE_STYLE_FILL_AREA(#5734);
#5726=SURFACE_STYLE_FILL_AREA(#5735);
#5727=SURFACE_STYLE_FILL_AREA(#5736);
#5728=FILL_AREA_STYLE('\X2\92FC\X0\ - \X2\30B530C630F3\X0\',(#5737));
#5729=FILL_AREA_STYLE(
'PEKK - \X2\70AD7D207E4A7DAD5F37531630DD30EA30A830FC30C630EB30B130C830F330B130C830F3\X0\ 
- HT-23 (EOS P 810 3D \X2\30D730EA30F330BF4F7F7528\X0\)',(#5738));
#5730=FILL_AREA_STYLE(
'PA 12 - Nylon - PA 603-CF (EOS P 3D \X2\30D730EA30F330BF4F7F7528\X0\)',
(#5739));
#5731=FILL_AREA_STYLE('ABS(\X2\767D\X0\)',(#5740));
#5732=FILL_AREA_STYLE('\X2\30A230AF30EA30EB\X0\(\X2\30AF30EA30A2\X0\)',
(#5741));
#5733=FILL_AREA_STYLE('\X2\30A230AF30EA30EB\X0\(\X2\8D64\X0\)',(#5742));
#5734=FILL_AREA_STYLE('ABS(\X2\767D\X0\)',(#5743));
#5735=FILL_AREA_STYLE(
'PA 11 - Nylon- HP 11-30 (EOS P 396 3D \X2\30D730EA30F330BF4F7F7528\X0\)',
(#5744));
#5736=FILL_AREA_STYLE(
'HP 3D HR CB PA 12 (HP Jet Fusion 580 \X2\30AB30E930FC\X0\ 3D \X2\30D730EA30F330BF30FC4F7F7528\X0\)',
(#5745));
#5737=FILL_AREA_STYLE_COLOUR('\X2\92FC\X0\ - \X2\30B530C630F3\X0\',#5746);
#5738=FILL_AREA_STYLE_COLOUR(
'PEKK - \X2\70AD7D207E4A7DAD5F37531630DD30EA30A830FC30C630EB30B130C830F330B130C830F3\X0\ 
- HT-23 (EOS P 810 3D \X2\30D730EA30F330BF4F7F7528\X0\)',#5747);
#5739=FILL_AREA_STYLE_COLOUR(
'PA 12 - Nylon - PA 603-CF (EOS P 3D \X2\30D730EA30F330BF4F7F7528\X0\)',
#5748);
#5740=FILL_AREA_STYLE_COLOUR('ABS(\X2\767D\X0\)',#5749);
#5741=FILL_AREA_STYLE_COLOUR('\X2\30A230AF30EA30EB\X0\(\X2\30AF30EA30A2\X0\)',
#5750);
#5742=FILL_AREA_STYLE_COLOUR('\X2\30A230AF30EA30EB\X0\(\X2\8D64\X0\)',#5751);
#5743=FILL_AREA_STYLE_COLOUR('ABS(\X2\767D\X0\)',#5752);
#5744=FILL_AREA_STYLE_COLOUR(
'PA 11 - Nylon- HP 11-30 (EOS P 396 3D \X2\30D730EA30F330BF4F7F7528\X0\)',
#5753);
#5745=FILL_AREA_STYLE_COLOUR(
'HP 3D HR CB PA 12 (HP Jet Fusion 580 \X2\30AB30E930FC\X0\ 3D \X2\30D730EA30F330BF30FC4F7F7528\X0\)',
#5754);
#5746=COLOUR_RGB('\X2\92FC\X0\ - \X2\30B530C630F3\X0\',0.627450980392157,
0.627450980392157,0.627450980392157);
#5747=COLOUR_RGB(
'PEKK - \X2\70AD7D207E4A7DAD5F37531630DD30EA30A830FC30C630EB30B130C830F330B130C830F3\X0\ 
- HT-23 (EOS P 810 3D \X2\30D730EA30F330BF4F7F7528\X0\)',0.352941176470588,
0.352941176470588,0.352941176470588);
#5748=COLOUR_RGB(
'PA 12 - Nylon - PA 603-CF (EOS P 3D \X2\30D730EA30F330BF4F7F7528\X0\)',
0.247058823529412,0.247058823529412,0.247058823529412);
#5749=COLOUR_RGB('ABS(\X2\767D\X0\)',0.964705882352941,0.964705882352941,
0.952941176470588);
#5750=COLOUR_RGB('\X2\30A230AF30EA30EB\X0\(\X2\30AF30EA30A2\X0\)',0.964705882352941,
0.964705882352941,0.952941176470588);
#5751=COLOUR_RGB('\X2\30A230AF30EA30EB\X0\(\X2\8D64\X0\)',0.23921568627451,
0.23921568627451,0.23921568627451);
#5752=COLOUR_RGB('ABS(\X2\767D\X0\)',0.580392156862745,0.580392156862745,
0.580392156862745);
#5753=COLOUR_RGB(
'PA 11 - Nylon- HP 11-30 (EOS P 396 3D \X2\30D730EA30F330BF4F7F7528\X0\)',
0.545098039215686,0.545098039215686,0.545098039215686);
#5754=COLOUR_RGB(
'HP 3D HR CB PA 12 (HP Jet Fusion 580 \X2\30AB30E930FC\X0\ 3D \X2\30D730EA30F330BF30FC4F7F7528\X0\)',
1.,1.,1.);
ENDSEC;
END-ISO-10303-21;
